priority,source,id,title,year,url,url_type,access,target_path,note
P1,backlog-csv,konkurransetilsynet-2024,Kartlegging av innkjopspriser 2017-2023,2024,https://konkurransetilsynet.no/dagligvare-forskjeller-i-innkjopspriser-ytterligere-redusert/,landing_html,unknown,research/evidence-pack/tilsyn/innkjopspriser-2017-2023.pdf,register_as_manual_html_capture_not_official_attachment
P1,reports.ts,matsystemutvalget-2026,Matsystemutvalget — Status 2026,2026,https://nettsteder.regjeringen.no/matsystemutvalget/,landing_page,unknown,research/evidence-pack/offentlig/matsystemutvalget-2026.pdf,report; inst=Matsystemutvalget
P1,reports.ts,meld-st-4-dagligvare,Status dagligvaretiltak (10-punktsplanen),2024,https://www.regjeringen.no/no/dokumenter/meld.-st.-4-20242025/id3056808/,landing_page,unknown,research/evidence-pack/offentlig/meld-st-4-dagligvare.pdf,report; inst=Naerings- og fiskeridepartementet
P1,reports.ts,kt-markedsundersokelser-2026,Markedsundersokelser § 14 — Status,2026,https://www.regjeringen.no/no/aktuelt/i-dag-far-konkurransetilsynet-et-nytt-verktoy-for-a-bekjempe-alvorlige-konkurranseproblemer/id3113837/,landing_page,unknown,research/evidence-pack/konkurransetilsyn/kt-markedsundersokelser-2026.pdf,report; inst=Konkurransetilsynet
P1,reports.ts,kkv-fi-4a-dominans,KKV — Konkurranseloven § 4a (Dominans),2014,https://www.kkv.fi/en/facts-and-advice/competition-affairs/abuse-of-dominant-position/maaraava-markkina-asema-paivittaistavarakaupassa/,landing_page,unknown,research/evidence-pack/konkurransetilsyn/kkv-fi-4a-dominans.pdf,report; inst=KKV
P1,reports.ts,is-markedsstruktur-2024,Island — Markedskonsentrasjon og vertikal integrasjon,2024,https://www.samkeppni.is/urlausnir/skyrslur/,landing_page,unknown,research/evidence-pack/konkurransetilsyn/is-markedsstruktur-2024.pdf,report; inst=Samkeppniseftirlitid
P1,reports.ts,asko-infrastruktur-2025,ASKO — Infrastruktur og Logistikkmakt,2025,https://asko.no/en/about-us/,landing_page,unknown,research/evidence-pack/bransje/asko-infrastruktur-2025.pdf,report; inst=ASKO / NorgesGruppen
P1,reports.ts,dagligvarerapporten-2025,Dagligvarerapporten 2025,2025,https://www.virke.no/analyse/statistikk-rapporter/dagligvarehandelen/,landing_page,unknown,research/evidence-pack/bransje/dagligvarerapporten-2025.pdf,report; inst=Virke Handel
P1,reports.ts,dlf-leverandor-2025,DLF leverandorposisjoner 2025,2025,https://www.dlf.no/dagligvaretilsynet-legges-ned-konkurransetilsynet-far-mer-ansvar/,landing_page,unknown,research/evidence-pack/bransje/dlf-leverandor-2025.pdf,report; inst=DLF
P1,reports.ts,nbs-systemkritikk,NBS — Systemkritikk,2025,https://www.smabrukarlaget.no/politikk/mat-og-produksjon/,landing_page,unknown,research/evidence-pack/bransje/nbs-systemkritikk.pdf,report; inst=Norsk Bonde- og Smaabrukarlag
P1,reports.ts,menon-emv-innovasjon,Menon — EMV og Innovasjon,2022,https://www.menon.no/wp-content/uploads/2022-68-EMV-og-innovasjon-i-dagligvare.pdf,direct_pdf,unknown,research/evidence-pack/konsulentrapport/menon-emv-innovasjon.pdf,report; inst=Menon Economics
P1,reports.ts,soa-emv-2023,SOA — EMV og Vertikal integrasjon,2023,https://www.regjeringen.no/contentassets/41847427caa14feb8b8578af3d6d45bc/r15-2023-kartlegging-av-egne-merkevarer-og-vertikal-integrasjon-i-dagligvaremarkedet.pdf,direct_pdf,unknown,research/evidence-pack/konsulentrapport/soa-emv-2023.pdf,report; inst=Samfunnsokonomisk Analyse
P1,reports.ts,civita-manifest-debatt,Civita vs. Manifest — Matmaktdebatten,2023,https://civita.no/okonomi/naeringspolitikk/svak-konkurranse-som-fortjent/,landing_page,unknown,research/evidence-pack/tenketank/civita-manifest-debatt.pdf,report; inst=
P1,reports.ts,norden-policy-2024,Nordisk Ministerraad — Policyverktoey 2024,2024,https://pub.norden.org/nord2024-007/index.html,landing_page,unknown,research/evidence-pack/tenketank/norden-policy-2024.pdf,report; inst=Nordisk Ministerraad
P1,reports.ts,beredskap-finsk-modell-hvk,Finsk matberedskap — HVK-modellen,2024,https://www.huoltovarmuuskeskus.fi/en/security-of-supply,landing_page,unknown,research/evidence-pack/beredskap/beredskap-finsk-modell-hvk.pdf,report; inst=Huoltovarmuuskeskus (HVK)
P1,reports.ts,beredskap-island-melmolle-2025,Islands melmolle og matsuverenitet,2025,https://www.icelandreview.com/news/icelands-only-flour-mill-set-to-be-scrapped/,landing_page,unknown,research/evidence-pack/beredskap/beredskap-island-melmolle-2025.pdf,report; inst=Kornax / Iceland Review / RUV
P1,reports.ts,beredskap-nibio-selvforsyning-metode,NIBIO: Metode for selvforsyningsberegning,2024,https://nibio.brage.unit.no/nibio-xmlui/bitstream/handle/11250/3105805/NIBIO_RAPPORT_2023_9_137.pdf,direct_pdf,unknown,research/evidence-pack/beredskap/beredskap-nibio-selvforsyning-metode.pdf,report; inst=NIBIO (Norsk institutt for biookonomi)
P1,reports.ts,sirkularitet-definisjoner-wur-emf,Sirkulaer okonomi i matsystemer — definisjoner,2023,https://www.ellenmacarthurfoundation.org/topics/food/overview,landing_page,unknown,research/evidence-pack/sirkularitet/sirkularitet-definisjoner-wur-emf.pdf,report; inst=Wageningen University / Ellen MacArthur Foundation
P1,reports.ts,juridisk-eiendomsmakt-lokal-konkurranse,Eiendomsmakt og lokal konkurranse,2024,https://www.regjeringen.no/no/aktuelt/forbyr-praksis-som-motvirker-konkurranse-i-dagligvaremarkedet/id2985486/,landing_page,unknown,research/evidence-pack/juridisk/juridisk-eiendomsmakt-lokal-konkurranse.pdf,report; inst=Dagligvaretilsynet / juridisk analyse
P1,reports.ts,juridisk-eudr-norge-2025,EUDR og norsk dagligvare,2025,https://www.landbruksdirektoratet.no/nb/skogbruk/eus-avskogingsforordning-eudr,landing_page,unknown,research/evidence-pack/juridisk/juridisk-eudr-norge-2025.pdf,report; inst=EU / norsk implementering
P1,reports.ts,akademia-sifo-retail-media-2025,SIFO: Retail media og forbrukermakt,2025,https://www.oslomet.no/om/sifo/publikasjoner,landing_page,unknown,research/evidence-pack/akademia/akademia-sifo-retail-media-2025.pdf,report; inst=SIFO / OsloMet
P1,reports.ts,akademia-nhh-butikkstruktur-2024,NHH: Butikkstruktur og lokal konkurranse,2024,https://www.nhh.no/en/research-centres/food/,landing_page,unknown,research/evidence-pack/akademia/akademia-nhh-butikkstruktur-2024.pdf,report; inst=NHH — Norges Handelshoyskole
P1,reports.ts,akademia-uib-kjopermakt,UiB: Kjoepermakt i nordisk dagligvare,2024,https://www.uib.no/en/persons/Tommy.Gabrielsen,landing_page,unknown,research/evidence-pack/akademia/akademia-uib-kjopermakt.pdf,report; inst=Universitetet i Bergen
P1,reports.ts,oversikt-bransje-statistikk-beredskap,Bransjestatistikk og beredskapstall,2024,https://www.virke.no/bransjeomrade/dagligvare/,landing_page,unknown,research/evidence-pack/oversikt/oversikt-bransje-statistikk-beredskap.pdf,"report; inst=Diverse kilder (Nielsen, SSB, dagligvaretilsynet)"
P1,reports.ts,oversikt-akademia-dyp-research,Akademisk forskning paa nordisk dagligvare — oversikt,2025,https://press.nordicopenaccess.no/index.php/noasp/catalog/book/93,landing_page,unknown,research/evidence-pack/oversikt/oversikt-akademia-dyp-research.pdf,report; inst=Egenkartlegging
P1,reports.ts,pubmed-van-der-fels-klerx-2024,Framework for evaluation of food safety in circular food systems,2024,https://doi.org/10.1038/s41538-024-00276-9,doi,unknown,research/evidence-pack/akademia/pubmed-van-der-fels-klerx-2024.pdf,report; inst=Wageningen University / RIVM
P1,reports.ts,pubmed-van-leeuwen-2024,A novel approach to identify knowledge gaps on food safety in circular food systems,2024,https://doi.org/10.1038/s41538-024-00265-y,doi,unknown,research/evidence-pack/akademia/pubmed-van-leeuwen-2024.pdf,report; inst=Wageningen University / RIVM
P1,reports.ts,pubmed-hiis-2024,Unlocking bacterial potential to reduce farmland N2O emissions,2024,https://doi.org/10.1038/s41586-024-07464-3,doi,unknown,research/evidence-pack/akademia/pubmed-hiis-2024.pdf,report; inst=NMBU
P1,reports.ts,pubmed-recanati-2019,Assessing the role of CAP for more sustainable and healthier food systems in Europe,2019,https://doi.org/10.1016/j.scitotenv.2018.10.377,doi,unknown,research/evidence-pack/akademia/pubmed-recanati-2019.pdf,report; inst=BCFN Foundation / Universita degli Studi di Milano
P1,reports.ts,pubmed-szulecka-2024,Food waste governance architectures in four European countries,2024,https://doi.org/10.1002/gch2.202300265,doi,unknown,research/evidence-pack/akademia/pubmed-szulecka-2024.pdf,report; inst=Wageningen / div. europeiske univ.
P1,reports.ts,pubmed-javourez-2021,Waste-to-nutrition: a review of current and emerging conversion pathways,2021,https://doi.org/10.1016/j.biotechadv.2021.107857,doi,unknown,research/evidence-pack/akademia/pubmed-javourez-2021.pdf,report; inst=University College Dublin
P1,reports.ts,pubmed-wohner-2020,Environmental and economic assessment of food-packaging systems with a focus on food waste,2020,https://doi.org/10.1016/j.scitotenv.2020.139846,doi,unknown,research/evidence-pack/akademia/pubmed-wohner-2020.pdf,report; inst=FH Campus Wien / Universitat fur Bodenkultur
P1,reports.ts,van-zanten-circularity-2023,Circularity in Europe strengthens the sustainability of the global food system,2023,https://www.nature.com/articles/s43016-023-00734-9,landing_page,unknown,research/evidence-pack/akademia/van-zanten-circularity-2023.pdf,report; inst=Wageningen University
P1,reports.ts,plantefonden-projects-2023-2025,Plantefonden — projekter og bevillinger 2023-2025,2025,https://plantefonden.dk/,landing_page,unknown,research/evidence-pack/bransje/plantefonden-projects-2023-2025.pdf,"report; inst=Plantefonden / Foedevare-, Landbrugs- og Fiskeristyrelsen"
P1,reports.ts,kbh-food-strategy-madhus,Koebenhavns Madhus — maaltidstrategi og status,2025,https://maaltider.kk.dk/for-koebenhavnere/mad-og-maaltidsstrategi,landing_page,unknown,research/evidence-pack/bransje/kbh-food-strategy-madhus.pdf,report; inst=Koebenhavns Madhus / Koebenhavns Kommune
P1,reports.ts,motiva-food-procurement-2026,"Guide for Responsible Procurement of Food (Motiva, januar 2026)",2026,https://www.motiva.fi/en/databank/guide-for-the-responsible-procurement-of-food-recommendations-for-requirements-and-evaluation-criteria/,landing_page,unknown,research/evidence-pack/offentlig/motiva-food-procurement-2026.pdf,report; inst=Motiva Oy
P1,reports.ts,arla-farmahead-check-2024,Arla FarmAhead Check — Sustainability Incentive Model 2024,2024,https://www.arla.com/sustainability/,landing_page,unknown,research/evidence-pack/bransje/arla-farmahead-check-2024.pdf,report; inst=Arla Foods amba
P1,reports.ts,sodertaelje-diet-green-planet,Soedertaelje — Diet for a Green Planet,2023,https://www.diva-portal.org/smash/record.jsf?pid=diva2%3A1915414,landing_page,unknown,research/evidence-pack/akademia/sodertaelje-diet-green-planet.pdf,report; inst=Soedertaelje Kommun / DIVA Portal
P1,theses.ts,barbakken-hausken-2006,Det norske dagligvaremarkedet: relasjoner mellom detaljist og produsent,2006,https://openaccess.nhh.no/nhh-xmlui/handle/11250/167473,landing_page,open,research/evidence-pack/akademia/barbakken-hausken-2006.pdf,thesis; inst=NHH
P1,theses.ts,kronqvist-2010,Consumer-owned retail cooperative in duopoly with horizontally differentiated goods,2010,https://aaltodoc.aalto.fi/handle/123456789/523,landing_page,open,research/evidence-pack/akademia/kronqvist-2010.pdf,thesis; inst=Aalto University
P1,theses.ts,halseth-phd-2024,Competition and Grocery Retail Formats: Empirical Evidence from a Horizontal Acquisition in Norway,2024,https://www.cresse.info/wp-content/uploads/2023/09/2023_ps13_pa2_Strom-Halseth.pdf,direct_pdf,open,research/evidence-pack/akademia/halseth-phd-2024.pdf,thesis; inst=NHH / BECCLE
P1,theses.ts,hebrok-phd-2020,Food Waste: A practice-oriented design for sustainability approach,2020,https://hdl.handle.net/11250/2676125,landing_page,open,research/evidence-pack/akademia/hebrok-phd-2020.pdf,thesis; inst=OsloMet / SIFO
P1,theses.ts,eriksson-phd-2015,Supermarket food waste: Prevention and management,2015,https://pub.epsilon.slu.se/12756/,landing_page,open,research/evidence-pack/akademia/eriksson-phd-2015.pdf,thesis; inst=SLU Uppsala
P1,theses.ts,albizzati-phd-2021,Sustainability Assessment of Food Waste Management,2021,https://orbit.dtu.dk/en/publications/sustainability-assessment-of-food-waste-management,landing_page,open,research/evidence-pack/akademia/albizzati-phd-2021.pdf,thesis; inst=DTU
P1,theses.ts,esposito-2022,Nar matsvinn blir et politikkomrade,2022,https://bora.uib.no/bora-xmlui/handle/11250/3010552,landing_page,open,research/evidence-pack/akademia/esposito-2022.pdf,thesis; inst=UiB
P1,theses.ts,deljanin-2015,Market's imperfections — Building a concerned market for food waste,2015,http://studenttheses.cbs.dk/bitstream/handle/10417/5762/sarah_roxenne_deljanin.pdf?sequence=1,direct_pdf,open,research/evidence-pack/akademia/deljanin-2015.pdf,thesis; inst=CBS
P1,theses.ts,burgherr-2019,Food waste in Reykjavik — comparison 2015 vs 2018,2019,https://skemman.is/handle/1946/32307,landing_page,open,research/evidence-pack/akademia/burgherr-2019.pdf,thesis; inst=University of Iceland
P1,theses.ts,stein-2022,Sustainable food procurement in public catering: UK vs DK/SE,2022,https://salford-repository.worktribe.com/output/1322952/sustainable-food-procurement-in-public-catering-comparison-of-the-uk-with-denmark-sweden,landing_page,open,research/evidence-pack/akademia/stein-2022.pdf,thesis; inst=University of Salford
P1,theses.ts,steien-2016,Matsikkerhet i Norge — er forsyningsberedskapen tilstrekkelig?,2016,https://munin.uit.no/handle/10037/10932,landing_page,open,research/evidence-pack/akademia/steien-2016.pdf,thesis; inst=UiT
P1,theses.ts,simonsen-2017,Digitaliseringen av norsk dagligvarehandel,2017,https://ntnuopen.ntnu.no/ntnu-xmlui/handle/11250/2456020,landing_page,open,research/evidence-pack/akademia/simonsen-2017.pdf,thesis; inst=NTNU
P1,theses.ts,granlund-lindskog-2024,The Status of Operational Technology Cybersecurity within The Norwegian Food Supply Sector,2024,https://ntnuopen.ntnu.no/ntnu-xmlui/handle/11250/3156088,landing_page,open,research/evidence-pack/akademia/granlund-lindskog-2024.pdf,thesis; inst=NTNU
P1,theses.ts,sandbraaten-2023,Hvordan kan Norge vri matkonsumet gronnere?,2023,https://www.duo.uio.no/handle/10852/103341,landing_page,open,research/evidence-pack/akademia/sandbraaten-2023.pdf,thesis; inst=UiO
P1,theses.ts,tallaksen-2022,Mot baerekraftige kostholdsendringer,2022,https://uia.brage.unit.no/uia-xmlui/handle/11250/3008873,landing_page,open,research/evidence-pack/akademia/tallaksen-2022.pdf,thesis; inst=UiO
P1,theses.ts,vangelsten-2017,Mot et baerekraftig norsk matsystem: Effekt pa selvforsyningsgrad og norsk jordbruk ved redusert konsum av kjott,2017,https://nordopen.nord.no/nord-xmlui/handle/11250/2491452,landing_page,open,research/evidence-pack/akademia/vangelsten-2017.pdf,thesis; inst=Nord Universitet
P1,theses.ts,moe-2018,Alternative Food Networks — the Case of CSA in Norway,2018,https://nmbu.brage.unit.no/nmbu-xmlui/handle/11250/2569075,landing_page,open,research/evidence-pack/akademia/moe-2018.pdf,thesis; inst=NMBU
P1,theses.ts,jevne-schiotz-2021,"Digitaliseringsstrategier for alternative matsystemer, med utgangspunkt i REKO-ringen",2021,https://nmbu.brage.unit.no/nmbu-xmlui/handle/11250/2788657,landing_page,open,research/evidence-pack/akademia/jevne-schiotz-2021.pdf,thesis; inst=NMBU
P1,theses.ts,tesdal-2013,Nokkelhull pa matvarer — private aktorers okonomiske interesser og konsekvensene for myndighetenes merkeordning,2013,https://www.duo.uio.no/handle/10852/34009,landing_page,open,research/evidence-pack/akademia/tesdal-2013.pdf,thesis; inst=UiO
P1,theses.ts,handlykken-2023,Nudging som atferdsoekonomisk virkemiddel for forbrukeratferd i dagligvare,2023,https://oda.oslomet.no/oda-xmlui/handle/11250/3101983,landing_page,open,research/evidence-pack/akademia/handlykken-2023.pdf,thesis; inst=OsloMet
P1,theses.ts,paschen-eriksen-2014,Matpolitikk i Norge — fremdeles norsk? Norsk forvaltnings arbeid med politikkutvikling innenfor EOS,2014,https://uia.brage.unit.no/uia-xmlui/handle/11250/276369,landing_page,open,research/evidence-pack/akademia/paschen-eriksen-2014.pdf,thesis; inst=UiA
P1,theses.ts,storm-teigland-2017,The Business of Food Waste: A Case Study of REMA 1000,2017,https://research.cbs.dk/en/studentProjects/f94eaa1d-15c1-404b-8e1b-b7ce56fe317d,landing_page,open,research/evidence-pack/akademia/storm-teigland-2017.pdf,thesis; inst=CBS
P1,theses.ts,schuler-2017,Food Loss and Waste in the Fresh Potato Supply Chain of Denmark,2017,https://research.cbs.dk/da/studentProjects/4d595881-09e8-4903-a8ee-8884cb878a8b,landing_page,open,research/evidence-pack/akademia/schuler-2017.pdf,thesis; inst=CBS
P1,theses.ts,nielsen-andersen-2016,Danish Grocery Retail: Does Preference Structure Influence the Perception of Price and Quality?,2016,https://research.cbs.dk/en/studentProjects/danish-grocery-retail-does-preference-structure-influence-the-per,landing_page,open,research/evidence-pack/akademia/nielsen-andersen-2016.pdf,thesis; inst=CBS
P1,theses.ts,syroegina-2016,Retailer\'s role in reducing food waste: Case study of Finnish retailers,2016,https://aaltodoc.aalto.fi/handle/123456789/21500,landing_page,open,research/evidence-pack/akademia/syroegina-2016.pdf,thesis; inst=Aalto University
P1,theses.ts,naess-2024,To-rolle-plattformer og egne merkevarer: en analyse av konkurranse- og velferdseffekter,2024,https://www.uib.no/econ/38279/masteroppgaver,landing_page,open,research/evidence-pack/akademia/naess-2024.pdf,thesis; inst=UiB
P1,theses.ts,hagan-2025,The Impact of Food Loss and Waste Reduction Practices on Consumer Grocery Store Choice,2025,https://trace.tennessee.edu/cgi/viewcontent.cgi?article=14738&context=utk_gradthes,landing_page,open,research/evidence-pack/akademia/hagan-2025.pdf,thesis; inst=University of Tennessee
P1,theses.ts,segersven-2024,Development of risk management and resilience of supply chains in Finnish food industry companies post-COVID-19,2024,https://urn.fi/URN:NBN:fi-fe2024043024001,landing_page,open,research/evidence-pack/akademia/segersven-2024.pdf,thesis; inst=LUT University
P1,theses.ts,lund-beijer-2026,Impact of food retail market power on small food producers in Sweden: Challenges and opportunities,2026,https://www.sciencedirect.com/science/article/pii/S305083552600001X,landing_page,open,research/evidence-pack/akademia/lund-beijer-2026.pdf,thesis; inst=Lund University
P1,theses.ts,desilva-2023,Circular value creation in the Swedish seafood processing industry,2023,https://gupea.ub.gu.se/bitstreams/6e66da02-1db0-42e1-9271-dab77e2ec243/download,landing_page,open,research/evidence-pack/akademia/desilva-2023.pdf,thesis; inst=University of Gothenburg
P1,theses.ts,slu-house-crickets-2025,Integrating house crickets in circular food systems,2025,https://pub.epsilon.slu.se/id/document/20453027,landing_page,open,research/evidence-pack/akademia/slu-house-crickets-2025.pdf,thesis; inst=Swedish University of Agricultural Sciences (SLU)
P1,theses.ts,bojo-2023,Circular food systems: a content and discourse analysis,2023,https://kth.diva-portal.org/smash/get/diva2:1802630/FULLTEXT01.pdf,direct_pdf,open,research/evidence-pack/akademia/bojo-2023.pdf,thesis; inst=KTH
P1,theses.ts,mirza-2016,Circular economy in the food and retail industry: a case study of ICA,2016,https://uu.diva-portal.org/smash/get/diva2:938165/FULLTEXT01.pdf,direct_pdf,open,research/evidence-pack/akademia/mirza-2016.pdf,thesis; inst=Uppsala University
P1,theses.ts,van-straten-2025,Circular business models in Finnish food companies,2025,https://www.diva-portal.org/smash/get/diva2:2041632/FULLTEXT01.pdf,direct_pdf,open,research/evidence-pack/akademia/van-straten-2025.pdf,thesis; inst=Södertörn University
P1,theses.ts,bueso-bordils-2021,Circular economy mapping on Bornholm island,2021,https://vbn.aau.dk/ws/files/423552694/Master_Thesis_Vicente_Bueso_Bordils.pdf,direct_pdf,open,research/evidence-pack/akademia/bueso-bordils-2021.pdf,thesis; inst=Aalborg University
P1,theses.ts,nmbu-circular-vegetables-2022,Barriers and drivers to a circular economy for vegetables in the Norwegian food sector,2022,https://agris.fao.org/search/en/providers/122576/records/6474afcaf2e6fe92b3632ace,landing_page,open,research/evidence-pack/akademia/nmbu-circular-vegetables-2022.pdf,thesis; inst=NMBU
P2,pubmed-wave1,meltzer-hm-2025-what-is-a-sustainable-diet,What is a sustainable diet in the Norwegian context?,2025,https://doi.org/10.1177/14034948241269763,doi,paywalled,research/evidence-pack/akademia/pubmed/meltzer-hm-2025-what-is-a-sustainable-diet.pdf,metadata_only
P2,pubmed-wave1,parra-lopez-c-2026-enabling-the-circular-food-economy,Enabling the Circular Food Economy Through Industry 4.0,2026,https://onlinelibrary.wiley.com/doi/pdfdirect/10.1111/1541-4337.70431,landing_page,open,research/evidence-pack/akademia/pubmed/parra-lopez-c-2026-enabling-the-circular-food-economy.pdf,curl download failed
P2,pubmed-wave1,stoknes-k-2016-efficiency-of-a-novel-food,"Efficiency of a novel ""Food to waste to food"" system",2016,https://doi.org/10.1016/j.wasman.2016.06.027,doi,paywalled,research/evidence-pack/akademia/pubmed/stoknes-k-2016-efficiency-of-a-novel-food.pdf,metadata_only
P2,pubmed-wave1,feng-l-2023-developing-a-biogas-centralised-circular,Developing a biogas centralised circular bioeconomy using agricultural residues,2023,https://doi.org/10.1016/j.scitotenv.2023.161656,doi,paywalled,research/evidence-pack/akademia/pubmed/feng-l-2023-developing-a-biogas-centralised-circular.pdf,metadata_only
P2,pubmed-wave1,aschemann-witzel-j-2017-consumer-behaviour-towards-price-reduced,Consumer behaviour towards price-reduced suboptimal foods,2017,https://doi.org/10.1016/j.appet.2017.05.013,doi,paywalled,research/evidence-pack/akademia/pubmed/aschemann-witzel-j-2017-consumer-behaviour-towards-price-reduced.pdf,metadata_only
P2,pubmed-wave1,gebreeyessus-gd-2022-towards-the-sustainable-and-circular,Towards the sustainable and circular bioeconomy: Insights on spent coffee grounds valorization,2022,https://doi.org/10.1016/j.scitotenv.2022.155113,doi,paywalled,research/evidence-pack/akademia/pubmed/gebreeyessus-gd-2022-towards-the-sustainable-and-circular.pdf,metadata_only
P2,pubmed-wave1,falch-e-2026-maximizing-the-utilization-of-seafood,Maximizing the utilization of seafood resources,2026,https://doi.org/10.1016/bs.afnr.2025.08.001,doi,paywalled,research/evidence-pack/akademia/pubmed/falch-e-2026-maximizing-the-utilization-of-seafood.pdf,metadata_only
P2,sources.ts,src-13,Foreslår nye hovedmål for inntektsmåling og analyserer primærprodusentens kår.,,https://www.regjeringen.no/no/dokumenter/nou-2022-14/id2930144/,landing_page,unknown,research/evidence-pack/offentlig/src-13.pdf,sourcedoc; filename=nou-2022-14-sammendrag.md
P2,sources.ts,src-16,Kritisk analyse av systemets sårbarhet og manglende kriseplanlegging.,,https://www.riksrevisjonen.no/rapporter-mappe/no-2023-2024/matsikkerhet-og-beredskap-pa-jordbruksomradet/,landing_page,unknown,research/evidence-pack/offentlig/src-16.pdf,sourcedoc; filename=beredskap-2023.md
P2,sources.ts,src-18,Samvirkemodellens resultater og vekst for Extra.,,https://coop.no/om-coop/virksomheten/finansiell-informasjon/,landing_page,unknown,research/evidence-pack/offentlig/src-18.pdf,sourcedoc; filename=coop-2024.md
P2,sources.ts,src-24,Regulering av markedsmakt med automatisk dominans-presumsjon over 30%.,,https://www.kkv.fi/en/,landing_page,unknown,research/evidence-pack/offentlig/src-24.pdf,sourcedoc; filename=kkv-4a-dominans.md
P2,sources.ts,src-27,Status for regjeringens 10-punktsplan for dagligvarebransjen.,,regjeringen.no,unknown,unknown,research/evidence-pack/offentlig/src-27.pdf,sourcedoc; filename=meld-st-4-dagligvare.md
P2,sources.ts,src-30,Dokumenterer infrastruktur og logistikkens rolle i verdikjeden.,,asko.no,unknown,unknown,research/evidence-pack/offentlig/src-30.pdf,sourcedoc; filename=asko-infrastruktur-2025.md
P2,sources.ts,src-31,Metodisk grunnlag for å vurdere matsikkerhet i energi og volum.,,nibio.no,unknown,unknown,research/evidence-pack/offentlig/src-31.pdf,sourcedoc; filename=nibio-selvforsyning-metode.md
P2,sources.ts,src-32,Kvantifiserer ressurstap i hele verdikjeden.,,matvett.no,unknown,unknown,research/evidence-pack/offentlig/src-32.pdf,sourcedoc; filename=matsvinn-2024.md
P2,sources.ts,src-33,Dokumenterer Norges prisposisjon sammenlignet med EU.,,ec.europa.eu/eurostat,unknown,unknown,research/evidence-pack/offentlig/src-33.pdf,sourcedoc; filename=price-levels-2024.md
P2,sources.ts,src-35,Sosial bærekraft og etisk handel i matsystemet.,,framtiden.no,unknown,unknown,research/evidence-pack/offentlig/src-35.pdf,sourcedoc; filename=fivh-etikk-2025.md
P2,sources.ts,src-36,Status for nye regulatoriske verktøy for å tøyle markedsmakt.,,konkurransetilsynet.no,unknown,unknown,research/evidence-pack/offentlig/src-36.pdf,sourcedoc; filename=markedsundersokelser-status.md
P2,sources.ts,src-37,Vurderer EMVs effekt på konkurranse og innovasjonstakt.,,menon.no,unknown,unknown,research/evidence-pack/offentlig/src-37.pdf,sourcedoc; filename=menon-emv-innovasjon.md
P2,sources.ts,src-38,Teoretisk rammeverk for kjøpermakt og forbrukervelferd.,,uib.no/econ,unknown,unknown,research/evidence-pack/offentlig/src-38.pdf,sourcedoc; filename=uib-kjøpermakt.md
P2,sources.ts,src-39,Gjennomgang av den finske modellen for beredskapslagring.,,nesafinland.fi,unknown,unknown,research/evidence-pack/offentlig/src-39.pdf,sourcedoc; filename=finsk-modell-hvk.md
P2,sources.ts,src-40,Systemkritikk fra produsentens ståsted om selvforsyning og import.,,smabrukarlaget.no,unknown,unknown,research/evidence-pack/offentlig/src-40.pdf,sourcedoc; filename=nbs-systemkritikk.md
P2,sources.ts,src-43,Dokumenterer lekkasje fra det norske matsystemet til Sverige.,,ssb.no/grensehandel,unknown,unknown,research/evidence-pack/offentlig/src-43.pdf,sourcedoc; filename=grensehandel-2025.md
P2,sources.ts,src-48,Leverandørperspektiv på maktbalanse og logistikk-monopol.,,dlf.no,unknown,unknown,research/evidence-pack/offentlig/src-48.pdf,sourcedoc; filename=dlf-leverandør-2025.md
P2,sources.ts,src-49,Nye sporbarhetskrav for fôrimport og kjøttproduksjon.,,miljodirektoratet.no,unknown,unknown,research/evidence-pack/offentlig/src-49.pdf,sourcedoc; filename=eudr-norge-2025.md
P2,sources.ts,src-63,"Bedriftsdata for 14 norske mataktorer: org.nr, eierstruktur, aksjonaerer, styrer, regnskap, tilskudd, IP. Basert paa brreg.no API og offentlige kilder.",,https://data.brreg.no/enhetsregisteret/api,landing_page,unknown,research/evidence-pack/offentlig/src-63.pdf,sourcedoc; filename=09-norsk-bedriftsdata.md
P2,sources.ts,src-65,"10 primaerkilder: NOU 2013:6, Meld. St. 9/11/4, Prop. 33 L, markedsetterforskning, lov om god handelsskikk, konkurranseloven, finsk 4a, EU UTP.",,https://www.regjeringen.no/,landing_page,unknown,research/evidence-pack/offentlig/src-65.pdf,sourcedoc; filename=nou-stortingsdok-juridisk.md
P2,sources.ts,src-72,Wageningen-rammeverk med 4 operative prinsipper for sirkulaere matsystemer og biomassehierarki.,,https://doi.org/10.18174/638397,doi,unknown,research/evidence-pack/offentlig/src-72.pdf,sourcedoc; filename=sirkulaer-matsystem-rammeverk.md
P2,sources.ts,src-74,Oppdatert planetaert referansekoshold med sterkere vekt paa regenerativt landbruk og sirkulaer biomasse.,,https://eatforum.org/eat-lancet-commission/,landing_page,unknown,research/evidence-pack/offentlig/src-74.pdf,sourcedoc; filename=eat-lancet-2025.md
P2,sources.ts,src-80,"7-domene komposittindeks for food access i UK. Kombinerer GIS, kvalitet og oekonomi.",,https://data.cdrc.ac.uk/,landing_page,unknown,research/evidence-pack/offentlig/src-80.pdf,sourcedoc; filename=cdrc-priority-places.md
P2,sources.ts,src-94,"Dokumenterer 500 000+ tonn smaapelagisk fisk fra Vest-Afrika til EU aarlig, inkl. norsk laksenaering.",,https://www.greenpeace.org/,landing_page,unknown,research/evidence-pack/offentlig/src-94.pdf,sourcedoc; filename=greenpeace-feeding-monster-2021.md
P2,sources.ts,src-147,"Norsk lokalmat 2025: NOK 13,55 mrd totalt, NOK 938m direkte salg, Bondens Marked NOK 76,4m.",,https://stiftelsennorskmat.no/,landing_page,unknown,research/evidence-pack/offentlig/src-147.pdf,sourcedoc; filename=lokalmatrapport-2025.pdf
P2,sources.ts,src-149,"Koebenhavns matstrategi — grunnlag for Madhus-modellen (87,8% oekologisk, 70k maaltider/dag).",,https://www.kk.dk/,landing_page,unknown,research/evidence-pack/offentlig/src-149.pdf,sourcedoc; filename=kbh-food-strategy-2019.pdf
P2,sources.ts,src-150,Finsk nasjonal veileder for ansvarlig matinnkjoep i offentlig sektor.,,https://www.motiva.fi/,landing_page,unknown,research/evidence-pack/offentlig/src-150.pdf,sourcedoc; filename=motiva-responsible-food-procurement-2026.pdf
P2,sources.ts,src-154,"Campusforsok ved Turku som reduserte plateavfall med 30 % gjennom kampanjer og kompostering av kjokkenavfall (7,5 m³/aar) til jordbruk.",,https://www.mdpi.com/2071-1050/13/11/6231,landing_page,unknown,research/evidence-pack/offentlig/src-154.pdf,sourcedoc; filename=mdpi-2071-1050-13-11-6231-turku-circular-food.pdf
P2,sources.ts,src-155,Rammeverk for nested sirkularitet analysert paa tre finske landbruksregioner: husdyr dominerer naeringsflyt; internasjonal forhandel skaper ubalanse; biomasse og menneskelig avfall kan gi energi og lukke naeringslokken.,,https://ui.adsabs.harvard.edu/abs/2021RCR...16405218K/abstract,landing_page,unknown,research/evidence-pack/offentlig/src-155.pdf,sourcedoc; filename=nested-circularity-finland-2023.pdf
P2,sources.ts,src-156,"System-dynamikk-modell for den norske hvitfiskverdikjeden med scenarier for teknologi, forbrukeratferd og regulering.",,https://orbit.dtu.dk/en/publications/system-dynamics-modeling-of-food-loss-and-waste-in-the-norwegian-/,landing_page,unknown,research/evidence-pack/offentlig/src-156.pdf,sourcedoc; filename=jcleprod-norwegian-seafood-sd-2025.pdf
P2,sources.ts,src-157,"Fosforutslipp fra norsk akvakultur doblet 2005-2021; utnyttelsesgrad bare 19 %. Fytase, IMTA og slaminnsamling kan redusere utslipp, men lokal spredning risikerer akkumulering.",,https://www.frontiersin.org/journals/sustainable-food-systems/articles/10.3389/fsufs.2023.1248984/full,landing_page,unknown,research/evidence-pack/offentlig/src-157.pdf,sourcedoc; filename=frontiers-phosphorus-aquaculture-norway-2023.pdf
P2,sources.ts,src-158,Rapport som viser at 56 % av husholdningers og 79 % av retail/horeca sitt matsvinn i Danmark er unngaaelig. Mulig besparelse €150-250m aarlig innen 2035.,,https://mst.dk/media/sexld3zc/potential-for-denmark-as-a-circular-economy-2015.pdf,direct_pdf,unknown,research/evidence-pack/offentlig/src-158.pdf,sourcedoc; filename=ellen-macarthur-denmark-circular-2015.pdf
P2,sources.ts,src-159,"LCA-basert kvantifisering av 716 000 tonn unngaaelig matsvinn i Danmark: husholdning 36 %, grossist/retail 23 %, prosess 19 %, primaer 14 %. Besparelse > 2 Mt CO2-ekv hvis halvert.",,https://www2.mst.dk/Udgiv/publications/2017/04/978-87-93529-80-9.pdf,direct_pdf,unknown,research/evidence-pack/offentlig/src-159.pdf,sourcedoc; filename=mst-denmark-food-waste-978-87-93529-80-9-2017.pdf
P2,sources.ts,src-160,"Produktivitet og distribusjon har forbedret seg i svensk matverdikjede, men markedskonsentrasjon, ujevn forhandlingsstyrke og hoyt matsvinn bremser baerekraft. Etterlyser sirkulaer forskning.",,https://pub.epsilon.slu.se/13495/1/eriksson_m_160703.pdf,direct_pdf,unknown,research/evidence-pack/offentlig/src-160.pdf,sourcedoc; filename=slu-eriksson-food-chain-sustainability-2016.pdf
P2,sources.ts,src-161,Syntese av 8 sirkulaer-muligheter i Norden. To gjelder mat: prediktiv styring for etterspurselsprognose/logistikk og digitale plattformer for matsvinnreduksjon.,,https://norden.diva-portal.org/smash/get/diva2:1657847/FULLTEXT01,landing_page,unknown,research/evidence-pack/offentlig/src-161.pdf,sourcedoc; filename=nordic-council-low-carbon-circular-transition-2022.pdf
P2,sources.ts,src-162,Policy-rapport som prioriterer avfallsforebygging fremfor resirkulering. Framhever Too Good To Go (NO) og ResQ (FI) som digitale plattformer mot matsvinn.,,https://pub.norden.org/nord2025-007/nord2025-007.pdf,direct_pdf,unknown,research/evidence-pack/offentlig/src-162.pdf,sourcedoc; filename=nordic-council-waste-prevention-nord2025-007.pdf
P2,sources.ts,src-163,35-45 % av fisk spises typisk globalt; 100 % Fish-initiativet i Island naaet ~90 % utnyttelse via kollagen og biprodukter. Fem-trinns klynge-strategi beskrevet.,,https://sjavarklasinn.is/wp-content/uploads/2022/03/Analysis-mar22-2.pdf,direct_pdf,unknown,research/evidence-pack/offentlig/src-163.pdf,sourcedoc; filename=iceland-ocean-cluster-seafood-circular-2022.pdf
P3,md-scrape,bibliotek/KILDEREGISTER,Sentralt Kilderegister: Food Systems 2026,,https://www.regjeringen.no/no/dep/nfd/,landing_page,unknown,,cited in bibliotek/KILDEREGISTER.md
P3,md-scrape,bibliotek/MASTER-PHD-BACKLOG-2026,Backlog: Nye Masteroppgaver og Ph.D.-avhandlinger (2024-2025),,http://hdl.handle.net/11250/3148444,landing_page,unknown,,cited in bibliotek/MASTER-PHD-BACKLOG-2026.md
P3,md-scrape,bibliotek/akademia/internasjonalt/agrifood-planetary-boundaries-disclosure-2025,Corporate Agrifood Firms and Planetary Boundary Disclosure Failures,,https://doi.org/10.5751/ES-2025,doi,unknown,,cited in bibliotek/akademia/internasjonalt/agrifood-planetary-boundaries-disclosure-2025.md
P3,md-scrape,bibliotek/akademia/internasjonalt/eat-lancet-scores-nordic-cohorts-2024,"EAT-Lancet Diet Scores in Danish and Swedish Cohorts: Mortality, Stroke, and GHG",,https://doi.org/10.1016/S2542-5196(24,doi,unknown,,cited in bibliotek/akademia/internasjonalt/eat-lancet-scores-nordic-cohorts-2024.md
P3,md-scrape,bibliotek/akademia/internasjonalt/environmental-sustainability-nordic-baltic-nnr-2024,Environmental Sustainability of Diets in the Nordic-Baltic Region: Scoping Review for NNR 2023,,https://doi.org/10.1080/16546628.2024,doi,unknown,,cited in bibliotek/akademia/internasjonalt/environmental-sustainability-nordic-baltic-nnr-2024.md
P3,md-scrape,bibliotek/akademia/internasjonalt/filippinene-rismarked-nfa-tariffication,"Sammendrag: Filippinene, rismarkedet og tariffication",,https://doi.org/10.62986/dp2015.04,doi,unknown,,cited in bibliotek/akademia/internasjonalt/filippinene-rismarked-nfa-tariffication.md
P3,md-scrape,bibliotek/akademia/internasjonalt/food-regime-theory-overview,Sammendrag: Matregimeteori — oversikt over akademisk rammeverk,,https://www.tandfonline.com/doi/full/10.1080/03066150902820354,landing_page,unknown,,cited in bibliotek/akademia/internasjonalt/food-regime-theory-overview.md
P3,md-scrape,bibliotek/akademia/internasjonalt/kjopermakt-teori-empiri,Sammendrag: Kjøpermakt — teori og empiri,,https://doi.org/10.1023/A:1015268420311,doi,unknown,,cited in bibliotek/akademia/internasjonalt/kjopermakt-teori-empiri.md
P3,md-scrape,bibliotek/akademia/internasjonalt/matsikkerhet-beredskap-global,Sammendrag: Matsikkerhet og beredskap — global litteratur,,https://doi.org/10.1111/cjag.12279,doi,unknown,,cited in bibliotek/akademia/internasjonalt/matsikkerhet-beredskap-global.md
P3,md-scrape,bibliotek/akademia/internasjonalt/matsystem-governance-litteratur,Sammendrag: Matsystem-governance — internasjonal litteratur,,https://doi.org/10.7551/mitpress/9780262012751.001.0001,doi,unknown,,cited in bibliotek/akademia/internasjonalt/matsystem-governance-litteratur.md
P3,md-scrape,bibliotek/akademia/internasjonalt/multicriteria-meat-milk-alternatives-2024,Multicriteria Analysis of Meat and Milk Alternatives,,https://doi.org/10.1073/pnas.2402486121,doi,unknown,,cited in bibliotek/akademia/internasjonalt/multicriteria-meat-milk-alternatives-2024.md
P3,md-scrape,bibliotek/akademia/internasjonalt/sustainability-plant-based-sweden-2024,Sustainability Benefits of Transitioning to Plant-Based Diets in Sweden,,https://doi.org/10.1038/s41467-024,doi,unknown,,cited in bibliotek/akademia/internasjonalt/sustainability-plant-based-sweden-2024.md
P3,md-scrape,bibliotek/akademia/masteroppgaver/drager-vagene-2017,"Sammendrag: Dräger & Vågene (NHH, 2017) — Markedskonsentrasjon i Skandinavia",,https://www.nhh.no/contentassets/ef25235953bd4af58671fa1bd5771495/drager-og-vagene.pdf,direct_pdf,unknown,,cited in bibliotek/akademia/masteroppgaver/drager-vagene-2017.md
P3,md-scrape,bibliotek/akademia/masteroppgaver/eriksson-2015,"Sammendrag: Eriksson (SLU Uppsala, 2015) - Supermarket food waste",,https://pub.epsilon.slu.se/12756/1/Eriksson_m_151029.pdf,direct_pdf,unknown,,cited in bibliotek/akademia/masteroppgaver/eriksson-2015.md
P3,md-scrape,bibliotek/akademia/masteroppgaver/fretheim-rodnova-2020,"Sammendrag: Fretheim & Rodnova (NHH, 2020) — Etableringshindringer i dagligvaremarkedet",,https://www.nhh.no/contentassets/4c75bee2502f412fad66c9ad9ab96154/fretheimrodnova-etableringshindringer-var-2020_isf_mro-2.pdf,direct_pdf,unknown,,cited in bibliotek/akademia/masteroppgaver/fretheim-rodnova-2020.md
P3,md-scrape,bibliotek/akademia/masteroppgaver/gangstoe-2019,"Sammendrag: Gangstøe (UiB, 2019) — Hemmelige kontrakter i dagligvaremarkedet",,https://beccle.no/files/2020/01/Susanne_Helen_Gangstoe_Masteroppgave.pdf,direct_pdf,unknown,,cited in bibliotek/akademia/masteroppgaver/gangstoe-2019.md
P3,md-scrape,bibliotek/akademia/masteroppgaver/granlund-lindskog-2024,"Sammendrag: Granlund & Lindskog (NTNU, 2024) - OT-sikkerhet i norsk matforsyning",,https://hdl.handle.net/11250/3156087,landing_page,unknown,,cited in bibliotek/akademia/masteroppgaver/granlund-lindskog-2024.md
P3,md-scrape,bibliotek/akademia/masteroppgaver/handlykken-2023,"Sammendrag: Handlykken (OsloMet, 2023) - Nudging i dagligvare og forbrukeratferd",,https://hdl.handle.net/11250/3101983,landing_page,unknown,,cited in bibliotek/akademia/masteroppgaver/handlykken-2023.md
P3,md-scrape,bibliotek/akademia/masteroppgaver/hasle-tjostheim-2024,"Sammendrag: Hasle & Tjostheim (NHH, 2024) — Lavprissegmentets utvikling",,https://www.nhh.no/contentassets/36d52bb70566431483b8cda67cf6f995/tjostheim--hasle_offentlig-versjon.pdf,direct_pdf,unknown,,cited in bibliotek/akademia/masteroppgaver/hasle-tjostheim-2024.md
P3,md-scrape,bibliotek/akademia/masteroppgaver/huynh-mortensen-2025,"Sammendrag: Huynh & Mortensen (Aalborg Universitet, 2025) — Salling Group vs. Coop Danmark",,https://projekter.aau.dk/projekter/files/783577089/Afgangsprojekt_HD1_Analyse_af_Salling_Group_AS_og_Coop_Danmark_AS.pdf,direct_pdf,unknown,,cited in bibliotek/akademia/masteroppgaver/huynh-mortensen-2025.md
P3,md-scrape,bibliotek/akademia/masteroppgaver/jevne-schiotz-2021,"Sammendrag: Jevne & Schiotz (NMBU, 2021) - Digitalisering av REKO-ringen",,https://hdl.handle.net/11250/2788657,landing_page,unknown,,cited in bibliotek/akademia/masteroppgaver/jevne-schiotz-2021.md
P3,md-scrape,bibliotek/akademia/masteroppgaver/johannsson-2011,"Sammendrag: Johannsson (University of Iceland, 2011) - Food security in Iceland",,https://hdl.handle.net/1946/7794,landing_page,unknown,,cited in bibliotek/akademia/masteroppgaver/johannsson-2011.md
P3,md-scrape,bibliotek/akademia/masteroppgaver/lindstrom-2021,"Sammendrag: Lindstrom (Umea University, 2021) - Offentlig innkjop, organisk jordbruk og melk",,https://urn.kb.se/resolve?urn=urn:nbn:se:umu:diva-188194,landing_page,unknown,,cited in bibliotek/akademia/masteroppgaver/lindstrom-2021.md
P3,md-scrape,bibliotek/akademia/masteroppgaver/martens-norum-2020,"Sammendrag: Martens & Norum (NHH, 2020) — Importvernets påvirkning på leverandørkonsentrasjon",,https://www.nhh.no/contentassets/4c75bee2502f412fad66c9ad9ab96154/importvern_til_godkjenning---sensurert-adobe.pdf,direct_pdf,unknown,,cited in bibliotek/akademia/masteroppgaver/martens-norum-2020.md
P3,md-scrape,bibliotek/akademia/masteroppgaver/meile-2020,"Sammendrag: Meile (NHH, 2020) — Uniform Pricing i norsk dagligvare",,https://www.nhh.no/contentassets/4c75bee2502f412fad66c9ad9ab96154/thesis_food_ng_meile_uniform_pricing_public_version.pdf,direct_pdf,unknown,,cited in bibliotek/akademia/masteroppgaver/meile-2020.md
P3,md-scrape,bibliotek/akademia/masteroppgaver/moe-2018,"Sammendrag: Moe (NMBU, 2018) - Alternative food networks og CSA",,https://hdl.handle.net/11250/2569075,landing_page,unknown,,cited in bibliotek/akademia/masteroppgaver/moe-2018.md
P3,md-scrape,bibliotek/akademia/masteroppgaver/nilsen-paulsen-2025,"Sammendrag: Nilsen & Paulsen (NHH, 2025) — Pristransmisjon for kakao og kaffe",,https://www.nhh.no/contentassets/398b849b83b24d43995c73b0919b01f8/nilsen_paulsen_pass-through-av-ravarepriser-for-kakao--og-kaffeprodukter.pdf,direct_pdf,unknown,,cited in bibliotek/akademia/masteroppgaver/nilsen-paulsen-2025.md
P3,md-scrape,bibliotek/akademia/masteroppgaver/ortiz-cuadra-2023,"Sammendrag: Ortiz Cuadra (Uppsala University, 2023) - Learning for Crisis og lokal matproduksjon",,https://urn.kb.se/resolve?urn=urn:nbn:se:uu:diva-504614,landing_page,unknown,,cited in bibliotek/akademia/masteroppgaver/ortiz-cuadra-2023.md
P3,md-scrape,bibliotek/akademia/masteroppgaver/paschen-eriksen-2014,"Sammendrag: Paschen-Eriksen (UiA, 2014) - Matpolitikk i Norge",,http://hdl.handle.net/11250/276369,landing_page,unknown,,cited in bibliotek/akademia/masteroppgaver/paschen-eriksen-2014.md
P3,md-scrape,bibliotek/akademia/masteroppgaver/rislakki-2024,"Sammendrag: Rislakki (JYU, 2024) — Planetary Health Diet i finsk dagligvare",,https://jyx.jyu.fi/bitstream/handle/123456789/94423/URN%3ANBN%3Afi%3Ajyu-202404243036.pdf?sequence=1,direct_pdf,unknown,,cited in bibliotek/akademia/masteroppgaver/rislakki-2024.md
P3,md-scrape,bibliotek/akademia/masteroppgaver/sandanger-2012,"Sammendrag: Sandanger (NHH, 2012) — EMV og horisontal konkurranse",,https://openaccess.nhh.no/nhh-xmlui/handle/11250/166778,landing_page,unknown,,cited in bibliotek/akademia/masteroppgaver/sandanger-2012.md
P3,md-scrape,bibliotek/akademia/masteroppgaver/sandbraaten-2023,"Sammendrag: Sandbraaten (UiO, 2023) - Hvordan kan Norge vri matkonsumet gronnere?",,https://hdl.handle.net/10852/103341,landing_page,unknown,,cited in bibliotek/akademia/masteroppgaver/sandbraaten-2023.md
P3,md-scrape,bibliotek/akademia/masteroppgaver/sedwall-bjerne-grandin-2025,"Sammendrag: Sedwall, Bjerne & Grandin (JIBS, 2025) — Hybride forsyningskjeder i svensk dagligvare",,https://hj.diva-portal.org/smash/record.jsf?pid=diva2:1966137,landing_page,unknown,,cited in bibliotek/akademia/masteroppgaver/sedwall-bjerne-grandin-2025.md
P3,md-scrape,bibliotek/akademia/masteroppgaver/selmani-forre-2023,"Sammendrag: Selmani & Førre (NHH, 2023) — Hvorfor mislyktes Lidl i Norge?",,https://www.nhh.no/contentassets/6547405137a14bf4afcad1355d45a1be/lidl-selmani--forre-h23.pdf,direct_pdf,unknown,,cited in bibliotek/akademia/masteroppgaver/selmani-forre-2023.md
P3,md-scrape,bibliotek/akademia/masteroppgaver/skjervheim-bernes-flo-2016,"Sammendrag: Skjervheim Bernes & Flo (NHH, 2016) — Paraplykjedenes overtakelse av distribusjonen",,https://beccle.no/files/2016/09/Paraplykjedenes-overtakelse-av-distribusjonen-i-dagligvaremarkedet.pdf,direct_pdf,unknown,,cited in bibliotek/akademia/masteroppgaver/skjervheim-bernes-flo-2016.md
P3,md-scrape,bibliotek/akademia/masteroppgaver/skulstad-svensson-2024,"Sammendrag: Skulstad & Svensson (NHH, 2024) — ICAs fall i Norge",,https://www.nhh.no/contentassets/36d52bb70566431483b8cda67cf6f995/icas-fall-i-norge---skulstad--svensson-v24.pdf,direct_pdf,unknown,,cited in bibliotek/akademia/masteroppgaver/skulstad-svensson-2024.md
P3,md-scrape,bibliotek/akademia/masteroppgaver/stahl-2024,"Sammendrag: Stahl (KTH, 2024) — Sodertaljes matforsyningsstrategi",,https://kth.diva-portal.org/smash/record.jsf?pid=diva2:1877280,landing_page,unknown,,cited in bibliotek/akademia/masteroppgaver/stahl-2024.md
P3,md-scrape,bibliotek/akademia/masteroppgaver/tallaksen-2022,"Sammendrag: Tallaksen (Universitetet i Agder, 2022) - Studenter og kjottreduksjon",,https://hdl.handle.net/11250/3008873,landing_page,unknown,,cited in bibliotek/akademia/masteroppgaver/tallaksen-2022.md
P3,md-scrape,bibliotek/akademia/masteroppgaver/tanderup-rasmussen-hansen-2023,"Sammendrag: Tanderup, Rasmussen & Hansen (Aalborg Universitet, 2023) - Coop i omstilling",,https://projekter.aau.dk/projekter/files/532660255/HDR___Afgangsprojekt___Gruppe_25.pdf,direct_pdf,unknown,,cited in bibliotek/akademia/masteroppgaver/tanderup-rasmussen-hansen-2023.md
P3,md-scrape,bibliotek/akademia/masteroppgaver/tesdal-2012,"Sammendrag: Tesdal (Universitetet i Oslo, 2012) - Nokkelhull og private aktorer",,https://hdl.handle.net/10852/34009,landing_page,unknown,,cited in bibliotek/akademia/masteroppgaver/tesdal-2012.md
P3,md-scrape,bibliotek/akademia/masteroppgaver/ulsaker-2016,"Sammendrag: Ulsaker (NHH, 2016) - Vertikale restriksjoner",,https://hdl.handle.net/11250/3197662,landing_page,unknown,,cited in bibliotek/akademia/masteroppgaver/ulsaker-2016.md
P3,md-scrape,bibliotek/akademia/masteroppgaver/vangelsten-2017,"Sammendrag: Vangelsten (Nord University, 2017) - Norsk matsystem, selvforsyning og kjottkonsum",,https://hdl.handle.net/11250/2491452,landing_page,unknown,,cited in bibliotek/akademia/masteroppgaver/vangelsten-2017.md
P3,md-scrape,bibliotek/akademia/masteroppgaver/zakeri-lei-2024,"Sammendrag: Zakeri & Lei (Uppsala University, 2024) — AI i svensk primarproduksjon",,https://uu.diva-portal.org/smash/record.jsf?pid=diva2:1872486,landing_page,unknown,,cited in bibliotek/akademia/masteroppgaver/zakeri-lei-2024.md
P3,md-scrape,bibliotek/akademia/nhh-food/aursland-steen-ulsaker-unemployment-shocks-cyclical-prices-shopping-behavior-2021,"Unemployment shocks, cyclical prices and shopping behavior",,https://hdl.handle.net/11250/2724777,landing_page,unknown,,cited in bibliotek/akademia/nhh-food/aursland-steen-ulsaker-unemployment-shocks-cyclical-prices-shopping-behavior-2021.md
P3,md-scrape,bibliotek/akademia/nhh-food/evensen-steen-co-location-2024,"Co-Location, Good, Bad, or Both: How Do New Entries of Discount Variety Stores Affect Local Grocery Businesses?",,https://doi.org/10.1093/jeea/jvad074,doi,unknown,,cited in bibliotek/akademia/nhh-food/evensen-steen-co-location-2024.md
P3,md-scrape,bibliotek/akademia/nhh-food/food-global-grocery-giants-2025,Global Grocery Giants Reshape Retail in 2025,,https://www.nhh.no/en/research-centres/food/food-news/2025/global-grocery-giants-reshape-retail-in-2025/,landing_page,unknown,,cited in bibliotek/akademia/nhh-food/food-global-grocery-giants-2025.md
P3,md-scrape,bibliotek/akademia/nhh-food/food-grensehandel-2025,Grensehandel — trussel og mulighet,,https://nhh.no/en/research-centres/food/food-news/2025/cross-border-shopping--threat-and-opportunity,landing_page,unknown,,cited in bibliotek/akademia/nhh-food/food-grensehandel-2025.md
P3,md-scrape,bibliotek/akademia/nhh-food/food-konsentrasjon-nordisk-2024,All Retail Sectors Are Highly Concentrated — FOOD Konsentrasjonsstudie,,https://www.nhh.no/en/research-centres/food/food-news/2024/all-retail-sectors-are-highly-concentrated/,landing_page,unknown,,cited in bibliotek/akademia/nhh-food/food-konsentrasjon-nordisk-2024.md
P3,md-scrape,bibliotek/akademia/nhh-food/food-publikasjonsliste-komplett,Sammendrag: NHH FOOD Research Centre — Komplett publikasjonsliste,,https://www.nhh.no/en/research-centres/food/research/,landing_page,unknown,,cited in bibliotek/akademia/nhh-food/food-publikasjonsliste-komplett.md
P3,md-scrape,bibliotek/akademia/nhh-food/foros-size-based-price-discrimination-2025,Size-Based Wholesale Price Discrimination With Ex-Ante Investments Into Alternative Sourcing,,https://onlinelibrary.wiley.com/doi/10.1111/joie.12420,landing_page,unknown,,cited in bibliotek/akademia/nhh-food/foros-size-based-price-discrimination-2025.md
P3,md-scrape,bibliotek/akademia/nhh-food/friberg-halseth-steen-ulsaker-informed-consumers-pay-less-2025,Do Informed Consumers Pay Less? Evidence from a Survey with Linked Grocery Purchase Data,,https://hdl.handle.net/11250/3207182,landing_page,unknown,,cited in bibliotek/akademia/nhh-food/friberg-halseth-steen-ulsaker-informed-consumers-pay-less-2025.md
P3,md-scrape,bibliotek/akademia/nhh-food/frode-steen-profil,Sammendrag: Frode Steen — Publikasjonsprofil,,https://www.nhh.no/en/employees/faculty/frode-steen/,landing_page,unknown,,cited in bibliotek/akademia/nhh-food/frode-steen-profil.md
P3,md-scrape,bibliotek/akademia/nhh-food/gabrielsen-merger-control-2025,Merger Control in Retail Markets with National Pricing,,https://doi.org/10.1086/731741,doi,unknown,,cited in bibliotek/akademia/nhh-food/gabrielsen-merger-control-2025.md
P3,md-scrape,bibliotek/akademia/nhh-food/oystein-foros-profil,Sammendrag: Øystein Foros — Publikasjonsprofil,,https://www.nhh.no/en/employees/faculty/oystein-foros/,landing_page,unknown,,cited in bibliotek/akademia/nhh-food/oystein-foros-profil.md
P3,md-scrape,bibliotek/akademia/nhh-food/ozhegova-assortment-market-power-2024,Assortment Choice and Market Power under Uniform Pricing,,https://www.nhh.no/en/calendar/economics/v-2023/alina-ozhegova/,landing_page,unknown,,cited in bibliotek/akademia/nhh-food/ozhegova-assortment-market-power-2024.md
P3,md-scrape,bibliotek/akademia/nmbu/baerekraft-matsystem-kriterier-2024,Bærekraft i det norske matsystemet — Kriterier for bærekraftig produksjon,,https://www.nmbu.no/forskning/ny-rapport-debatten-om-baerekraftig-matproduksjon-er-villedende,landing_page,unknown,,cited in bibliotek/akademia/nmbu/baerekraft-matsystem-kriterier-2024.md
P3,md-scrape,bibliotek/akademia/nmbu/brekken-regional-food-networks-2024,Institutional Bricolage in Regional Food Networks,,https://nmbu.brage.unit.no/,landing_page,unknown,,cited in bibliotek/akademia/nmbu/brekken-regional-food-networks-2024.md
P3,md-scrape,bibliotek/akademia/nmbu/foods-of-norway-novel-feed-2024,Novel Microbial Protein Feed Ingredients for Sustainable Salmon Aquaculture,,https://doi.org/10.1016/j.aquaculture.2024,doi,unknown,,cited in bibliotek/akademia/nmbu/foods-of-norway-novel-feed-2024.md
P3,md-scrape,bibliotek/akademia/nmbu/klimatiltak-landbruk-karbonlagring-2024,"Klimatiltak i landbruket — Utredning om modeller, karbonlagring og bærekraftig matproduksjon",,https://www.nmbu.no/forskning/klimatiltak-i-landbruket-en-utredning-om-modeller-karbonlagring-og-baerekraftig,landing_page,unknown,,cited in bibliotek/akademia/nmbu/klimatiltak-landbruk-karbonlagring-2024.md
P3,md-scrape,bibliotek/akademia/nmbu/nmbu-greenplantfood-protein-2024,GreenPlantFood og FoodProFuture: Plantebasert Protein fra Norske Avlinger,,https://www.nmbu.no/forskning/prosjekter/greenplantfood,landing_page,unknown,,cited in bibliotek/akademia/nmbu/nmbu-greenplantfood-protein-2024.md
P3,md-scrape,bibliotek/akademia/nmbu/nmbu-sustainable-food-systems-arena,NMBU Sustainability Arena: Sustainable Food Systems,,https://www.nmbu.no/en/research/projects/nmbu-sustainability-arena-sustainable-food-systems,landing_page,unknown,,cited in bibliotek/akademia/nmbu/nmbu-sustainable-food-systems-arena.md
P3,md-scrape,bibliotek/akademia/nmbu/smart-landbruk-digitalisering-2024,Digitaliserer norsk matproduksjon — Smart landbruk og grønn innovasjon,,https://www.nmbu.no/forskning/prosjekter/nmbu-baerekraftsarena-smart-landbruk-og-gronn-innovasjon,landing_page,unknown,,cited in bibliotek/akademia/nmbu/smart-landbruk-digitalisering-2024.md
P3,md-scrape,bibliotek/akademia/pubmed/parra-lopez-c-2026-enabling-the-circular-food-economy,"Enabling the Circular Food Economy Through Industry 4.0: A Review of Applications, Challenges, and Policies in the Europ",,https://doi.org/10.1111/1541-4337.70431,doi,unknown,,cited in bibliotek/akademia/pubmed/parra-lopez-c-2026-enabling-the-circular-food-economy.md
P3,md-scrape,bibliotek/akademia/pubmed/sigala-eg-2025-reducing-food-waste-in-the,Reducing food waste in the HORECA sector using AI-based waste-tracking devices,,https://doi.org/10.1016/j.wasman.2025.02.044,doi,unknown,,cited in bibliotek/akademia/pubmed/sigala-eg-2025-reducing-food-waste-in-the.md
P3,md-scrape,bibliotek/akademia/pubmed/zamanzadeh-m-2017-biogas-production-from-food-waste,Biogas production from food waste via co-digestion and digestion- effects on performance and microbial ecology,,https://doi.org/10.1038/s41598-017-15784-w,doi,unknown,,cited in bibliotek/akademia/pubmed/zamanzadeh-m-2017-biogas-production-from-food-waste.md
P3,md-scrape,bibliotek/akademia/sifo/alfnes-schjoll-fordelsprogram-prisstatistikk-2025,Fordelsprogrammer i Dagligvare: Effekter på Prisstatistikk og Digitale Skiller,,https://oda.oslomet.no/sifo,landing_page,unknown,,cited in bibliotek/akademia/sifo/alfnes-schjoll-fordelsprogram-prisstatistikk-2025.md
P3,md-scrape,bibliotek/akademia/sifo/referansebudsjettet-matutgifter-2025,SIFOs referansebudsjett 2025 — Matutgifter og forbruksvekst,,https://www.oslomet.no/om/sifo/referansebudsjettet,landing_page,unknown,,cited in bibliotek/akademia/sifo/referansebudsjettet-matutgifter-2025.md
P3,md-scrape,bibliotek/akademia/sifo/steinnes-climate-nudge-nordic-2023,Mapping of Digital Climate Nudges in Nordic Online Grocery Stores,,https://doi.org/10.1016/j.spc.2023,doi,unknown,,cited in bibliotek/akademia/sifo/steinnes-climate-nudge-nordic-2023.md
P3,md-scrape,bibliotek/arbeidsliv/migrantarbeid-matproduksjon,Sammendrag: Migrantarbeid i nordisk matproduksjon,,https://partner.sciencenorway.no/farming-immigrants-nmbu/whos-picking-your-strawberries-this-summer/2515966,landing_page,unknown,,cited in bibliotek/arbeidsliv/migrantarbeid-matproduksjon.md
P3,md-scrape,bibliotek/dagligvaretilsynet/arsrapport-2022,Sammendrag: Dagligvaretilsynets årsrapport 2022,,https://www.regjeringen.no/contentassets/a9f933fc2c5c4d8aaed0a267b45a033d/dagligvaretilsynet-arsrapport-for-2022.pdf,direct_pdf,unknown,,cited in bibliotek/dagligvaretilsynet/arsrapport-2022.md
P3,md-scrape,bibliotek/dagligvaretilsynet/arsrapport-2023,Sammendrag: Dagligvaretilsynets årsrapport 2023,,https://www.regjeringen.no/contentassets/a9f933fc2c5c4d8aaed0a267b45a033d/arsrapport_dagligvaretilsynet-2023.pdf,direct_pdf,unknown,,cited in bibliotek/dagligvaretilsynet/arsrapport-2023.md
P3,md-scrape,bibliotek/digital-dagligvare/digital-ekskludering-mattilgang,Sammendrag: Digital ekskludering og mattilgang,,https://www.regjeringen.no/contentassets/8f8751780e9749bfa8946526b51f10f4/digital-hele-livet.pdf,direct_pdf,unknown,,cited in bibliotek/digital-dagligvare/digital-ekskludering-mattilgang.md
P3,md-scrape,bibliotek/forbruker/forbrukeratferd-prisbevissthet,Sammendrag: Forbrukeratferd og prisbevissthet i dagligvaremarkedet,,https://www.oslomet.no/om/sifo,landing_page,unknown,,cited in bibliotek/forbruker/forbrukeratferd-prisbevissthet.md
P3,md-scrape,bibliotek/forbruker/lojalitetsprogrammer-prisdata,Sammendrag: Lojalitetsprogrammer og prisdata,,https://www.regjeringen.no/no/aktuelt/forste-delrapport-om-dagligvarebutikkenes-fordelsprogrammer-er-klar/id3146889/,landing_page,unknown,,cited in bibliotek/forbruker/lojalitetsprogrammer-prisdata.md
P3,md-scrape,bibliotek/forskningsrunde-2026-04-20/alternative-distribusjonskanaler-norden-2026-04-20,Alternative distribusjonskanaler som utfordrer og kompletterer dagligvarekjedene i Norden,,https://www.regjeringen.no/no/aktuelt/lokalmat-i-kraftig-vekst/id3141746/,landing_page,unknown,,cited in bibliotek/forskningsrunde-2026-04-20/alternative-distribusjonskanaler-norden-2026-04-20.md
P3,md-scrape,bibliotek/forskningsrunde-2026-04-20/eiendomsmakt-dagligvaremarkedet-norden-2026-04-20,Eiendomsmakt i dagligvaremarkedet i Norge og Norden,,https://konkurransetilsynet.no/wp-content/uploads/2022/12/Konkurransetilsynets-dagligvarerapport-2022.pdf,direct_pdf,unknown,,cited in bibliotek/forskningsrunde-2026-04-20/eiendomsmakt-dagligvaremarkedet-norden-2026-04-20.md
P3,md-scrape,bibliotek/forskningsrunde-2026-04-20/evidensnotat-2026-04-20,Evidensnotat for Food Systems 2026,,https://www.equator-network.org/wp-content/uploads/2015/10/STROBE_checklist_v4_combined.pdf,direct_pdf,unknown,,cited in bibliotek/forskningsrunde-2026-04-20/evidensnotat-2026-04-20.md
P3,md-scrape,bibliotek/forskningsrunde-2026-04-20/makt-fryktkultur-enforcement-2026-04-20,"Makt, fryktkultur og svak enforcement i norsk og nordisk dagligvare",,https://www.regjeringen.no/contentassets/859d5021b8c84701800831babe1ff660/horingsnotat-om-forslag-til-endringer-i-lov-om-god-handelsskikk.pdf,direct_pdf,unknown,,cited in bibliotek/forskningsrunde-2026-04-20/makt-fryktkultur-enforcement-2026-04-20.md
P3,md-scrape,bibliotek/forskningsrunde-2026-04-20/nordisk-horeca-offentlige-maaltider-2026-04-20,"Nordisk analyse av HORECA, offentlige måltider og institusjonelle innkjøp i matsystemet",,https://www.kesko.fi/4ab8cf/globalassets/03-sijoittaja/raporttikeskus/2025/q3/keskoq32025_roadshowpresentation---dnbc-paris.pdf,direct_pdf,unknown,,cited in bibliotek/forskningsrunde-2026-04-20/nordisk-horeca-offentlige-maaltider-2026-04-20.md
P3,md-scrape,bibliotek/konkurransetilsyn-konsulent,Konkurransemyndigheter og konsulentrapporter — Kildebibliotek,,https://konkurransetilsynet.no/wp-content/uploads/2018/08/NORDIC_FOOD_MARKETS.pdf,direct_pdf,unknown,,cited in bibliotek/konkurransetilsyn-konsulent.md
P3,md-scrape,bibliotek/konkurransetilsynet/dagligvarerapport-2023,Sammendrag: Konkurransetilsynets dagligvarerapport 2023,,https://konkurransetilsynet.no/wp-content/uploads/2024/01/Konkurransetilsynets-dagligvarerapport-2023.pdf,direct_pdf,unknown,,cited in bibliotek/konkurransetilsynet/dagligvarerapport-2023.md
P3,md-scrape,bibliotek/konkurransetilsynet/dagligvarerapport-2024,Sammendrag: Konkurransetilsynets Dagligvarerapport 2024,,https://konkurransetilsynet.no/wp-content/uploads/2025/04/Konkurransetilsynets-Dagligvarerapport-2024-25.pdf,direct_pdf,unknown,,cited in bibliotek/konkurransetilsynet/dagligvarerapport-2024.md
P3,md-scrape,bibliotek/konkurransetilsynet/marginstudie-2025-del2,Sammendrag: Konkurransetilsynets Marginstudie Del 2 (2025),,https://konkurransetilsynet.no/wp-content/uploads/2025/01/Del-2.-Kartlegging-av-marginer-ved-bruk-av-informasjon-pa-produktniva.pdf,direct_pdf,unknown,,cited in bibliotek/konkurransetilsynet/marginstudie-2025-del2.md
P3,md-scrape,bibliotek/konkurransetilsynet/prisjusteringsvinduer-2023,Sammendrag: Utredning om prisjusteringsvinduer 2023,,https://konkurransetilsynet.no/wp-content/uploads/2023/12/Utredning-om-prisjusteringsvinduer-2023.pdf,direct_pdf,unknown,,cited in bibliotek/konkurransetilsynet/prisjusteringsvinduer-2023.md
P3,md-scrape,bibliotek/nou/nou-2011-4-sammendrag,"Sammendrag: NOU 2011:4 — Mat, makt og avmakt",,https://www.regjeringen.no/no/dokumenter/nou-2011-4/id640128/,landing_page,unknown,,cited in bibliotek/nou/nou-2011-4-sammendrag.md
P3,md-scrape,bibliotek/nou-stortingsdok-juridisk,"NOU-er, Stortingsdokumenter og Juridiske Kilder",,https://www.regjeringen.no/no/dokumenter/nou-2013-6/id725309/,landing_page,unknown,,cited in bibliotek/nou-stortingsdok-juridisk.md
P3,md-scrape,bibliotek/pubmed-soek-2026-03-19,PubMed-søk: Relevante publikasjoner for Food Systems 2026,,https://doi.org/10.29219/fnr.v68.10489,doi,unknown,,cited in bibliotek/pubmed-soek-2026-03-19.md
P3,md-scrape,bibliotek/regulering/prisjeger-vedtaket-analyse,Sammendrag: Prisjeger-vedtaket -- Konkurransetilsynets historiske milliardgebyr,,https://konkurransetilsynet.no/decisions/vedtak-v2024-4-coop-norge-sa-norgesgruppen-asa-rema-1000-as-palegg-om-opphor-av-overtredelse-etter-konkurranseloven-%C2%A7-12-1-ledd-og-ileggelse-av-overtredelsesgebyr-etter-konkurransel/,landing_page,unknown,,cited in bibliotek/regulering/prisjeger-vedtaket-analyse.md
P3,md-scrape,bibliotek/samisk/arktisk-matproduksjon-urfolksperspektiver,Sammendrag: Arktisk matproduksjon og urfolksperspektiver,,https://arctic-council.org/news/eallu-and-arctic-indigenous-peoples-food-systems/,landing_page,unknown,,cited in bibliotek/samisk/arktisk-matproduksjon-urfolksperspektiver.md
P3,md-scrape,bibliotek/samisk/samisk-matsuverenitet,Sammendrag: Samisk matsuverenitet,,https://www.researchgate.net/publication/342900511_Sami_Identity_and_Traditional_Livelihood_Practices_From_Non-Indigenous_to_Indigenous_Food_Frameworks,landing_page,unknown,,cited in bibliotek/samisk/samisk-matsuverenitet.md
P3,md-scrape,bibliotek/sirkularitet/carbon-footprint-food-meta-analysis-2025,Carbon Footprint of Food Production: Meta-analysis of 118 LCA Studies,,https://doi.org/10.1038/s41598-2025,doi,unknown,,cited in bibliotek/sirkularitet/carbon-footprint-food-meta-analysis-2025.md
P3,md-scrape,bibliotek/sirkularitet/insekt-industri-sirkulaer-biookonomi-2024,Insect Industry in Circular Bioeconomy: Research Agenda and Nordic Perspectives,,https://doi.org/10.1186/s12302-024,doi,unknown,,cited in bibliotek/sirkularitet/insekt-industri-sirkulaer-biookonomi-2024.md
P3,md-scrape,bibliotek/sirkularitet/lca-norsk-mat-database-2025,Første Norske LCA-database for Matvarer,,https://doi.org/10.1080/16546628.2025,doi,unknown,,cited in bibliotek/sirkularitet/lca-norsk-mat-database-2025.md
P3,md-scrape,bibliotek/sirkularitet/nordisk-matsvinn-rapport-2024,Empowering Effective Food Waste Solutions in the Nordic Region,,https://pub.norden.org/nord2024-034/nord2024-034.pdf,direct_pdf,unknown,,cited in bibliotek/sirkularitet/nordisk-matsvinn-rapport-2024.md