entityType,entityId,fieldPath,companyId,companyName,personName,personKey,role,shareholderName,ownershipPct,country,orgNr,registrySource,recommendedSourcePath,reason
BoardMember,cmp8xyt2c001uxrvmavzqs9yq,,cmp8xyt25001nxrvm5fopu1xb,Orkla ASA,Stein Erik Hagen,stein-erik-hagen,styreleder,,,NO,910747711,data.brreg.no/enhetsregisteret,bronnoysund_role_or_entity_snapshot,missing_board_member_field_citation
BoardMember,cmp8xyt32002hxrvm6lgvgtvd,,cmp8xyt2l0025xrvmxuh0939x,Nortura SA,Erlend Rønning,erlend-rnning,styremedlem,,,NO,938752648,data.brreg.no/enhetsregisteret,bronnoysund_role_or_entity_snapshot,missing_board_member_field_citation
BoardMember,cmp8xyt3w003jxrvmwkzim3or,,cmp8xyt3l0037xrvmpzlb3lbw,TINE SA,Anne Berit Løset,anne-berit-lset,styremedlem,,,NO,947942638,data.brreg.no/enhetsregisteret,bronnoysund_role_or_entity_snapshot,missing_board_member_field_citation
BoardMember,cmp8xyt560057xrvmu1hljr8g,,cmp8xyt4t004sxrvm7b86awqx,BAMA Gruppen AS,Rune Dalsaune,rune-dalsaune,styremedlem,,,NO,914224314,data.brreg.no/enhetsregisteret,bronnoysund_role_or_entity_snapshot,missing_board_member_field_citation
BoardMember,cmp8xyt9n0086xrvmzzh5nj26,,cmp8xyt9k0081xrvmnmdi03r5,Too Good To Go Norge AS,Lucie Basch,lucie-basch,styremedlem,,,NO,917203261,,bronnoysund_role_or_entity_snapshot,missing_board_member_field_citation
BoardMember,cmp8xyt9n0085xrvm65o053qa,,cmp8xyt9k0081xrvmnmdi03r5,Too Good To Go Norge AS,Sigve Skattebo,sigve-skattebo,styremedlem,,,NO,917203261,,bronnoysund_role_or_entity_snapshot,missing_board_member_field_citation
BoardMember,cmp8xyt9n0087xrvmruzt8jsx,,cmp8xyt9k0081xrvmnmdi03r5,Too Good To Go Norge AS,Thomas Damsgaard,thomas-damsgaard,styremedlem,,,NO,917203261,,bronnoysund_role_or_entity_snapshot,missing_board_member_field_citation
BoardMember,cmp8xyt9q008bxrvmf7qem1k9,,cmp8xyt9o0088xrvmoop48ij7,Oda,Karl Munthe-Kaas,karl-munthekaas,CEO,,,NO,932256134,,bronnoysund_role_or_entity_snapshot,missing_board_member_field_citation
BoardMember,cmp8xyta2008exrvmpcizz9ih,,cmp8xyt9o0088xrvmoop48ij7,Oda,Kristoffer Eide Hoen,kristoffer-eide-hoen,styremedlem,,,NO,932256134,,bronnoysund_role_or_entity_snapshot,missing_board_member_field_citation
BoardMember,cmp8xyta2008fxrvm8f5bdukw,,cmp8xyt9o0088xrvmoop48ij7,Oda,Lars Boilesen,lars-boilesen,styremedlem,,,NO,932256134,,bronnoysund_role_or_entity_snapshot,missing_board_member_field_citation
BoardMember,cmp8xyta3008gxrvm3vawkunx,,cmp8xyt9o0088xrvmoop48ij7,Oda,Nils Petter Hollekim,nils-petter-hollekim,styremedlem,,,NO,932256134,,bronnoysund_role_or_entity_snapshot,missing_board_member_field_citation
BoardMember,cmp8xytaa008pxrvmvchoqhj0,,cmp8xyta3008hxrvmhpcstihu,Holdbart AS,Solveig Fauske,solveig-fauske,styremedlem,,,NO,815664582,,bronnoysund_role_or_entity_snapshot,missing_board_member_field_citation
BoardMember,cmp8xytbg009uxrvmfalj9y9k,,cmp8xytb8009pxrvmjdg1chp6,Austevoll Seafood ASA,Helge Møgster,helge-mgster,styreleder,,,NO,929975200,,bronnoysund_role_or_entity_snapshot,missing_board_member_field_citation
BoardMember,cmp8xytbi009zxrvm3tadlzcr,,cmp8xytbh009xxrvmwf5gnlcp,Kavli Holding AS,Erik Volden,erik-volden,styreleder,,,NO,913344162,,bronnoysund_role_or_entity_snapshot,missing_board_member_field_citation
BoardMember,cmp8xytbj00a0xrvmlmq2tbvb,,cmp8xytbh009xxrvmwf5gnlcp,Kavli Holding AS,Inger Elise Mey,inger-elise-mey,CEO,,,NO,913344162,,bronnoysund_role_or_entity_snapshot,missing_board_member_field_citation
BoardMember,cmp8xytbj00a1xrvm0nch5zuu,,cmp8xytbh009xxrvmwf5gnlcp,Kavli Holding AS,Trond Mohn,trond-mohn,styremedlem,,,NO,913344162,,bronnoysund_role_or_entity_snapshot,missing_board_member_field_citation
BoardMember,cmp8xytbu00a5xrvmtvancx7s,,cmp8xytbp00a2xrvmgp9lh2h2,Unil AS,Anne Catrine Tøftum,anne-catrine-tftum,CEO,,,NO,885316522,,bronnoysund_role_or_entity_snapshot,missing_board_member_field_citation
BoardMember,cmp8xytbu00a4xrvm8sfurivp,,cmp8xytbp00a2xrvmgp9lh2h2,Unil AS,Runar Hollevik,runar-hollevik,styreleder,,,NO,885316522,,bronnoysund_role_or_entity_snapshot,missing_board_member_field_citation
BoardMember,cmp8xytbx00a9xrvmvc48emb6,,cmp8xytbv00a6xrvmi8ugubkz,REMA 1000 Norge AS,Trond Bentestuen,trond-bentestuen,CEO,,,NO,982254604,data.brreg.no/enhetsregisteret,bronnoysund_role_or_entity_snapshot,missing_board_member_field_citation
BoardMember,cmp8xytcl00azxrvmby5i34sc,,cmp8xytca00alxrvm4atlmz8s,ICA Gruppen AB,Anette Rosengren,anette-rosengren,styremedlem,,,SE,SE-556048-2837,,bolagsverket_manual_or_api,missing_board_member_field_citation
BoardMember,cmp8xytcl00axxrvmt13txenk,,cmp8xytca00alxrvm4atlmz8s,ICA Gruppen AB,Bengt Kjell,bengt-kjell,styremedlem,,,SE,SE-556048-2837,,bolagsverket_manual_or_api,missing_board_member_field_citation
BoardMember,cmp8xytcl00ayxrvm6keh0mka,,cmp8xytca00alxrvm4atlmz8s,ICA Gruppen AB,Cecilia Horne,cecilia-horne,styremedlem,,,SE,SE-556048-2837,,bolagsverket_manual_or_api,missing_board_member_field_citation
BoardMember,cmp8xytcn00b2xrvm7haw4pxm,,cmp8xytca00alxrvm4atlmz8s,ICA Gruppen AB,Fredrik Hägglund,fredrik-hagglund,CFO,,,SE,SE-556048-2837,,bolagsverket_manual_or_api,missing_board_member_field_citation
BoardMember,cmp8xytck00awxrvmdq037vat,,cmp8xytca00alxrvm4atlmz8s,ICA Gruppen AB,Göran Blomberg,goran-blomberg,styremedlem,,,SE,SE-556048-2837,,bolagsverket_manual_or_api,missing_board_member_field_citation
BoardMember,cmp8xytck00avxrvmn4gm1lci,,cmp8xytca00alxrvm4atlmz8s,ICA Gruppen AB,Jan Amethier,jan-amethier,styremedlem,,,SE,SE-556048-2837,,bolagsverket_manual_or_api,missing_board_member_field_citation
BoardMember,cmp8xytcm00b1xrvmtsxb6fe5,,cmp8xytca00alxrvm4atlmz8s,ICA Gruppen AB,Lars Idermark,lars-idermark,styremedlem,,,SE,SE-556048-2837,,bolagsverket_manual_or_api,missing_board_member_field_citation
BoardMember,cmp8xytcj00atxrvmin1up3fw,,cmp8xytca00alxrvm4atlmz8s,ICA Gruppen AB,Magnus Moberg,magnus-moberg,styrelseordförande,,,SE,SE-556048-2837,,bolagsverket_manual_or_api,missing_board_member_field_citation
BoardMember,cmp8xytcj00auxrvm8ez1i9p2,,cmp8xytca00alxrvm4atlmz8s,ICA Gruppen AB,Nina Jönsson,nina-jonsson,CEO,,,SE,SE-556048-2837,,bolagsverket_manual_or_api,missing_board_member_field_citation
BoardMember,cmp8xytcm00b0xrvma5e5pwqa,,cmp8xytca00alxrvm4atlmz8s,ICA Gruppen AB,Petra Hesser,petra-hesser,styremedlem,,,SE,SE-556048-2837,,bolagsverket_manual_or_api,missing_board_member_field_citation
BoardMember,cmp8xytcy00bhxrvmt1kdzeik,,cmp8xytcn00b3xrvm9e2orzrs,Axfood AB,Ann Carlsson,ann-carlsson,styremedlem,,,SE,SE-556542-5353,,bolagsverket_manual_or_api,missing_board_member_field_citation
BoardMember,cmp8xytcx00bexrvm5rauzbj7,,cmp8xytcn00b3xrvm9e2orzrs,Axfood AB,Björn Annwall,bjorn-annwall,styremedlem,,,SE,SE-556542-5353,,bolagsverket_manual_or_api,missing_board_member_field_citation
BoardMember,cmp8xytcw00bcxrvmjsnuldx7,,cmp8xytcn00b3xrvm9e2orzrs,Axfood AB,Caroline Berg,caroline-berg,styrelseordförande,,,SE,SE-556542-5353,,bolagsverket_manual_or_api,missing_board_member_field_citation
BoardMember,cmp8xytcy00bjxrvmvnzbjf8y,,cmp8xytcn00b3xrvm9e2orzrs,Axfood AB,Caroline Sundewall,caroline-sundewall,styremedlem,,,SE,SE-556542-5353,,bolagsverket_manual_or_api,missing_board_member_field_citation
BoardMember,cmp8xytcy00bgxrvmiuxl34rj,,cmp8xytcn00b3xrvm9e2orzrs,Axfood AB,Christian Luiga,christian-luiga,styremedlem,,,SE,SE-556542-5353,,bolagsverket_manual_or_api,missing_board_member_field_citation
BoardMember,cmp8xytcy00bixrvm6p4ispom,,cmp8xytcn00b3xrvm9e2orzrs,Axfood AB,Erik Selin,erik-selin,styremedlem,,,SE,SE-556542-5353,,bolagsverket_manual_or_api,missing_board_member_field_citation
BoardMember,cmp8xytcz00bkxrvmddpkd1vy,,cmp8xytcn00b3xrvm9e2orzrs,Axfood AB,Lars Olofsson,lars-olofsson,styremedlem,,,SE,SE-556542-5353,,bolagsverket_manual_or_api,missing_board_member_field_citation
BoardMember,cmp8xytcx00bfxrvmvd30z6iw,,cmp8xytcn00b3xrvm9e2orzrs,Axfood AB,Mia Brunell Livfors,mia-brunell-livfors,styremedlem,,,SE,SE-556542-5353,,bolagsverket_manual_or_api,missing_board_member_field_citation
BoardMember,cmp8xytcz00blxrvm2ep5yznv,,cmp8xytcn00b3xrvm9e2orzrs,Axfood AB,Nicholas Högberg,nicholas-hogberg,CFO,,,SE,SE-556542-5353,,bolagsverket_manual_or_api,missing_board_member_field_citation
BoardMember,cmp8xytcx00bdxrvmypgo6qn3,,cmp8xytcn00b3xrvm9e2orzrs,Axfood AB,Simone Margulies,simone-margulies,CEO,,,SE,SE-556542-5353,,bolagsverket_manual_or_api,missing_board_member_field_citation
BoardMember,cmp8xytdc00byxrvmeolstkts,,cmp8xytcz00bmxrvmeajnuf9t,Coop Sverige AB,Eva Karlsson,eva-karlsson,styremedlem,,,SE,SE-702001-3469,,bolagsverket_manual_or_api,missing_board_member_field_citation
BoardMember,cmp8xytd900buxrvm8g012epw,,cmp8xytcz00bmxrvmeajnuf9t,Coop Sverige AB,Karl Anders Torell,karl-anders-torell,CEO,,,SE,SE-702001-3469,,bolagsverket_manual_or_api,missing_board_member_field_citation
BoardMember,cmp8xytd900btxrvmj4w4fkvd,,cmp8xytcz00bmxrvmeajnuf9t,Coop Sverige AB,Kerstin Wallentin,kerstin-wallentin,styrelseordförande,,,SE,SE-702001-3469,,bolagsverket_manual_or_api,missing_board_member_field_citation
BoardMember,cmp8xytdc00bxxrvmrjdlpevx,,cmp8xytcz00bmxrvmeajnuf9t,Coop Sverige AB,Lena Rökaas,lena-rokaas,styremedlem,,,SE,SE-702001-3469,,bolagsverket_manual_or_api,missing_board_member_field_citation
BoardMember,cmp8xytdd00c0xrvm3rgqf043,,cmp8xytcz00bmxrvmeajnuf9t,Coop Sverige AB,Malin Sundström,malin-sundstrom,styremedlem,,,SE,SE-702001-3469,,bolagsverket_manual_or_api,missing_board_member_field_citation
BoardMember,cmp8xytdb00bvxrvm42rw9cjf,,cmp8xytcz00bmxrvmeajnuf9t,Coop Sverige AB,Meta Persdotter,meta-persdotter,styremedlem,,,SE,SE-702001-3469,,bolagsverket_manual_or_api,missing_board_member_field_citation
BoardMember,cmp8xytdd00c1xrvmcw6e9k04,,cmp8xytcz00bmxrvmeajnuf9t,Coop Sverige AB,Michael Olander,michael-olander,styremedlem,,,SE,SE-702001-3469,,bolagsverket_manual_or_api,missing_board_member_field_citation
BoardMember,cmp8xytdb00bwxrvm5jefn64g,,cmp8xytcz00bmxrvmeajnuf9t,Coop Sverige AB,Ronnie Wångdahl,ronnie-wangdahl,vice ordförande,,,SE,SE-702001-3469,,bolagsverket_manual_or_api,missing_board_member_field_citation
BoardMember,cmp8xytdc00bzxrvmgdl8d45e,,cmp8xytcz00bmxrvmeajnuf9t,Coop Sverige AB,Tobias Svensson,tobias-svensson,styremedlem,,,SE,SE-702001-3469,,bolagsverket_manual_or_api,missing_board_member_field_citation
BoardMember,cmp8xytdp00ccxrvm5appya1s,,cmp8xytdd00c2xrvmg4yblf40,Lidl Sverige KB,Anna Lund,anna-lund,styremedlem,,,SE,SE-969697-6594,,bolagsverket_manual_or_api,missing_board_member_field_citation
BoardMember,cmp8xytdp00cdxrvmg55vbjpc,,cmp8xytdd00c2xrvmg4yblf40,Lidl Sverige KB,Erik Peters,erik-peters,styremedlem,,,SE,SE-969697-6594,,bolagsverket_manual_or_api,missing_board_member_field_citation
BoardMember,cmp8xytdm00caxrvm931qvfc8,,cmp8xytdd00c2xrvmg4yblf40,Lidl Sverige KB,Johan Augustsson,johan-augustsson,CFO,,,SE,SE-969697-6594,,bolagsverket_manual_or_api,missing_board_member_field_citation
BoardMember,cmp8xytdl00c9xrvmgtddtu3d,,cmp8xytdd00c2xrvmg4yblf40,Lidl Sverige KB,Juan Aranols,juan-aranols,CEO Lidl Sverige,,,SE,SE-969697-6594,,bolagsverket_manual_or_api,missing_board_member_field_citation
BoardMember,cmp8xytdo00cbxrvmm9p8g8fc,,cmp8xytdd00c2xrvmg4yblf40,Lidl Sverige KB,Magnus Edlund,magnus-edlund,styremedlem,,,SE,SE-969697-6594,,bolagsverket_manual_or_api,missing_board_member_field_citation
BoardMember,cmp8xytdx00cmxrvmwpmo96dk,,cmp8xytdq00cexrvmnyah62ph,Salling Group A/S,Anders Hagh,anders-hagh,CEO,,,DK,DK-35954716,,cvr_credentials_or_browser,missing_board_member_field_citation
BoardMember,cmp8xytdy00cnxrvm9qkaqa1h,,cmp8xytdq00cexrvmnyah62ph,Salling Group A/S,Bjørn Gulden,bjrn-gulden,bestyrelsesmedlem,,,DK,DK-35954716,,cvr_credentials_or_browser,missing_board_member_field_citation
BoardMember,cmp8xytdy00coxrvmpj2mjy7m,,cmp8xytdq00cexrvmnyah62ph,Salling Group A/S,Jens Bjerg Sørensen,jens-bjerg-srensen,næstformand,,,DK,DK-35954716,,cvr_credentials_or_browser,missing_board_member_field_citation
BoardMember,cmp8xyte500csxrvmtunnqo25,,cmp8xytdq00cexrvmnyah62ph,Salling Group A/S,Lars Olsen,lars-olsen,bestyrelsesmedlem,,,DK,DK-35954716,,cvr_credentials_or_browser,missing_board_member_field_citation
BoardMember,cmp8xytdz00cpxrvmk7f40qxj,,cmp8xytdq00cexrvmnyah62ph,Salling Group A/S,Marianne Kirkegaard,marianne-kirkegaard,bestyrelsesmedlem,,,DK,DK-35954716,,cvr_credentials_or_browser,missing_board_member_field_citation
BoardMember,cmp8xyte500ctxrvm54aio557,,cmp8xytdq00cexrvmnyah62ph,Salling Group A/S,Martin Bruun,martin-bruun,bestyrelsesmedlem,,,DK,DK-35954716,,cvr_credentials_or_browser,missing_board_member_field_citation
BoardMember,cmp8xytdx00clxrvmo52n3152,,cmp8xytdq00cexrvmnyah62ph,Salling Group A/S,Nils Smedegaard Andersen,nils-smedegaard-andersen,bestyrelsesformand,,,DK,DK-35954716,,cvr_credentials_or_browser,missing_board_member_field_citation
BoardMember,cmp8xytdz00cqxrvm5elw9nys,,cmp8xytdq00cexrvmnyah62ph,Salling Group A/S,Per Bank,per-bank,bestyrelsesmedlem,,,DK,DK-35954716,,cvr_credentials_or_browser,missing_board_member_field_citation
BoardMember,cmp8xyte400crxrvm2595n5eh,,cmp8xytdq00cexrvmnyah62ph,Salling Group A/S,Susanne Mørch Koch,susanne-mrch-koch,bestyrelsesmedlem,,,DK,DK-35954716,,cvr_credentials_or_browser,missing_board_member_field_citation
BoardMember,cmp8xytef00d9xrvmxq1p4zv3,,cmp8xyte600cuxrvmlygb8gba,Coop Danmark A/S,Brian Falsig,brian-falsig,bestyrelsesmedlem,,,DK,DK-26259495,,cvr_credentials_or_browser,missing_board_member_field_citation
BoardMember,cmp8xytec00d1xrvm50y71trv,,cmp8xyte600cuxrvmlygb8gba,Coop Danmark A/S,Jeff Gravenhorst,jeff-gravenhorst,bestyrelsesformand,,,DK,DK-26259495,,cvr_credentials_or_browser,missing_board_member_field_citation
BoardMember,cmp8xyted00d6xrvmm99cfoae,,cmp8xyte600cuxrvmlygb8gba,Coop Danmark A/S,Jette Aaen,jette-aaen,bestyrelsesmedlem,,,DK,DK-26259495,,cvr_credentials_or_browser,missing_board_member_field_citation
BoardMember,cmp8xyted00d5xrvmat89652v,,cmp8xyte600cuxrvmlygb8gba,Coop Danmark A/S,Kræn Østergård Nielsen,krn-stergard-nielsen,bestyrelsesmedlem,,,DK,DK-26259495,,cvr_credentials_or_browser,missing_board_member_field_citation
BoardMember,cmp8xytee00d7xrvm3yqqplyw,,cmp8xyte600cuxrvmlygb8gba,Coop Danmark A/S,Lars Nielsen,lars-nielsen,bestyrelsesmedlem,,,DK,DK-26259495,,cvr_credentials_or_browser,missing_board_member_field_citation
BoardMember,cmp8xytee00d8xrvm14v5n21g,,cmp8xyte600cuxrvmlygb8gba,Coop Danmark A/S,Lasse Bolander,lasse-bolander,bestyrelsesmedlem,,,DK,DK-26259495,,cvr_credentials_or_browser,missing_board_member_field_citation
BoardMember,cmp8xyted00d4xrvmzlh5lb7a,,cmp8xyte600cuxrvmlygb8gba,Coop Danmark A/S,Morten Mosegaard,morten-mosegaard,bestyrelsesmedlem,,,DK,DK-26259495,,cvr_credentials_or_browser,missing_board_member_field_citation
BoardMember,cmp8xyted00d3xrvmrjxlb52f,,cmp8xyte600cuxrvmlygb8gba,Coop Danmark A/S,Rasmus Willig,rasmus-willig,bestyrelsesmedlem,,,DK,DK-26259495,,cvr_credentials_or_browser,missing_board_member_field_citation
BoardMember,cmp8xytec00d2xrvmvuw81wp6,,cmp8xyte600cuxrvmlygb8gba,Coop Danmark A/S,Thor Skov Jørgensen,thor-skov-jrgensen,CEO,,,DK,DK-26259495,,cvr_credentials_or_browser,missing_board_member_field_citation
BoardMember,cmp8xytep00dlxrvmxr9r5zd5,,cmp8xytef00daxrvm80gdkpkl,REMA 1000 A/S,Frank Hansen,frank-hansen,bestyrelsesmedlem,,,DK,DK-14705627,,cvr_credentials_or_browser,missing_board_member_field_citation
BoardMember,cmp8xyteo00dixrvmivfu3ufa,,cmp8xytef00daxrvm80gdkpkl,REMA 1000 A/S,Henrik Burkal,henrik-burkal,CEO,,,DK,DK-14705627,,cvr_credentials_or_browser,missing_board_member_field_citation
BoardMember,cmp8xytep00dkxrvmrx7q0em5,,cmp8xytef00daxrvm80gdkpkl,REMA 1000 A/S,Jesper Lauridsen,jesper-lauridsen,bestyrelsesmedlem,,,DK,DK-14705627,,cvr_credentials_or_browser,missing_board_member_field_citation
BoardMember,cmp8xyteq00dmxrvmtto2wog4,,cmp8xytef00daxrvm80gdkpkl,REMA 1000 A/S,Kristina Olsson,kristina-olsson,bestyrelsesmedlem,,,DK,DK-14705627,,cvr_credentials_or_browser,missing_board_member_field_citation
BoardMember,cmp8xyteq00dnxrvmxyc61fya,,cmp8xytef00daxrvm80gdkpkl,REMA 1000 A/S,Magnus Reitan,magnus-reitan,bestyrelsesmedlem,,,DK,DK-14705627,,cvr_credentials_or_browser,missing_board_member_field_citation
BoardMember,cmp8xyteo00dhxrvmozjrsxqn,,cmp8xytef00daxrvm80gdkpkl,REMA 1000 A/S,Ole Robert Reitan,ole-robert-reitan,bestyrelsesformand,,,DK,DK-14705627,,cvr_credentials_or_browser,missing_board_member_field_citation
BoardMember,cmp8xyteo00djxrvm1jgkl4ap,,cmp8xytef00daxrvm80gdkpkl,REMA 1000 A/S,Thomas Axen,thomas-axen,bestyrelsesmedlem,,,DK,DK-14705627,,cvr_credentials_or_browser,missing_board_member_field_citation
BoardMember,cmp8xytf300dzxrvmfxxmdpqc,,cmp8xyter00doxrvm206trvnu,Dagrofa A/S,Anders Jensen,anders-jensen,bestyrelsesmedlem,,,DK,DK-38714295,,cvr_credentials_or_browser,missing_board_member_field_citation
BoardMember,cmp8xytf400e1xrvmllhl923v,,cmp8xyter00doxrvm206trvnu,Dagrofa A/S,Christian Bilde,christian-bilde,bestyrelsesmedlem,,,DK,DK-38714295,,cvr_credentials_or_browser,missing_board_member_field_citation
BoardMember,cmp8xytf400e2xrvmokhnq2pi,,cmp8xyter00doxrvm206trvnu,Dagrofa A/S,Knut Haakon Hollevik,knut-haakon-hollevik,bestyrelsesmedlem,,,DK,DK-38714295,,cvr_credentials_or_browser,missing_board_member_field_citation
BoardMember,cmp8xytf400e0xrvmh1crfga6,,cmp8xyter00doxrvm206trvnu,Dagrofa A/S,Lise Kaae,lise-kaae,bestyrelsesmedlem,,,DK,DK-38714295,,cvr_credentials_or_browser,missing_board_member_field_citation
BoardMember,cmp8xytf300dyxrvm8wjje6df,,cmp8xyter00doxrvm206trvnu,Dagrofa A/S,Martin Bruun,martin-bruun,bestyrelsesformand,,,DK,DK-38714295,,cvr_credentials_or_browser,missing_board_member_field_citation
BoardMember,cmp8xytez00dxxrvmsabmqfs5,,cmp8xyter00doxrvm206trvnu,Dagrofa A/S,Tomas Pietrangeli,tomas-pietrangeli,CEO,,,DK,DK-38714295,,cvr_credentials_or_browser,missing_board_member_field_citation
BoardMember,cmp8xytfd00efxrvmbv2c7h6a,,cmp8xytf500e3xrvm5038rtz6,SOK (S Group),Arttu Laine,arttu-laine,hallituksen jäsen,,,FI,FI-0116323-9,,prh_virre_interactive_or_paid,missing_board_member_field_citation
BoardMember,cmp8xytfb00eaxrvmqfmr7gqx,,cmp8xytf500e3xrvm5038rtz6,SOK (S Group),Hannu Krook,hannu-krook,hallituksen puheenjohtaja,,,FI,FI-0116323-9,,prh_virre_interactive_or_paid,missing_board_member_field_citation
BoardMember,cmp8xytfb00ebxrvm83jb6wee,,cmp8xytf500e3xrvm5038rtz6,SOK (S Group),Harri Miettinen,harri-miettinen,varapuheenjohtaja,,,FI,FI-0116323-9,,prh_virre_interactive_or_paid,missing_board_member_field_citation
BoardMember,cmp8xytfd00eexrvmr3aowlsk,,cmp8xytf500e3xrvm5038rtz6,SOK (S Group),Matti Niemi,matti-niemi,hallituksen jäsen,,,FI,FI-0116323-9,,prh_virre_interactive_or_paid,missing_board_member_field_citation
BoardMember,cmp8xytfe00ehxrvmnx0n6cih,,cmp8xytf500e3xrvm5038rtz6,SOK (S Group),Minna Alitalo,minna-alitalo,hallituksen jäsen,,,FI,FI-0116323-9,,prh_virre_interactive_or_paid,missing_board_member_field_citation
BoardMember,cmp8xytfc00ecxrvmnundfqfr,,cmp8xytf500e3xrvm5038rtz6,SOK (S Group),Minna Lindholm,minna-lindholm,hallituksen jäsen,,,FI,FI-0116323-9,,prh_virre_interactive_or_paid,missing_board_member_field_citation
BoardMember,cmp8xytfd00egxrvmj8e8jv0u,,cmp8xytf500e3xrvm5038rtz6,SOK (S Group),Sari Björkqvist,sari-bjorkqvist,hallituksen jäsen,,,FI,FI-0116323-9,,prh_virre_interactive_or_paid,missing_board_member_field_citation
BoardMember,cmp8xytfc00edxrvmfz9r9mju,,cmp8xytf500e3xrvm5038rtz6,SOK (S Group),Taavi Heikkilä,taavi-heikkila,toimitusjohtaja,,,FI,FI-0116323-9,,prh_virre_interactive_or_paid,missing_board_member_field_citation
BoardMember,cmp8xytfr00ewxrvmga0p6ykn,,cmp8xytfe00eixrvmirdqrc44,Kesko Oyj,Anu Nissinen,anu-nissinen,hallituksen jäsen,,,FI,FI-0110456-8,,prh_virre_interactive_or_paid,missing_board_member_field_citation
BoardMember,cmp8xytfp00erxrvmdzxiivw3,,cmp8xytfe00eixrvmirdqrc44,Kesko Oyj,Esa Kiiskinen,esa-kiiskinen,hallituksen puheenjohtaja,,,FI,FI-0110456-8,,prh_virre_interactive_or_paid,missing_board_member_field_citation
BoardMember,cmp8xytfq00euxrvmsrfh6765,,cmp8xytfe00eixrvmirdqrc44,Kesko Oyj,Jannica Fagerholm,jannica-fagerholm,hallituksen jäsen,,,FI,FI-0110456-8,,prh_virre_interactive_or_paid,missing_board_member_field_citation
BoardMember,cmp8xytfp00esxrvmfgmnxq3s,,cmp8xytfe00eixrvmirdqrc44,Kesko Oyj,Jorma Rauhala,jorma-rauhala,CEO,,,FI,FI-0110456-8,,prh_virre_interactive_or_paid,missing_board_member_field_citation
BoardMember,cmp8xytfs00f0xrvmhq38177x,,cmp8xytfe00eixrvmirdqrc44,Kesko Oyj,Matti Niinikoski,matti-niinikoski,hallituksen jäsen,,,FI,FI-0110456-8,,prh_virre_interactive_or_paid,missing_board_member_field_citation
BoardMember,cmp8xytfs00ezxrvmsmf3i8zd,,cmp8xytfe00eixrvmirdqrc44,Kesko Oyj,Peter Fagernäs,peter-fagernas,hallituksen jäsen,,,FI,FI-0110456-8,,prh_virre_interactive_or_paid,missing_board_member_field_citation
BoardMember,cmp8xytfq00evxrvmmrkyyha0,,cmp8xytfe00eixrvmirdqrc44,Kesko Oyj,Piia Karhu,piia-karhu,hallituksen jäsen,,,FI,FI-0110456-8,,prh_virre_interactive_or_paid,missing_board_member_field_citation
BoardMember,cmp8xytfr00exxrvmmahhd9hf,,cmp8xytfe00eixrvmirdqrc44,Kesko Oyj,Pirkko Juntti,pirkko-juntti,hallituksen jäsen,,,FI,FI-0110456-8,,prh_virre_interactive_or_paid,missing_board_member_field_citation
BoardMember,cmp8xytfq00etxrvmr4ujroo3,,cmp8xytfe00eixrvmirdqrc44,Kesko Oyj,Timo Ritakallio,timo-ritakallio,varapuheenjohtaja,,,FI,FI-0110456-8,,prh_virre_interactive_or_paid,missing_board_member_field_citation
BoardMember,cmp8xytfs00eyxrvmha9ybko9,,cmp8xytfe00eixrvmirdqrc44,Kesko Oyj,Tomi Korpisaari,tomi-korpisaari,hallituksen jäsen,,,FI,FI-0110456-8,,prh_virre_interactive_or_paid,missing_board_member_field_citation
BoardMember,cmp8xytg200fbxrvmnwji9ogr,,cmp8xytft00f1xrvmg69nyoo1,Lidl Suomi Ky,Kimmo Mattila,kimmo-mattila,CFO,,,FI,FI-1615492-7,,prh_virre_interactive_or_paid,missing_board_member_field_citation
BoardMember,cmp8xytg100f9xrvmqku2oyug,,cmp8xytft00f1xrvmg69nyoo1,Lidl Suomi Ky,Lauri Sipilä,lauri-sipila,hallituksen jäsen,,,FI,FI-1615492-7,,prh_virre_interactive_or_paid,missing_board_member_field_citation
BoardMember,cmp8xytg100f8xrvm8asp7c3u,,cmp8xytft00f1xrvmg69nyoo1,Lidl Suomi Ky,Nicholas Pennanen,nicholas-pennanen,CEO Lidl Suomi,,,FI,FI-1615492-7,,prh_virre_interactive_or_paid,missing_board_member_field_citation
BoardMember,cmp8xytg100faxrvma1agv2iq,,cmp8xytft00f1xrvmg69nyoo1,Lidl Suomi Ky,Satu Wähälä,satu-wahala,hallituksen jäsen,,,FI,FI-1615492-7,,prh_virre_interactive_or_paid,missing_board_member_field_citation
BoardMember,cmp8xytgp00foxrvmee7wfdwq,,cmp8xytg200fcxrvmqcdfpxb6,Hagar hf,Bergros Olafsdottir,bergros-olafsdottir,stjórnarmaður,,,IS,IS-670203-2120,,skatturinn_interactive_download,missing_board_member_field_citation
BoardMember,cmp8xytgn00fkxrvmpnt9uotp,,cmp8xytg200fcxrvmqcdfpxb6,Hagar hf,Finnur Oddsson,finnur-oddsson,stjórnarformaður,,,IS,IS-670203-2120,,skatturinn_interactive_download,missing_board_member_field_citation
BoardMember,cmp8xytgo00fmxrvmc2nboz5e,,cmp8xytg200fcxrvmqcdfpxb6,Hagar hf,Gudbjörg Edda Eggertsdottir,gudbjorg-edda-eggertsdottir,stjórnarmaður,,,IS,IS-670203-2120,,skatturinn_interactive_download,missing_board_member_field_citation
BoardMember,cmp8xytgo00fnxrvmuolg5fup,,cmp8xytg200fcxrvmqcdfpxb6,Hagar hf,Halldor Kristjansson,halldor-kristjansson,stjórnarmaður,,,IS,IS-670203-2120,,skatturinn_interactive_download,missing_board_member_field_citation
BoardMember,cmp8xytgp00fpxrvmfs7kk42m,,cmp8xytg200fcxrvmqcdfpxb6,Hagar hf,Jon Thorvardur Heidarsson,jon-thorvardur-heidarsson,stjórnarmaður,,,IS,IS-670203-2120,,skatturinn_interactive_download,missing_board_member_field_citation
BoardMember,cmp8xytgo00flxrvm2n1rznf5,,cmp8xytg200fcxrvmqcdfpxb6,Hagar hf,Sigurdur Helgason,sigurdur-helgason,forstjóri,,,IS,IS-670203-2120,,skatturinn_interactive_download,missing_board_member_field_citation
BoardMember,cmp8xytgx00fyxrvm9v5qbo6n,,cmp8xytgq00fqxrvmhy225al2,Samkaup hf,Auður Daníelsdóttir,auur-danielsdottir,CEO,,,IS,IS-571298-3769,,skatturinn_interactive_download,missing_board_member_field_citation
BoardMember,cmp8xytgz00g1xrvm4ikkacq6,,cmp8xytgq00fqxrvmhy225al2,Samkaup hf,Bjarni Arason,bjarni-arason,stjórnarmaður,,,IS,IS-571298-3769,,skatturinn_interactive_download,missing_board_member_field_citation
BoardMember,cmp8xytgx00fxxrvmphgaq67w,,cmp8xytgq00fqxrvmhy225al2,Samkaup hf,Jón Ásgeir Jóhannesson,jon-asgeir-johannesson,stjórnarformaður,,,IS,IS-571298-3769,,skatturinn_interactive_download,missing_board_member_field_citation
BoardMember,cmp8xytha00g3xrvm8nore71v,,cmp8xytgq00fqxrvmhy225al2,Samkaup hf,Kristjan Loftsson,kristjan-loftsson,stjórnarmaður,,,IS,IS-571298-3769,,skatturinn_interactive_download,missing_board_member_field_citation
BoardMember,cmp8xytgy00fzxrvm1tf4hpgk,,cmp8xytgq00fqxrvmhy225al2,Samkaup hf,Magnús Ingi Einarsson,magnus-ingi-einarsson,stjórnarmaður,,,IS,IS-571298-3769,,skatturinn_interactive_download,missing_board_member_field_citation
BoardMember,cmp8xytgz00g2xrvmjs8jnu67,,cmp8xytgq00fqxrvmhy225al2,Samkaup hf,Sigridur Jonsdottir,sigridur-jonsdottir,stjórnarmaður,,,IS,IS-571298-3769,,skatturinn_interactive_download,missing_board_member_field_citation
BoardMember,cmp8xytgy00g0xrvm8q3pgczw,,cmp8xytgq00fqxrvmhy225al2,Samkaup hf,Thordis Kolbrun Reykfjord Gylfadottir,thordis-kolbrun-reykfjord-gylfadottir,stjórnarmaður,,,IS,IS-571298-3769,,skatturinn_interactive_download,missing_board_member_field_citation
BoardMember,cmp8xythk00gfxrvmwdt6zuh2,,cmp8xythb00g4xrvmuqxxrjy7,Festi hf,Bryndís Hlödversdottir,bryndis-hlodversdottir,stjórnarmaður,,,IS,IS-540206-2010,,skatturinn_interactive_download,missing_board_member_field_citation
BoardMember,cmp8xythj00gexrvmszilcsuj,,cmp8xythb00g4xrvmuqxxrjy7,Festi hf,Helgi Magnússon,helgi-magnusson,stjórnarmaður,,,IS,IS-540206-2010,,skatturinn_interactive_download,missing_board_member_field_citation
BoardMember,cmp8xythl00ghxrvm2lwwhvaj,,cmp8xythb00g4xrvmuqxxrjy7,Festi hf,Jóhanna Vigdís Gudmundsdottir,johanna-vigdis-gudmundsdottir,stjórnarmaður,,,IS,IS-540206-2010,,skatturinn_interactive_download,missing_board_member_field_citation
BoardMember,cmp8xythk00ggxrvmyxgt90mu,,cmp8xythb00g4xrvmuqxxrjy7,Festi hf,Ögmundur Kristinsson,ogmundur-kristinsson,stjórnarmaður,,,IS,IS-540206-2010,,skatturinn_interactive_download,missing_board_member_field_citation
BoardMember,cmp8xythj00gcxrvmuyt2r78h,,cmp8xythb00g4xrvmuqxxrjy7,Festi hf,Sigurlína Ingvarsdóttir,sigurlina-ingvarsdottir,stjórnarformaður,,,IS,IS-540206-2010,,skatturinn_interactive_download,missing_board_member_field_citation
BoardMember,cmp8xythj00gdxrvmz7iv3opa,,cmp8xythb00g4xrvmuqxxrjy7,Festi hf,Sölvi Árnason,solvi-arnason,forstjóri,,,IS,IS-540206-2010,,skatturinn_interactive_download,missing_board_member_field_citation
BoardMember,cmp8xyxhm0002ywvm935o1m1w,,cmp8xyxgw0000ywvm6nzarwyc,REMA Distribusjon Norge AS,Lars Kristian Lindberg,lars-kristian-lindberg,styreleder,,,NO,894759372,,bronnoysund_role_or_entity_snapshot,missing_board_member_field_citation
BoardMember,cmp8xyxhp0005ywvmrnw9hi8y,,cmp8xyxgw0000ywvm6nzarwyc,REMA Distribusjon Norge AS,Magnus Reitan,magnus-reitan,styremedlem,,,NO,894759372,,bronnoysund_role_or_entity_snapshot,missing_board_member_field_citation
BoardMember,cmp8xyxho0004ywvm3ls1c0pt,,cmp8xyxgw0000ywvm6nzarwyc,REMA Distribusjon Norge AS,Ole Robert Reitan,ole-robert-reitan,styremedlem,,,NO,894759372,,bronnoysund_role_or_entity_snapshot,missing_board_member_field_citation
BoardMember,cmp8xyxhn0003ywvmpbbsmm9d,,cmp8xyxgw0000ywvm6nzarwyc,REMA Distribusjon Norge AS,Trond Bentestuen,trond-bentestuen,CEO,,,NO,894759372,,bronnoysund_role_or_entity_snapshot,missing_board_member_field_citation
BoardMember,cmp8xyxhx0008ywvm1v40oc9h,,cmp8xyxhq0006ywvm3fzeullv,Norsk Kylling AS,Eirik Strøm,eirik-strm,styreleder,,,NO,980411133,,bronnoysund_role_or_entity_snapshot,missing_board_member_field_citation
BoardMember,cmp8xyxhy0009ywvmnj6ss4q6,,cmp8xyxhq0006ywvm3fzeullv,Norsk Kylling AS,Kjell Stokbakken,kjell-stokbakken,CEO,,,NO,980411133,,bronnoysund_role_or_entity_snapshot,missing_board_member_field_citation
BoardMember,cmp8xyxhz000aywvmf82tttwq,,cmp8xyxhq0006ywvm3fzeullv,Norsk Kylling AS,Tone Skaare,tone-skaare,styremedlem,,,NO,980411133,,bronnoysund_role_or_entity_snapshot,missing_board_member_field_citation
BoardMember,cmp8xyxi2000dywvmsddb4il5,,cmp8xyxhz000bywvmqye03rmv,Gartnerhallen SA,Hans Edvard Torp,hans-edvard-torp,styreleder,,,NO,945958405,,bronnoysund_role_or_entity_snapshot,missing_board_member_field_citation
BoardMember,cmp8xyxi3000fywvmbohapc8a,,cmp8xyxhz000bywvmqye03rmv,Gartnerhallen SA,Svein Olav Thomassen,svein-olav-thomassen,styremedlem,,,NO,945958405,,bronnoysund_role_or_entity_snapshot,missing_board_member_field_citation
BoardMember,cmp8xyxi2000eywvmb96avj07,,cmp8xyxhz000bywvmqye03rmv,Gartnerhallen SA,Tonje Østvang,tonje-stvang,styremedlem,,,NO,945958405,,bronnoysund_role_or_entity_snapshot,missing_board_member_field_citation
BoardMember,cmp8xyxi6000iywvm2uojtvt2,,cmp8xyxi3000gywvmoqkh12pg,Norges Sjømatråd AS,Inger-Marie Sperre,ingermarie-sperre,styreleder,,,NO,988597627,,bronnoysund_role_or_entity_snapshot,missing_board_member_field_citation
BoardMember,cmp8xyxi8000lywvmstaxp7u1,,cmp8xyxi3000gywvmoqkh12pg,Norges Sjømatråd AS,Siri Pettersen Strandenes,siri-pettersen-strandenes,styremedlem,,,NO,988597627,,bronnoysund_role_or_entity_snapshot,missing_board_member_field_citation
BoardMember,cmp8xyxi7000kywvmaev97118,,cmp8xyxi3000gywvmoqkh12pg,Norges Sjømatråd AS,Svein Ove Haugland,svein-ove-haugland,styremedlem,,,NO,988597627,,bronnoysund_role_or_entity_snapshot,missing_board_member_field_citation
BoardMember,cmp8xyxif000qywvmua5jl14s,,cmp8xyxib000mywvmcuule0js,Lantmännen Cerealia AS,Anders Holm,anders-holm,styremedlem,,,NO,910629085,,bronnoysund_role_or_entity_snapshot,missing_board_member_field_citation
BoardMember,cmp8xyxif000pywvmz0zazxfp,,cmp8xyxib000mywvmcuule0js,Lantmännen Cerealia AS,Henrik Collin,henrik-collin,styremedlem,,,NO,910629085,,bronnoysund_role_or_entity_snapshot,missing_board_member_field_citation
BoardMember,cmp8xyxie000oywvmengt0zjf,,cmp8xyxib000mywvmcuule0js,Lantmännen Cerealia AS,Per Olof Nyman,per-olof-nyman,styreleder,,,NO,910629085,,bronnoysund_role_or_entity_snapshot,missing_board_member_field_citation
BoardMember,cmp8xyxii000tywvmyzm2eqin,,cmp8xyxig000rywvm1vql3agx,Cermaq Norway AS,Geir Molvik,geir-molvik,styreleder,,,NO,961922976,,bronnoysund_role_or_entity_snapshot,missing_board_member_field_citation
BoardMember,cmp8xyxik000vywvmnmxiav53,,cmp8xyxig000rywvm1vql3agx,Cermaq Norway AS,Knut Ellekjær,knut-ellekjr,styremedlem,,,NO,961922976,,bronnoysund_role_or_entity_snapshot,missing_board_member_field_citation
BoardMember,cmp8xyxik000uywvm3p838l2v,,cmp8xyxig000rywvm1vql3agx,Cermaq Norway AS,Steven Rafferty,steven-rafferty,CEO,,,NO,961922976,,bronnoysund_role_or_entity_snapshot,missing_board_member_field_citation
BoardMember,cmp8xyxio000yywvme3m7xk46,,cmp8xyxim000wywvmmto53yhr,BioMar AS,Carlos Diaz,carlos-diaz,styreleder,,,NO,937843860,,bronnoysund_role_or_entity_snapshot,missing_board_member_field_citation
BoardMember,cmp8xyxip000zywvmbseuqo0g,,cmp8xyxim000wywvmmto53yhr,BioMar AS,Henrik Aarestrup,henrik-aarestrup,CEO,,,NO,937843860,,bronnoysund_role_or_entity_snapshot,missing_board_member_field_citation
BoardMember,cmp8xyxis0010ywvmshwila1v,,cmp8xyxim000wywvmmto53yhr,BioMar AS,Paddy Campbell,paddy-campbell,styremedlem,,,NO,937843860,,bronnoysund_role_or_entity_snapshot,missing_board_member_field_citation
BoardMember,cmp8xyxiu0013ywvmwbhu1ar3,,cmp8xyxit0011ywvm8qm4kgzk,Grilstad AS,Anders Grilstad,anders-grilstad,styreleder,,,NO,937070632,,bronnoysund_role_or_entity_snapshot,missing_board_member_field_citation
BoardMember,cmp8xyxiv0015ywvmnph1opou,,cmp8xyxit0011ywvm8qm4kgzk,Grilstad AS,Anne Marit Panengstuen,anne-marit-panengstuen,styremedlem,,,NO,937070632,,bronnoysund_role_or_entity_snapshot,missing_board_member_field_citation
BoardMember,cmp8xyxiv0014ywvmwfwds7vv,,cmp8xyxit0011ywvm8qm4kgzk,Grilstad AS,Jørgen Wiig,jrgen-wiig,CEO,,,NO,937070632,,bronnoysund_role_or_entity_snapshot,missing_board_member_field_citation
Shareholder,cmp8xyt2c001txrvmzkbfu8pf,,cmp8xyt25001nxrvm5fopu1xb,Orkla ASA,,,,Stein Erik Hagen (Canica),25.1,NO,910747711,data.brreg.no/enhetsregisteret,bronnoysund_role_or_entity_snapshot,missing_shareholder_field_citation
Shareholder,cmp8xyt2q002bxrvmldcpqakt,,cmp8xyt2l0025xrvmxuh0939x,Nortura SA,,,,17 000 bønder,100,NO,938752648,data.brreg.no/enhetsregisteret,bronnoysund_role_or_entity_snapshot,missing_shareholder_field_citation
Shareholder,cmp8xyt3s003dxrvm2j0qjmem,,cmp8xyt3l0037xrvmpzlb3lbw,TINE SA,,,,8 600 melkebønder,100,NO,947942638,data.brreg.no/enhetsregisteret,bronnoysund_role_or_entity_snapshot,missing_shareholder_field_citation
Shareholder,cmp8xyt4k004exrvm9bbm8kpe,,cmp8xyt4b0048xrvm0b9hbwbs,Felleskjøpet Agri SA,,,,42 000 bondemedlemmer,100,NO,911608103,,bronnoysund_role_or_entity_snapshot,missing_shareholder_field_citation
Shareholder,cmp8xyt5f005gxrvmlefzl47s,,cmp8xyt58005axrvmq4uvylny,Mowi ASA,,,,John Fredriksen,14.4,NO,964118191,data.brreg.no/enhetsregisteret,bronnoysund_role_or_entity_snapshot,missing_shareholder_field_citation
Shareholder,cmp8xyt5x005xxrvmlz12a5cs,,cmp8xyt5p005rxrvmj9vo32fb,SalMar ASA,,,,Gustav Witzøe,41.3,NO,960514718,data.brreg.no/enhetsregisteret,bronnoysund_role_or_entity_snapshot,missing_shareholder_field_citation
Shareholder,cmp8xyt6a006cxrvm5rx0nfy9,,cmp8xyt620066xrvmjffvu35l,Lerøy Seafood Group ASA,,,,Austevoll Seafood (Møgster-familien),52.7,NO,975350940,data.brreg.no/enhetsregisteret,bronnoysund_role_or_entity_snapshot,missing_shareholder_field_citation
Shareholder,cmp8xyt6q006txrvmlocls9ta,,cmp8xyt6h006nxrvm3rzyuh5h,Yara International ASA,,,,Den norske stat,36.2,NO,986228608,,bronnoysund_role_or_entity_snapshot,missing_shareholder_field_citation
Shareholder,cmp8xyt8b007dxrvm1m2jsdw3,,cmp8xyt850077xrvmw6sfeqx1,Skretting AS,,,,Nutreco/SHV Holdings (Nederland),100,NO,988044113,,bronnoysund_role_or_entity_snapshot,missing_shareholder_field_citation
Shareholder,cmp8xyt9c007sxrvm1jeod776,,cmp8xyt95007mxrvmlptkx5cl,ASKO Norge AS,,,,NorgesGruppen ASA (100%),100,NO,929228723,,bronnoysund_role_or_entity_snapshot,missing_shareholder_field_citation
Shareholder,cmp8xyt9l0082xrvmnsqvm5hr,,cmp8xyt9k0081xrvmnmdi03r5,Too Good To Go Norge AS,,,,Too Good To Go ApS (Danmark),100,NO,917203261,,bronnoysund_role_or_entity_snapshot,missing_shareholder_field_citation
Shareholder,cmp8xyt9p0089xrvm5yoh0j5x,,cmp8xyt9o0088xrvmoop48ij7,Oda,,,,"Oda Midco AS / Softbank, Kinnevik m.fl.",100,NO,932256134,,bronnoysund_role_or_entity_snapshot,missing_shareholder_field_citation
Shareholder,cmp8xytak0091xrvmetfvfz2p,,cmp8xytaj0090xrvmuqj46eh2,Matvett AS,,,,NHO Mat og Drikke / Bransjeaktører,100,NO,997898397,,bronnoysund_role_or_entity_snapshot,missing_shareholder_field_citation
Shareholder,cmp8xytb2009exrvmywwm5e34,,cmp8xytas0098xrvm1x6bwwrf,Nofima AS,,,,Nærings- og fiskeridepartementet,56.8,NO,989278835,,bronnoysund_role_or_entity_snapshot,missing_shareholder_field_citation
Shareholder,cmp8xytb2009fxrvmx92aktn0,,cmp8xytas0098xrvm1x6bwwrf,Nofima AS,,,,Stiftelsen for landbruksforskning,33.2,NO,989278835,,bronnoysund_role_or_entity_snapshot,missing_shareholder_field_citation
Shareholder,cmp8xytbf009txrvmlj9zduql,,cmp8xytb8009pxrvmjdg1chp6,Austevoll Seafood ASA,,,,Laco AS (Møgster-familien),52.7,NO,929975200,,bronnoysund_role_or_entity_snapshot,missing_shareholder_field_citation
Shareholder,cmp8xytbi009yxrvm6j5y7mm7,,cmp8xytbh009xxrvmwf5gnlcp,Kavli Holding AS,,,,O. Kavli og Knut Kavlis Allmennyttige Fond,100,NO,913344162,,bronnoysund_role_or_entity_snapshot,missing_shareholder_field_citation
Shareholder,cmp8xytbr00a3xrvmys5ubo6h,,cmp8xytbp00a2xrvmgp9lh2h2,Unil AS,,,,NorgesGruppen ASA,100,NO,885316522,,bronnoysund_role_or_entity_snapshot,missing_shareholder_field_citation
Shareholder,cmp8xytbz00abxrvmbfj6hh24,,cmp8xytby00aaxrvm3h2n1eb4,NTS ASA,,,,SalMar ASA (100% etter fusjon),100,NO,952587687,,bronnoysund_role_or_entity_snapshot,missing_shareholder_field_citation
Shareholder,cmp8xytc000adxrvmon0wnbft,,cmp8xytbz00acxrvmjbj3td65,Nova Sea AS,,,,Mowi ASA,95,NO,961056268,,bronnoysund_role_or_entity_snapshot,missing_shareholder_field_citation
Shareholder,cmp8xytc200afxrvm23684ra0,,cmp8xytc100aexrvm71qkugy8,Orkla Food Ingredients AS,,,,Orkla ASA,60,NO,911161419,,bronnoysund_role_or_entity_snapshot,missing_shareholder_field_citation
Shareholder,cmp8xytc300agxrvmqe2svf0u,,cmp8xytc100aexrvm71qkugy8,Orkla Food Ingredients AS,,,,Rhône Capital,40,NO,911161419,,bronnoysund_role_or_entity_snapshot,missing_shareholder_field_citation
Shareholder,cmp8xytc500aixrvmvcwubq3z,,cmp8xytc400ahxrvm6dhey2fh,Lilleborg AS,,,,Solenis International LLC,100,NO,925745855,,bronnoysund_role_or_entity_snapshot,missing_shareholder_field_citation
Shareholder,cmp8xytc700akxrvm18ar2clw,,cmp8xytc600ajxrvm9rqvviqe,City Gross Sverige AB,,,,Axfood AB (100% etter oppkjøp),100,SE,SE-556448-4498,,bolagsverket_manual_or_api,missing_shareholder_field_citation
Shareholder,cmp8xytd700bsxrvmoo04zhvb,,cmp8xytcz00bmxrvmeajnuf9t,Coop Sverige AB,,,,Kooperativa Förbundet (KF) / 26 konsumentföreningar,100,SE,SE-702001-3469,,bolagsverket_manual_or_api,missing_shareholder_field_citation
Shareholder,cmp8xytdk00c8xrvm9n7dyyw9,,cmp8xytdd00c2xrvmg4yblf40,Lidl Sverige KB,,,,"Schwarz Group (Lidl Stiftung & Co. KG, Tyskland)",100,SE,SE-969697-6594,,bolagsverket_manual_or_api,missing_shareholder_field_citation
Shareholder,cmp8xytex00dvxrvmr8y48na1,,cmp8xyter00doxrvm206trvnu,Dagrofa A/S,,,,KFI Erhvervsdrivende Fond,42,DK,DK-38714295,,cvr_credentials_or_browser,missing_shareholder_field_citation
Shareholder,cmp8xytex00duxrvmfpoaxnfk,,cmp8xyter00doxrvm206trvnu,Dagrofa A/S,,,,NorgesGruppen ASA (Norge),48.9,DK,DK-38714295,,cvr_credentials_or_browser,missing_shareholder_field_citation
Shareholder,cmp8xytey00dwxrvmumf3vny6,,cmp8xyter00doxrvm206trvnu,Dagrofa A/S,,,,Selvstændige købmænd,9.1,DK,DK-38714295,,cvr_credentials_or_browser,missing_shareholder_field_citation
Shareholder,cmp8xytfa00e9xrvmt31ihn4r,,cmp8xytf500e3xrvm5038rtz6,SOK (S Group),,,,"Osuuskaupat (2,7 mill. medlemmer)",100,FI,FI-0116323-9,,prh_virre_interactive_or_paid,missing_shareholder_field_citation
Shareholder,cmp8xytfn00epxrvm4zmqxhb8,,cmp8xytfe00eixrvmirdqrc44,Kesko Oyj,,,,Ilmarinen Mutual Pension Insurance,3.8,FI,FI-0110456-8,,prh_virre_interactive_or_paid,missing_shareholder_field_citation
Shareholder,cmp8xytfo00eqxrvmtz0pgavz,,cmp8xytfe00eixrvmirdqrc44,Kesko Oyj,,,,Varma Mutual Pension Insurance,2.5,FI,FI-0110456-8,,prh_virre_interactive_or_paid,missing_shareholder_field_citation
Shareholder,cmp8xytg000f7xrvmj08r7uaa,,cmp8xytft00f1xrvmg69nyoo1,Lidl Suomi Ky,,,,"Schwarz Group (Lidl Stiftung & Co. KG, Tyskland)",100,FI,FI-1615492-7,,prh_virre_interactive_or_paid,missing_shareholder_field_citation
Shareholder,cmp8xytgw00fwxrvmjtsopwkf,,cmp8xytgq00fqxrvmhy225al2,Samkaup hf,,,,Drangar hf (SKEL fjárfestingafélag / Orkan),100,IS,IS-571298-3769,,skatturinn_interactive_download,missing_shareholder_field_citation
Shareholder,cmp8xythh00gaxrvm1wpq2cnb,,cmp8xythb00g4xrvmuqxxrjy7,Festi hf,,,,Eignarhaldsfélagið Fasteign hf,34,IS,IS-540206-2010,,skatturinn_interactive_download,missing_shareholder_field_citation
Shareholder,cmp8xythi00gbxrvmvmlgil06,,cmp8xythb00g4xrvmuqxxrjy7,Festi hf,,,,Lífeyrissjóður starfsmanna ríkisins,8,IS,IS-540206-2010,,skatturinn_interactive_download,missing_shareholder_field_citation
Shareholder,cmp8xyxhi0001ywvmot7l1yhx,,cmp8xyxgw0000ywvm6nzarwyc,REMA Distribusjon Norge AS,,,,Reitan Retail AS,100,NO,894759372,,bronnoysund_role_or_entity_snapshot,missing_shareholder_field_citation
Shareholder,cmp8xyxhw0007ywvmiqo6fsiw,,cmp8xyxhq0006ywvm3fzeullv,Norsk Kylling AS,,,,REMA 1000 Norge AS (Reitan),100,NO,980411133,,bronnoysund_role_or_entity_snapshot,missing_shareholder_field_citation
Shareholder,cmp8xyxi1000cywvml75idpgq,,cmp8xyxhz000bywvmqye03rmv,Gartnerhallen SA,,,,1 200 frukt- og grøntprodusenter,100,NO,945958405,,bronnoysund_role_or_entity_snapshot,missing_shareholder_field_citation
Shareholder,cmp8xyxi5000hywvmbno34bbz,,cmp8xyxi3000gywvmoqkh12pg,Norges Sjømatråd AS,,,,Den norske stat v/Nærings- og fiskeridepartementet,100,NO,988597627,,bronnoysund_role_or_entity_snapshot,missing_shareholder_field_citation
Shareholder,cmp8xyxid000nywvmvsz407eo,,cmp8xyxib000mywvmcuule0js,Lantmännen Cerealia AS,,,,Lantmännen Cerealia AB (Sverige),100,NO,910629085,,bronnoysund_role_or_entity_snapshot,missing_shareholder_field_citation
Shareholder,cmp8xyxih000sywvmw9tani7t,,cmp8xyxig000rywvm1vql3agx,Cermaq Norway AS,,,,Cermaq Group AS (Mitsubishi Corp.),100,NO,961922976,,bronnoysund_role_or_entity_snapshot,missing_shareholder_field_citation
Shareholder,cmp8xyxin000xywvm1bk7d6j1,,cmp8xyxim000wywvmmto53yhr,BioMar AS,,,,"BioMar Group A/S (Schouw & Co., Danmark)",100,NO,937843860,,bronnoysund_role_or_entity_snapshot,missing_shareholder_field_citation
Shareholder,cmp8xyxiu0012ywvm15b4yk6l,,cmp8xyxit0011ywvm8qm4kgzk,Grilstad AS,,,,Grilstad Holding AS,100,NO,937070632,,bronnoysund_role_or_entity_snapshot,missing_shareholder_field_citation
PersonProfileRole,cmp8xyuff0009ybvm5xdrehil,roles[companyId=cmp8xyt3l0037xrvmpzlb3lbw;roleKey=CEO;fromYear=2023;toYear=null],cmp8xyt3l0037xrvmpzlb3lbw,TINE SA,Ann-Beth Freuchen,annbeth-freuchen,CEO,,,NO,947942638,data.brreg.no/enhetsregisteret,bronnoysund_role_or_entity_snapshot,missing_person_profile_role_field_citation
PersonProfileRole,cmp8xyuff0009ybvm5xdrehil,,cmp8xyt3l0037xrvmpzlb3lbw,TINE SA,Ann-Beth Freuchen,annbeth-freuchen,vise-konsernsjef,,,NO,947942638,data.brreg.no/enhetsregisteret,bronnoysund_role_or_entity_snapshot,uncitable_person_profile_role
PersonProfileRole,cmp8xyuff0009ybvm5xdrehil,,cmp8xyt25001nxrvm5fopu1xb,Orkla ASA,Ann-Beth Freuchen,annbeth-freuchen,konserndirektor Orkla Foods Nordics & Baltics,,,NO,910747711,data.brreg.no/enhetsregisteret,bronnoysund_role_or_entity_snapshot,uncitable_person_profile_role
PersonProfileRole,cmp8xyuff0009ybvm5xdrehil,roles[companyNameKey=kims-norge-as;roleKey=CEO;fromYear=2010;toYear=2013],,KiMs Norge AS,Ann-Beth Freuchen,annbeth-freuchen,adm. dir.,,,,,,manual_source_review,missing_person_profile_role_field_citation
PersonProfileRole,cmp8xyuff0009ybvm5xdrehil,,,Nidar AS,Ann-Beth Freuchen,annbeth-freuchen,markedsdirektor,,,,,,manual_source_review,uncitable_person_profile_role
PersonProfileRole,cmp8xyuh4000oybvmghbzghzy,roles[companyNameKey=norsk-landbrukssamvirke;roleKey=styreleder;fromYear=2019;toYear=null],,Norsk Landbrukssamvirke,Anne Jødahl Skuterud,anne-jdahl-skuterud,styreleder,,,,,,manual_source_review,missing_person_profile_role_field_citation
PersonProfileRole,cmp8xyuh4000oybvmghbzghzy,roles[companyId=cmp8xyt4b0048xrvm0b9hbwbs;roleKey=styreleder;fromYear=2016;toYear=2025],cmp8xyt4b0048xrvm0b9hbwbs,Felleskjøpet Agri SA,Anne Jødahl Skuterud,anne-jdahl-skuterud,styreleder,,,NO,911608103,,bronnoysund_role_or_entity_snapshot,missing_person_profile_role_field_citation
PersonProfileRole,cmp8xyugy000mybvmlr7u40e4,,,Virke,Bendik Solum Whist,bendik-solum-whist,bransjedirektør dagligvare,,,,,,manual_source_review,uncitable_person_profile_role
PersonProfileRole,cmp8xyugw000lybvm75zxhlfh,roles[companyNameKey=virke;roleKey=CEO;fromYear=2023;toYear=null],,Virke,Bernt Gudmund Apeland,bernt-gudmund-apeland,administrerende direktør,,,,,,manual_source_review,missing_person_profile_role_field_citation
PersonProfileRole,cmp8xyuhc000sybvmwqhp97i7,,,Norges Bondelag,Bjørn Gimming,bjrn-gimming,leder,,,,,,manual_source_review,uncitable_person_profile_role
PersonProfileRole,cmp8xyuha000rybvm3e1p2kzi,,,Landbruksdirektoratet,Eli Reistad,eli-reistad,direktør,,,,,,manual_source_review,uncitable_person_profile_role
PersonProfileRole,cmp8xyufx000eybvmvfcp5kn4,,cmp8xyt5p005rxrvmj9vo32fb,SalMar ASA,Frode Arntsen,frode-arntsen,COO Industry and Sales,,,NO,960514718,data.brreg.no/enhetsregisteret,bronnoysund_role_or_entity_snapshot,uncitable_person_profile_role
PersonProfileRole,cmp8xyufx000eybvmvfcp5kn4,,cmp8xyt620066xrvmjffvu35l,Lerøy Seafood Group ASA,Frode Arntsen,frode-arntsen,produksjonsdirektor,,,NO,975350940,data.brreg.no/enhetsregisteret,bronnoysund_role_or_entity_snapshot,uncitable_person_profile_role
PersonProfileRole,cmp8xyufx000eybvmvfcp5kn4,,cmp8xyt620066xrvmjffvu35l,Lerøy Seafood Group ASA,Frode Arntsen,frode-arntsen,fabrikksjef,,,NO,975350940,data.brreg.no/enhetsregisteret,bronnoysund_role_or_entity_snapshot,uncitable_person_profile_role
PersonProfileRole,cmp8xyufx000eybvmvfcp5kn4,,,HitraMat AS,Frode Arntsen,frode-arntsen,produksjonssjef,,,,,,manual_source_review,uncitable_person_profile_role
PersonProfileRole,cmp8xyuh2000nybvm2njxjidw,roles[companyNameKey=norsk-landbrukssamvirke;roleKey=CEO;fromYear=2021;toYear=null],,Norsk Landbrukssamvirke,Gaute Homb Lenvik,gaute-homb-lenvik,administrerende direktør,,,,,,manual_source_review,missing_person_profile_role_field_citation
PersonProfileRole,cmp8xyue20003ybvmtaf19wzs,roles[companyId=cmp8xyt0w000jxrvm0iavgyro;roleKey=CEO;fromYear=2015;toYear=2022],cmp8xyt0w000jxrvm0iavgyro,Coop Norge SA,Geir Inge Stokke,geir-inge-stokke,CEO,,,NO,936560288,data.brreg.no/enhetsregisteret,bronnoysund_role_or_entity_snapshot,missing_person_profile_role_field_citation
PersonProfileRole,cmp8xyue20003ybvmtaf19wzs,roles[companyNameKey=vy-gruppen-as;roleKey=nestleder;fromYear=null;toYear=null],,Vy Gruppen AS,Geir Inge Stokke,geir-inge-stokke,nestleder styret,,,,,,manual_source_review,missing_person_profile_role_field_citation
PersonProfileRole,cmp8xyufz000fybvm3detu4f2,roles[companyNameKey=eat-foundation;roleKey=styreleder;fromYear=2014;toYear=null],,EAT Foundation,Gunhild Stordalen,gunhild-stordalen,grunder og styreleder,,,,,,manual_source_review,missing_person_profile_role_field_citation
PersonProfileRole,cmp8xyufz000fybvm3detu4f2,roles[companyNameKey=greenudge;roleKey=styreleder;fromYear=null;toYear=null],,GreeNudge,Gunhild Stordalen,gunhild-stordalen,grunder og styreleder,,,,,,manual_source_review,missing_person_profile_role_field_citation
PersonProfileRole,cmp8xyufz000fybvm3detu4f2,,,Stordalen Foundation,Gunhild Stordalen,gunhild-stordalen,medgrunder,,,,,,manual_source_review,uncitable_person_profile_role
PersonProfileRole,cmp8xyufu000dybvm97gdhx4e,,cmp8xyt5p005rxrvmj9vo32fb,SalMar ASA,Gustav Magnar Witzøe,gustav-magnar-witze,hovedaksjonaer (41.3%),,,NO,960514718,data.brreg.no/enhetsregisteret,bronnoysund_role_or_entity_snapshot,uncitable_person_profile_role
PersonProfileRole,cmp8xyufu000dybvm97gdhx4e,roles[companyNameKey=kverva-as;roleKey=styremedlem;fromYear=null;toYear=null],,Kverva AS,Gustav Magnar Witzøe,gustav-magnar-witze,styremedlem,,,,,,manual_source_review,missing_person_profile_role_field_citation
PersonProfileRole,cmp8xyufs000cybvm3ebl6nr8,,cmp8xyt5p005rxrvmj9vo32fb,SalMar ASA,Gustav Witzøe,gustav-witze,grunder,,,NO,960514718,data.brreg.no/enhetsregisteret,bronnoysund_role_or_entity_snapshot,uncitable_person_profile_role
PersonProfileRole,cmp8xyufs000cybvm3ebl6nr8,roles[companyNameKey=kverva-as;roleKey=styreleder;fromYear=null;toYear=null],,Kverva AS,Gustav Witzøe,gustav-witze,styreleder,,,,,,manual_source_review,missing_person_profile_role_field_citation
PersonProfileRole,cmp8xyufs000cybvm3ebl6nr8,roles[companyNameKey=bewi-as;roleKey=CEO;fromYear=1983;toYear=1990],,BEWI AS,Gustav Witzøe,gustav-witze,medgrunder og adm. dir.,,,,,,manual_source_review,missing_person_profile_role_field_citation
PersonProfileRole,cmp8xyugu000kybvmot7m4zs8,roles[companyNameKey=nho-mat-og-drikke;roleKey=styreleder;fromYear=2019;toYear=null],,NHO Mat og Drikke,Håkon Mageli,hakon-mageli,styreleder,,,,,,manual_source_review,missing_person_profile_role_field_citation
PersonProfileRole,cmp8xyugu000kybvmot7m4zs8,,cmp8xyt25001nxrvm5fopu1xb,Orkla ASA,Håkon Mageli,hakon-mageli,konserndirektør kommunikasjon og Corporate Affairs,,,NO,910747711,data.brreg.no/enhetsregisteret,bronnoysund_role_or_entity_snapshot,uncitable_person_profile_role
PersonProfileRole,cmp8xyugm000gybvm9og4903m,roles[companyId=cmp8xyt620066xrvmjffvu35l;roleKey=CEO;fromYear=2010;toYear=null],cmp8xyt620066xrvmjffvu35l,Lerøy Seafood Group ASA,Henning Beltestad,henning-beltestad,CEO,,,NO,975350940,data.brreg.no/enhetsregisteret,bronnoysund_role_or_entity_snapshot,missing_person_profile_role_field_citation
PersonProfileRole,cmp8xyugm000gybvm9og4903m,roles[companyId=cmp8xyt620066xrvmjffvu35l;roleKey=CEO;fromYear=2007;toYear=2010],cmp8xyt620066xrvmjffvu35l,Lerøy Seafood Group ASA,Henning Beltestad,henning-beltestad,adm. dir.,,,NO,975350940,data.brreg.no/enhetsregisteret,bronnoysund_role_or_entity_snapshot,missing_person_profile_role_field_citation
PersonProfileRole,cmp8xyugm000gybvm9og4903m,,cmp8xyt620066xrvmjffvu35l,Lerøy Seafood Group ASA,Henning Beltestad,henning-beltestad,diverse stillinger,,,NO,975350940,data.brreg.no/enhetsregisteret,bronnoysund_role_or_entity_snapshot,uncitable_person_profile_role
PersonProfileRole,cmp8xyuh8000qybvmzx33qzym,roles[companyNameKey=mattilsynet;roleKey=CEO;fromYear=2019;toYear=null],,Mattilsynet,Ingunn Midttun Godal,ingunn-midttun-godal,administrerende direktør,,,,,,manual_source_review,missing_person_profile_role_field_citation
PersonProfileRole,cmp8xyuf90007ybvmrftib5dc,,cmp8xyt58005axrvmq4uvylny,Mowi ASA,Ivan Vindheim,ivan-vindheim,CFO,,,NO,964118191,data.brreg.no/enhetsregisteret,bronnoysund_role_or_entity_snapshot,uncitable_person_profile_role
PersonProfileRole,cmp8xyuf90007ybvmrftib5dc,roles[companyNameKey=arctic-fish-holding-as;roleKey=styremedlem;fromYear=2023;toYear=null],,Arctic Fish Holding AS,Ivan Vindheim,ivan-vindheim,styremedlem,,,,,,manual_source_review,missing_person_profile_role_field_citation
PersonProfileRole,cmp8xyuf90007ybvmrftib5dc,,cmp8xyt620066xrvmjffvu35l,Lerøy Seafood Group ASA,Ivan Vindheim,ivan-vindheim,CFO,,,NO,975350940,data.brreg.no/enhetsregisteret,bronnoysund_role_or_entity_snapshot,uncitable_person_profile_role
PersonProfileRole,cmp8xyuf90007ybvmrftib5dc,,,Rolls-Royce,Ivan Vindheim,ivan-vindheim,VP Finance,,,,,,manual_source_review,uncitable_person_profile_role
PersonProfileRole,cmp8xyui3000uybvmf7ia1e3v,,cmp8xytef00daxrvm80gdkpkl,REMA 1000 A/S,Magnus Reitan,magnus-reitan,bestyrelsesmedlem,,,DK,DK-14705627,,cvr_credentials_or_browser,uncitable_person_profile_role
PersonProfileRole,cmp8xyugo000hybvm6a6sk7jb,roles[companyId=cmp8xyt3l0037xrvmpzlb3lbw;roleKey=styreleder;fromYear=2019;toYear=2025],cmp8xyt3l0037xrvmpzlb3lbw,TINE SA,Marit Haugen,marit-haugen,styreleder,,,NO,947942638,data.brreg.no/enhetsregisteret,bronnoysund_role_or_entity_snapshot,missing_person_profile_role_field_citation
PersonProfileRole,cmp8xyugo000hybvm6a6sk7jb,roles[companyId=cmp8xyt3l0037xrvmpzlb3lbw;roleKey=styremedlem;fromYear=2015;toYear=2019],cmp8xyt3l0037xrvmpzlb3lbw,TINE SA,Marit Haugen,marit-haugen,styremedlem,,,NO,947942638,data.brreg.no/enhetsregisteret,bronnoysund_role_or_entity_snapshot,missing_person_profile_role_field_citation
PersonProfileRole,cmp8xyugo000hybvm6a6sk7jb,roles[companyNameKey=international-dairy-federation;roleKey=styremedlem;fromYear=null;toYear=null],,International Dairy Federation,Marit Haugen,marit-haugen,styremedlem,,,,,,manual_source_review,missing_person_profile_role_field_citation
PersonProfileRole,cmp8xyuia000yybvmq9s15a66,,cmp8xytdq00cexrvmnyah62ph,Salling Group A/S,Martin Bruun,martin-bruun,bestyrelsesmedlem,,,DK,DK-35954716,,cvr_credentials_or_browser,uncitable_person_profile_role
PersonProfileRole,cmp8xyuia000yybvmq9s15a66,,cmp8xyter00doxrvm206trvnu,Dagrofa A/S,Martin Bruun,martin-bruun,bestyrelsesformand,,,DK,DK-38714295,,cvr_credentials_or_browser,uncitable_person_profile_role
PersonProfileRole,cmp8xyuh6000pybvm49r5oucf,,,Forbrukerrådet,Mette Fossum,mette-fossum,direktør,,,,,,manual_source_review,uncitable_person_profile_role
PersonProfileRole,cmp8xyufp000bybvmnj67cseo,roles[companyNameKey=mainstream-renewable-power;roleKey=CEO;fromYear=2025;toYear=2026],,Mainstream Renewable Power,Morten Henriksen,morten-henriksen,CEO,,,,,,manual_source_review,missing_person_profile_role_field_citation
PersonProfileRole,cmp8xyufp000bybvmnj67cseo,roles[companyNameKey=gassnova-sf;roleKey=CEO;fromYear=2023;toYear=2025],,Gassnova SF,Morten Henriksen,morten-henriksen,CEO,,,,,,manual_source_review,missing_person_profile_role_field_citation
PersonProfileRole,cmp8xyufp000bybvmnj67cseo,,,Arendals Fossekompani ASA,Morten Henriksen,morten-henriksen,EVP,,,,,,manual_source_review,uncitable_person_profile_role
PersonProfileRole,cmp8xyufp000bybvmnj67cseo,,,Statkraft AS,Morten Henriksen,morten-henriksen,lederroller,,,,,,manual_source_review,uncitable_person_profile_role
PersonProfileRole,cmp8xyuf00005ybvmov30b74c,roles[companyId=cmp8xyt25001nxrvm5fopu1xb;roleKey=CEO;fromYear=2022;toYear=null],cmp8xyt25001nxrvm5fopu1xb,Orkla ASA,Nils K. Selte,nils-k-selte,CEO,,,NO,910747711,data.brreg.no/enhetsregisteret,bronnoysund_role_or_entity_snapshot,missing_person_profile_role_field_citation
PersonProfileRole,cmp8xyuf00005ybvmov30b74c,roles[companyId=cmp8xyt25001nxrvm5fopu1xb;roleKey=styremedlem;fromYear=2014;toYear=2022],cmp8xyt25001nxrvm5fopu1xb,Orkla ASA,Nils K. Selte,nils-k-selte,styremedlem,,,NO,910747711,data.brreg.no/enhetsregisteret,bronnoysund_role_or_entity_snapshot,missing_person_profile_role_field_citation
PersonProfileRole,cmp8xyuf00005ybvmov30b74c,roles[companyNameKey=canica-as;roleKey=CEO;fromYear=2001;toYear=2022],,Canica AS,Nils K. Selte,nils-k-selte,CEO,,,,,,manual_source_review,missing_person_profile_role_field_citation
PersonProfileRole,cmp8xyuf00005ybvmov30b74c,roles[companyNameKey=komplett-as;roleKey=styreleder;fromYear=null;toYear=null],,Komplett AS,Nils K. Selte,nils-k-selte,styreleder,,,,,,manual_source_review,missing_person_profile_role_field_citation
PersonProfileRole,cmp8xyuf00005ybvmov30b74c,roles[companyNameKey=jotun-as;roleKey=styremedlem;fromYear=null;toYear=null],,Jotun AS,Nils K. Selte,nils-k-selte,styremedlem,,,,,,manual_source_review,missing_person_profile_role_field_citation
PersonProfileRole,cmp8xyuf00005ybvmov30b74c,roles[companyNameKey=arcus-as;roleKey=styremedlem;fromYear=null;toYear=null],,Arcus AS,Nils K. Selte,nils-k-selte,styremedlem,,,,,,manual_source_review,missing_person_profile_role_field_citation
PersonProfileRole,cmp8xyuf00005ybvmov30b74c,,,ICA Ahold AB,Nils K. Selte,nils-k-selte,SVP Finance,,,,,,manual_source_review,uncitable_person_profile_role
PersonProfileRole,cmp8xyuf00005ybvmov30b74c,,,Hakon Gruppen AS,Nils K. Selte,nils-k-selte,SVP Finance,,,,,,manual_source_review,uncitable_person_profile_role
PersonProfileRole,cmp8xyue60004ybvmkh80mm7o,,cmp8xytbv00a6xrvmi8ugubkz,REMA 1000 Norge AS,Ole Robert Reitan,ole-robert-reitan,CEO og styremedlem,,,NO,982254604,data.brreg.no/enhetsregisteret,bronnoysund_role_or_entity_snapshot,uncitable_person_profile_role
PersonProfileRole,cmp8xyue60004ybvmkh80mm7o,roles[companyId=cmp8xyt1k0019xrvmq0qfsj0z;roleKey=styremedlem;fromYear=null;toYear=null],cmp8xyt1k0019xrvmq0qfsj0z,Reitan Retail AS,Ole Robert Reitan,ole-robert-reitan,styremedlem,,,NO,914526647,,bronnoysund_role_or_entity_snapshot,missing_person_profile_role_field_citation
PersonProfileRole,cmp8xyue60004ybvmkh80mm7o,roles[companyNameKey=britannia-hotel-as;roleKey=styremedlem;fromYear=null;toYear=null],,Britannia Hotel AS,Ole Robert Reitan,ole-robert-reitan,styremedlem,,,,,,manual_source_review,missing_person_profile_role_field_citation
PersonProfileRole,cmp8xyue60004ybvmkh80mm7o,roles[companyNameKey=treschowfritzo-as;roleKey=styremedlem;fromYear=null;toYear=null],,Treschow-Fritzøe AS,Ole Robert Reitan,ole-robert-reitan,styremedlem,,,,,,manual_source_review,missing_person_profile_role_field_citation
PersonProfileRole,cmp8xyugs000jybvmrn2qvdw4,roles[companyNameKey=nho-mat-og-drikke;roleKey=CEO;fromYear=null;toYear=null],,NHO Mat og Drikke,Petter Haas Brubakk,petter-haas-brubakk,administrerende direktør,,,,,,manual_source_review,missing_person_profile_role_field_citation
PersonProfileRole,cmp8xyudz0002ybvmbn5ub6dz,roles[companyId=cmp8xyt0w000jxrvm0iavgyro;roleKey=CEO;fromYear=2023;toYear=null],cmp8xyt0w000jxrvm0iavgyro,Coop Norge SA,Philipp Engedal,philipp-engedal,CEO,,,NO,936560288,data.brreg.no/enhetsregisteret,bronnoysund_role_or_entity_snapshot,missing_person_profile_role_field_citation
PersonProfileRole,cmp8xyudz0002ybvmbn5ub6dz,roles[companyNameKey=flytoget-as;roleKey=CEO;fromYear=2017;toYear=2023],,Flytoget AS,Philipp Engedal,philipp-engedal,CEO,,,,,,manual_source_review,missing_person_profile_role_field_citation
PersonProfileRole,cmp8xyudz0002ybvmbn5ub6dz,roles[companyNameKey=nobina-as;roleKey=CEO;fromYear=2012;toYear=2016],,Nobina AS,Philipp Engedal,philipp-engedal,CEO,,,,,,manual_source_review,missing_person_profile_role_field_citation
PersonProfileRole,cmp8xyugq000iybvmdpmadgep,roles[companyId=cmp8xyt3l0037xrvmpzlb3lbw;roleKey=nestleder;fromYear=2020;toYear=2025],cmp8xyt3l0037xrvmpzlb3lbw,TINE SA,Rolf Øyvind Thune,rolf-yvind-thune,nestleder styret,,,NO,947942638,data.brreg.no/enhetsregisteret,bronnoysund_role_or_entity_snapshot,missing_person_profile_role_field_citation
PersonProfileRole,cmp8xyugq000iybvmdpmadgep,roles[companyId=cmp8xyt3l0037xrvmpzlb3lbw;roleKey=styremedlem;fromYear=2015;toYear=2020],cmp8xyt3l0037xrvmpzlb3lbw,TINE SA,Rolf Øyvind Thune,rolf-yvind-thune,styremedlem,,,NO,947942638,data.brreg.no/enhetsregisteret,bronnoysund_role_or_entity_snapshot,missing_person_profile_role_field_citation
PersonProfileRole,cmp8xyudo0000ybvmaohjfyuy,roles[companyId=cmp8xyt95007mxrvmlptkx5cl;roleKey=CEO;fromYear=2008;toYear=2016],cmp8xyt95007mxrvmlptkx5cl,ASKO Norge AS,Runar Hollevik,runar-hollevik,CEO,,,NO,929228723,,bronnoysund_role_or_entity_snapshot,missing_person_profile_role_field_citation
PersonProfileRole,cmp8xyudo0000ybvmaohjfyuy,roles[companyId=cmp8xysz20000xrvmbm4d5nat;roleKey=styreleder;fromYear=null;toYear=null],cmp8xysz20000xrvmbm4d5nat,NorgesGruppen ASA,Runar Hollevik,runar-hollevik,styreleder,,,NO,819731322,data.brreg.no/enhetsregisteret,bronnoysund_role_or_entity_snapshot,missing_person_profile_role_field_citation
PersonProfileRole,cmp8xyuf30006ybvmf1zsvu06,roles[companyId=cmp8xyt25001nxrvm5fopu1xb;roleKey=styreleder;fromYear=null;toYear=null],cmp8xyt25001nxrvm5fopu1xb,Orkla ASA,Stein Erik Hagen,stein-erik-hagen,styreleder,,,NO,910747711,data.brreg.no/enhetsregisteret,bronnoysund_role_or_entity_snapshot,missing_person_profile_role_field_citation
PersonProfileRole,cmp8xyuf30006ybvmf1zsvu06,,,Canica AS,Stein Erik Hagen,stein-erik-hagen,eier og grunder,,,,,,manual_source_review,uncitable_person_profile_role
PersonProfileRole,cmp8xyufc0008ybvm7farlny9,roles[companyNameKey=sapa-as;roleKey=CEO;fromYear=2011;toYear=2015],,Sapa AS,Svein Tore Holsether,svein-tore-holsether,CEO,,,,,,manual_source_review,missing_person_profile_role_field_citation
PersonProfileRole,cmp8xyufc0008ybvm7farlny9,,cmp8xyt25001nxrvm5fopu1xb,Orkla ASA,Svein Tore Holsether,svein-tore-holsether,EVP M&A,,,NO,910747711,data.brreg.no/enhetsregisteret,bronnoysund_role_or_entity_snapshot,uncitable_person_profile_role
PersonProfileRole,cmp8xyufc0008ybvm7farlny9,,,Sapa AB,Svein Tore Holsether,svein-tore-holsether,CFO,,,,,,manual_source_review,uncitable_person_profile_role
PersonProfileRole,cmp8xyufc0008ybvm7farlny9,,,Elkem ASA,Svein Tore Holsether,svein-tore-holsether,CFO,,,,,,manual_source_review,uncitable_person_profile_role
PersonProfileRole,cmp8xyufc0008ybvm7farlny9,roles[companyNameKey=seb-ab;roleKey=styremedlem;fromYear=null;toYear=null],,SEB AB,Svein Tore Holsether,svein-tore-holsether,styremedlem,,,,,,manual_source_review,missing_person_profile_role_field_citation
PersonProfileRole,cmp8xyufj000aybvmtbus84pf,roles[companyNameKey=norsun-as;roleKey=CEO;fromYear=2017;toYear=2021],,NorSun AS,Svenn Ivar Fure,svenn-ivar-fure,CEO,,,,,,manual_source_review,missing_person_profile_role_field_citation
PersonProfileRole,cmp8xyufj000aybvmtbus84pf,,,Aker Solutions ASA,Svenn Ivar Fure,svenn-ivar-fure,konsernledelse,,,,,,manual_source_review,uncitable_person_profile_role
PersonProfileRole,cmp8xyufj000aybvmtbus84pf,,,Aker Solutions ASA,Svenn Ivar Fure,svenn-ivar-fure,diverse lederstillinger,,,,,,manual_source_review,uncitable_person_profile_role
PersonProfileRole,cmp8xyuhz000tybvmpxwmxx6f,,,Norsk Bonde- og Småbrukarlag,Tor Jacob Solberg,tor-jacob-solberg,leder,,,,,,manual_source_review,uncitable_person_profile_role
