Year,NACECode,Industry,Employed1000
2008,00-99,Alle næringer,2505
2008,01-03,"Jordbruk, skogbruk og fiske",67
2008,05-09,Bergverksdrift og utvinning,42
2008,10-33,Industri,260
2008,35-39,"Elektrisitet, vann og renovasjon",29
2008,41-43,Bygge- og anleggsvirksomhet,186
2008,45-47,"Varehandel, reparasjon av motorvogner",356
2008,49-53,Transport og lagring,136
2008,55-56,Overnattings- og serveringsvirksomhet,71
2008,58-63,Informasjon og kommunikasjon,94
2008,64-66,Finansiering og forsikring,52
2008,68-75,"Teknisk tjenesteyting, eiendomsdrift",152
2008,77-82,Forretningsmessig tjenesteyting,105
2008,84,"Off.adm., forsvar, sosialforsikring",146
2008,85,Undervisning,217
2008,86-88,Helse- og sosialtjenester,500
2008,90-99,Personlig tjenesteyting,87
2009,00-99,Alle næringer,2495
2009,01-03,"Jordbruk, skogbruk og fiske",66
2009,05-09,Bergverksdrift og utvinning,45
2009,10-33,Industri,245
2009,35-39,"Elektrisitet, vann og renovasjon",30
2009,41-43,Bygge- og anleggsvirksomhet,179
2009,45-47,"Varehandel, reparasjon av motorvogner",345
2009,49-53,Transport og lagring,135
2009,55-56,Overnattings- og serveringsvirksomhet,70
2009,58-63,Informasjon og kommunikasjon,91
2009,64-66,Finansiering og forsikring,50
2009,68-75,"Teknisk tjenesteyting, eiendomsdrift",162
2009,77-82,Forretningsmessig tjenesteyting,100
2009,84,"Off.adm., forsvar, sosialforsikring",154
2009,85,Undervisning,205
2009,86-88,Helse- og sosialtjenester,519
2009,90-99,Personlig tjenesteyting,98
2010,00-99,Alle næringer,2498
2010,01-03,"Jordbruk, skogbruk og fiske",64
2010,05-09,Bergverksdrift og utvinning,46
2010,10-33,Industri,234
2010,35-39,"Elektrisitet, vann og renovasjon",29
2010,41-43,Bygge- og anleggsvirksomhet,178
2010,45-47,"Varehandel, reparasjon av motorvogner",339
2010,49-53,Transport og lagring,141
2010,55-56,Overnattings- og serveringsvirksomhet,71
2010,58-63,Informasjon og kommunikasjon,90
2010,64-66,Finansiering og forsikring,50
2010,68-75,"Teknisk tjenesteyting, eiendomsdrift",159
2010,77-82,Forretningsmessig tjenesteyting,100
2010,84,"Off.adm., forsvar, sosialforsikring",154
2010,85,Undervisning,206
2010,86-88,Helse- og sosialtjenester,532
2010,90-99,Personlig tjenesteyting,102
2011,00-99,Alle næringer,2542
2011,01-03,"Jordbruk, skogbruk og fiske",61
2011,05-09,Bergverksdrift og utvinning,53
2011,10-33,Industri,236
2011,35-39,"Elektrisitet, vann og renovasjon",31
2011,41-43,Bygge- og anleggsvirksomhet,186
2011,45-47,"Varehandel, reparasjon av motorvogner",348
2011,49-53,Transport og lagring,145
2011,55-56,Overnattings- og serveringsvirksomhet,69
2011,58-63,Informasjon og kommunikasjon,94
2011,64-66,Finansiering og forsikring,51
2011,68-75,"Teknisk tjenesteyting, eiendomsdrift",152
2011,77-82,Forretningsmessig tjenesteyting,102
2011,84,"Off.adm., forsvar, sosialforsikring",150
2011,85,Undervisning,211
2011,86-88,Helse- og sosialtjenester,548
2011,90-99,Personlig tjenesteyting,102
2012,00,Uoppgitt,4
2012,00-99,Alle næringer,2583
2012,01-03,"Jordbruk, skogbruk og fiske",61
2012,05-09,Bergverksdrift og utvinning,58
2012,10-33,Industri,236
2012,35-39,"Elektrisitet, vann og renovasjon",30
2012,41-43,Bygge- og anleggsvirksomhet,195
2012,45-47,"Varehandel, reparasjon av motorvogner",354
2012,49-53,Transport og lagring,145
2012,55-56,Overnattings- og serveringsvirksomhet,71
2012,58-63,Informasjon og kommunikasjon,101
2012,64-66,Finansiering og forsikring,51
2012,68-75,"Teknisk tjenesteyting, eiendomsdrift",160
2012,77-82,Forretningsmessig tjenesteyting,104
2012,84,"Off.adm., forsvar, sosialforsikring",159
2012,85,Undervisning,212
2012,86-88,Helse- og sosialtjenester,542
2012,90-99,Personlig tjenesteyting,101
2013,00,Uoppgitt,8
2013,00-99,Alle næringer,2602
2013,01-03,"Jordbruk, skogbruk og fiske",59
2013,05-09,Bergverksdrift og utvinning,70
2013,10-33,Industri,231
2013,35-39,"Elektrisitet, vann og renovasjon",27
2013,41-43,Bygge- og anleggsvirksomhet,199
2013,45-47,"Varehandel, reparasjon av motorvogner",349
2013,49-53,Transport og lagring,141
2013,55-56,Overnattings- og serveringsvirksomhet,72
2013,58-63,Informasjon og kommunikasjon,103
2013,64-66,Finansiering og forsikring,53
2013,68-75,"Teknisk tjenesteyting, eiendomsdrift",172
2013,77-82,Forretningsmessig tjenesteyting,105
2013,84,"Off.adm., forsvar, sosialforsikring",162
2013,85,Undervisning,219
2013,86-88,Helse- og sosialtjenester,531
2013,90-99,Personlig tjenesteyting,102
2014,00,Uoppgitt,8
2014,00-99,Alle næringer,2624
2014,01-03,"Jordbruk, skogbruk og fiske",58
2014,05-09,Bergverksdrift og utvinning,75
2014,10-33,Industri,228
2014,35-39,"Elektrisitet, vann og renovasjon",28
2014,41-43,Bygge- og anleggsvirksomhet,206
2014,45-47,"Varehandel, reparasjon av motorvogner",345
2014,49-53,Transport og lagring,138
2014,55-56,Overnattings- og serveringsvirksomhet,78
2014,58-63,Informasjon og kommunikasjon,99
2014,64-66,Finansiering og forsikring,55
2014,68-75,"Teknisk tjenesteyting, eiendomsdrift",177
2014,77-82,Forretningsmessig tjenesteyting,113
2014,84,"Off.adm., forsvar, sosialforsikring",167
2014,85,Undervisning,223
2014,86-88,Helse- og sosialtjenester,519
2014,90-99,Personlig tjenesteyting,106
2015,00,Uoppgitt,6
2015,00-99,Alle næringer,2639
2015,01-03,"Jordbruk, skogbruk og fiske",57
2015,05-09,Bergverksdrift og utvinning,66
2015,10-33,Industri,224
2015,35-39,"Elektrisitet, vann og renovasjon",27
2015,41-43,Bygge- og anleggsvirksomhet,208
2015,45-47,"Varehandel, reparasjon av motorvogner",356
2015,49-53,Transport og lagring,145
2015,55-56,Overnattings- og serveringsvirksomhet,80
2015,58-63,Informasjon og kommunikasjon,95
2015,64-66,Finansiering og forsikring,51
2015,68-75,"Teknisk tjenesteyting, eiendomsdrift",178
2015,77-82,Forretningsmessig tjenesteyting,123
2015,84,"Off.adm., forsvar, sosialforsikring",166
2015,85,Undervisning,222
2015,86-88,Helse- og sosialtjenester,523
2015,90-99,Personlig tjenesteyting,112
2016,00,Uoppgitt,8
2016,00-99,Alle næringer,2638
2016,01-03,"Jordbruk, skogbruk og fiske",56
2016,05-09,Bergverksdrift og utvinning,54
2016,10-33,Industri,212
2016,35-39,"Elektrisitet, vann og renovasjon",29
2016,41-43,Bygge- og anleggsvirksomhet,204
2016,45-47,"Varehandel, reparasjon av motorvogner",363
2016,49-53,Transport og lagring,141
2016,55-56,Overnattings- og serveringsvirksomhet,75
2016,58-63,Informasjon og kommunikasjon,97
2016,64-66,Finansiering og forsikring,46
2016,68-75,"Teknisk tjenesteyting, eiendomsdrift",179
2016,77-82,Forretningsmessig tjenesteyting,121
2016,84,"Off.adm., forsvar, sosialforsikring",177
2016,85,Undervisning,225
2016,86-88,Helse- og sosialtjenester,539
2016,90-99,Personlig tjenesteyting,112
2017,00,Uoppgitt,7
2017,00-99,Alle næringer,2647
2017,01-03,"Jordbruk, skogbruk og fiske",56
2017,05-09,Bergverksdrift og utvinning,53
2017,10-33,Industri,210
2017,35-39,"Elektrisitet, vann og renovasjon",32
2017,41-43,Bygge- og anleggsvirksomhet,210
2017,45-47,"Varehandel, reparasjon av motorvogner",358
2017,49-53,Transport og lagring,134
2017,55-56,Overnattings- og serveringsvirksomhet,82
2017,58-63,Informasjon og kommunikasjon,100
2017,64-66,Finansiering og forsikring,50
2017,68-75,"Teknisk tjenesteyting, eiendomsdrift",177
2017,77-82,Forretningsmessig tjenesteyting,122
2017,84,"Off.adm., forsvar, sosialforsikring",183
2017,85,Undervisning,219
2017,86-88,Helse- og sosialtjenester,540
2017,90-99,Personlig tjenesteyting,114
2018,00-99,Alle næringer,2694
2018,01-03,"Jordbruk, skogbruk og fiske",56
2018,05-09,Bergverksdrift og utvinning,62
2018,10-33,Industri,207
2018,35-39,"Elektrisitet, vann og renovasjon",31
2018,41-43,Bygge- og anleggsvirksomhet,220
2018,45-47,"Varehandel, reparasjon av motorvogner",350
2018,49-53,Transport og lagring,127
2018,55-56,Overnattings- og serveringsvirksomhet,90
2018,58-63,Informasjon og kommunikasjon,103
2018,64-66,Finansiering og forsikring,54
2018,68-75,"Teknisk tjenesteyting, eiendomsdrift",186
2018,77-82,Forretningsmessig tjenesteyting,132
2018,84,"Off.adm., forsvar, sosialforsikring",183
2018,85,Undervisning,222
2018,86-88,Helse- og sosialtjenester,549
2018,90-99,Personlig tjenesteyting,120
2019,00,Uoppgitt,4
2019,00-99,Alle næringer,2724
2019,01-03,"Jordbruk, skogbruk og fiske",55
2019,05-09,Bergverksdrift og utvinning,61
2019,10-33,Industri,209
2019,35-39,"Elektrisitet, vann og renovasjon",29
2019,41-43,Bygge- og anleggsvirksomhet,226
2019,45-47,"Varehandel, reparasjon av motorvogner",357
2019,49-53,Transport og lagring,125
2019,55-56,Overnattings- og serveringsvirksomhet,93
2019,58-63,Informasjon og kommunikasjon,107
2019,64-66,Finansiering og forsikring,50
2019,68-75,"Teknisk tjenesteyting, eiendomsdrift",187
2019,77-82,Forretningsmessig tjenesteyting,134
2019,84,"Off.adm., forsvar, sosialforsikring",175
2019,85,Undervisning,230
2019,86-88,Helse- og sosialtjenester,562
2019,90-99,Personlig tjenesteyting,121
2020,00,Uoppgitt,4
2020,00-99,Alle næringer,2710
2020,01-03,"Jordbruk, skogbruk og fiske",57
2020,05-09,Bergverksdrift og utvinning,62
2020,10-33,Industri,206
2020,35-39,"Elektrisitet, vann og renovasjon",30
2020,41-43,Bygge- og anleggsvirksomhet,225
2020,45-47,"Varehandel, reparasjon av motorvogner",349
2020,49-53,Transport og lagring,127
2020,55-56,Overnattings- og serveringsvirksomhet,85
2020,58-63,Informasjon og kommunikasjon,110
2020,64-66,Finansiering og forsikring,50
2020,68-75,"Teknisk tjenesteyting, eiendomsdrift",189
2020,77-82,Forretningsmessig tjenesteyting,127
2020,84,"Off.adm., forsvar, sosialforsikring",172
2020,85,Undervisning,229
2020,86-88,Helse- og sosialtjenester,565
2020,90-99,Personlig tjenesteyting,123
2021,00,Uoppgitt,0
2021,00-99,Alle næringer,2774
2021,01-03,"Jordbruk, skogbruk og fiske",63
2021,05-09,Bergverksdrift og utvinning,64
2021,10-33,Industri,201
2021,35-39,"Elektrisitet, vann og renovasjon",36
2021,41-43,Bygge- og anleggsvirksomhet,229
2021,45-47,"Varehandel, reparasjon av motorvogner",351
2021,49-53,Transport og lagring,127
2021,55-56,Overnattings- og serveringsvirksomhet,87
2021,58-63,Informasjon og kommunikasjon,118
2021,64-66,Finansiering og forsikring,54
2021,68-75,"Teknisk tjenesteyting, eiendomsdrift",199
2021,77-82,Forretningsmessig tjenesteyting,128
2021,84,"Off.adm., forsvar, sosialforsikring",177
2021,85,Undervisning,237
2021,86-88,Helse- og sosialtjenester,574
2021,90-99,Personlig tjenesteyting,117
2022,00,Uoppgitt,0
2022,00-99,Alle næringer,2849
2022,01-03,"Jordbruk, skogbruk og fiske",62
2022,05-09,Bergverksdrift og utvinning,70
2022,10-33,Industri,207
2022,35-39,"Elektrisitet, vann og renovasjon",36
2022,41-43,Bygge- og anleggsvirksomhet,235
2022,45-47,"Varehandel, reparasjon av motorvogner",346
2022,49-53,Transport og lagring,136
2022,55-56,Overnattings- og serveringsvirksomhet,110
2022,58-63,Informasjon og kommunikasjon,124
2022,64-66,Finansiering og forsikring,60
2022,68-75,"Teknisk tjenesteyting, eiendomsdrift",206
2022,77-82,Forretningsmessig tjenesteyting,130
2022,84,"Off.adm., forsvar, sosialforsikring",177
2022,85,Undervisning,235
2022,86-88,Helse- og sosialtjenester,575
2022,90-99,Personlig tjenesteyting,128
2023,00,Uoppgitt,0
2023,00-99,Alle næringer,2876
2023,01-03,"Jordbruk, skogbruk og fiske",72
2023,05-09,Bergverksdrift og utvinning,66
2023,10-33,Industri,202
2023,35-39,"Elektrisitet, vann og renovasjon",35
2023,41-43,Bygge- og anleggsvirksomhet,239
2023,45-47,"Varehandel, reparasjon av motorvogner",344
2023,49-53,Transport og lagring,137
2023,55-56,Overnattings- og serveringsvirksomhet,105
2023,58-63,Informasjon og kommunikasjon,132
2023,64-66,Finansiering og forsikring,56
2023,68-75,"Teknisk tjenesteyting, eiendomsdrift",207
2023,77-82,Forretningsmessig tjenesteyting,134
2023,84,"Off.adm., forsvar, sosialforsikring",177
2023,85,Undervisning,241
2023,86-88,Helse- og sosialtjenester,582
2023,90-99,Personlig tjenesteyting,131
2024,00,Uoppgitt,0
2024,00-99,Alle næringer,2889
2024,01-03,"Jordbruk, skogbruk og fiske",71
2024,05-09,Bergverksdrift og utvinning,58
2024,10-33,Industri,190
2024,35-39,"Elektrisitet, vann og renovasjon",37
2024,41-43,Bygge- og anleggsvirksomhet,233
2024,45-47,"Varehandel, reparasjon av motorvogner",352
2024,49-53,Transport og lagring,147
2024,55-56,Overnattings- og serveringsvirksomhet,101
2024,58-63,Informasjon og kommunikasjon,128
2024,64-66,Finansiering og forsikring,47
2024,68-75,"Teknisk tjenesteyting, eiendomsdrift",215
2024,77-82,Forretningsmessig tjenesteyting,137
2024,84,"Off.adm., forsvar, sosialforsikring",177
2024,85,Undervisning,244
2024,86-88,Helse- og sosialtjenester,590
2024,90-99,Personlig tjenesteyting,137
2025,00-99,Alle næringer,2903
2025,01-03,"Jordbruk, skogbruk og fiske",68
2025,05-09,Bergverksdrift og utvinning,61
2025,10-33,Industri,192
2025,35-39,"Elektrisitet, vann og renovasjon",38
2025,41-43,Bygge- og anleggsvirksomhet,226
2025,45-47,"Varehandel, reparasjon av motorvogner",346
2025,49-53,Transport og lagring,154
2025,55-56,Overnattings- og serveringsvirksomhet,110
2025,58-63,Informasjon og kommunikasjon,135
2025,64-66,Finansiering og forsikring,53
2025,68-75,"Teknisk tjenesteyting, eiendomsdrift",214
2025,77-82,Forretningsmessig tjenesteyting,128
2025,84,"Off.adm., forsvar, sosialforsikring",188
2025,85,Undervisning,230
2025,86-88,Helse- og sosialtjenester,585
2025,90-99,Personlig tjenesteyting,145
