"country","metric_type","category","year","value","unit","source","subtitle","metadata_json"
"dk","foodWastePerCapita","Totalt","2022","73","kg/capita","Miljøstyrelsen 2023","",""
"dk","foodWastePerCapita","Totalt","2020","79","kg/capita","Miljøstyrelsen 2021","",""
"fi","foodWastePerCapita","Totalt","2022","101","kg/capita","LUKE/Eurostat 2023","",""
"fi","foodWastePerCapita","Totalt","2020","107","kg/capita","LUKE/Eurostat 2021","",""
"is","foodWastePerCapita","Totalt","2024","84","kg/capita","Umhverfisstofnun 2025 est.","",""
"is","foodWastePerCapita","Totalt","2022","89","kg/capita","Umhverfisstofnun/Eurostat 2023","",""
"is","foodWastePerCapita","Totalt","2020","95","kg/capita","Umhverfisstofnun/Eurostat 2021","",""
"no","foodWaste","Dagligvare","2024","73000","tonn","Matvett/SSB 2025 est.","",""
"no","foodWaste","Dagligvare","2022","78000","tonn","Matvett/SSB 2023","",""
"no","foodWaste","Dagligvare","2020","82000","tonn","Matvett/SSB 2021","",""
"no","foodWaste","Dagligvare","2017","85000","tonn","Matvett/SSB 2018","",""
"no","foodWaste","Dagligvare","2015","90000","tonn","ForMat 2016","",""
"no","foodWaste","Husholdninger","2024","275000","tonn","Matvett/SSB 2025 est.","",""
"no","foodWaste","Husholdninger","2022","290000","tonn","Matvett/SSB 2023","",""
"no","foodWaste","Husholdninger","2020","307000","tonn","Matvett/SSB 2021","",""
"no","foodWaste","Husholdninger","2017","330000","tonn","Matvett/SSB 2018","",""
"no","foodWaste","Husholdninger","2015","350000","tonn","ForMat 2016","",""
"no","foodWaste","Jordbruk","2024","11000","tonn","Matvett/SSB 2025 est.","",""
"no","foodWaste","Jordbruk","2022","12000","tonn","Matvett/SSB 2023","",""
"no","foodWaste","Jordbruk","2020","13000","tonn","Matvett/SSB 2021","",""
"no","foodWaste","Jordbruk","2017","14000","tonn","Matvett/SSB 2018","",""
"no","foodWaste","Jordbruk","2015","15000","tonn","ForMat 2016","",""
"no","foodWaste","Matindustri","2024","92000","tonn","Matvett/SSB 2025 est.","",""
"no","foodWaste","Matindustri","2022","99000","tonn","Matvett/SSB 2023","",""
"no","foodWaste","Matindustri","2020","106000","tonn","Matvett/SSB 2021","",""
"no","foodWaste","Matindustri","2017","115000","tonn","Matvett/SSB 2018","",""
"no","foodWaste","Matindustri","2015","120000","tonn","ForMat 2016","",""
"no","foodWaste","Totalt","2024","451000","tonn","Matvett/SSB 2025 est.","",""
"no","foodWaste","Totalt","2022","479000","tonn","Matvett/SSB 2023","",""
"no","foodWaste","Totalt","2020","508000","tonn","Matvett/SSB 2021","",""
"no","foodWaste","Totalt","2017","544000","tonn","Matvett/SSB 2018","",""
"no","foodWaste","Totalt","2015","575000","tonn","ForMat 2016","",""
"no","foodWastePerCapita","Totalt","2024","82","kg/capita","Matvett 2025 est.","",""
"no","foodWastePerCapita","Totalt","2022","87","kg/capita","Matvett/Eurostat 2023","",""
"no","foodWastePerCapita","Totalt","2020","93","kg/capita","Matvett/Eurostat 2021","",""
"no","foodWastePerCapita","Totalt","2017","102","kg/capita","Matvett/Eurostat 2018","",""
"no","foodWastePerCapita","Totalt","2015","109","kg/capita","ForMat/Eurostat 2016","",""
"se","foodWaste","householdAvoidableFoodWastePerCapita","2024","16","kg/person/year","Naturvardsverket Livsmedelsavfall 2024","Household edible food waste that could have been eaten","{\"reportId\":\"naturvardsverket-livsmedelsavfall-sverige-2024\",\"shareOfHouseholdSolidFoodWaste\":26}"
"se","foodWaste","householdOtherFoodWastePerCapita","2024","45","kg/person/year","Naturvardsverket Livsmedelsavfall 2024","Household non-edible or other solid food waste","{\"reportId\":\"naturvardsverket-livsmedelsavfall-sverige-2024\",\"shareOfHouseholdSolidFoodWaste\":74}"
"se","foodWaste","householdShareRetailConsumerStage","2024","72","%","Naturvardsverket Livsmedelsavfall 2024","Household share of solid food waste in retail and consumer stages","{\"reportId\":\"naturvardsverket-livsmedelsavfall-sverige-2024\"}"
"se","foodWaste","nationalPerCapitaReductionTarget2025","2025","20","%","Naturvardsverket Livsmedelsavfall 2024","National milestone target for per-capita food waste reduction compared with 2020","{\"reportId\":\"naturvardsverket-livsmedelsavfall-sverige-2024\",\"baselineYear\":2020,\"targetStatus\":\"not achieved according to Naturvardsverket 2024 summary\"}"
"se","foodWaste","restaurantsPublicMealsShareRetailConsumerStage","2024","15","%","Naturvardsverket Livsmedelsavfall 2024","Restaurants and public meals share of retail and consumer-stage solid food waste","{\"reportId\":\"naturvardsverket-livsmedelsavfall-sverige-2024\"}"
"se","foodWaste","retailAndConsumerStagePerCapita","2024","84","kg/person/year","Naturvardsverket Livsmedelsavfall 2024","Solid food waste per person in retail and consumer stages","{\"reportId\":\"naturvardsverket-livsmedelsavfall-sverige-2024\",\"comparisonNote\":\"Approximately unchanged from 2020 according to Naturvardsverket.\"}"
"se","foodWaste","retailAndConsumerStageTotal","2024","880000","tonnes","Naturvardsverket Livsmedelsavfall 2024","Solid food waste in retail and consumer stages","{\"scope\":\"retail, wholesale, restaurants, public meals and households\",\"excludes\":[\"primary production\",\"food industry\",\"food and drink poured into drains\"],\"reportId\":\"naturvardsverket-livsmedelsavfall-sverige-2024\"}"
"se","foodWaste","retailDistributionShareRetailConsumerStage","2024","13","%","Naturvardsverket Livsmedelsavfall 2024","Retail and other food distribution share of retail and consumer-stage solid food waste","{\"reportId\":\"naturvardsverket-livsmedelsavfall-sverige-2024\"}"
"se","foodWastePerCapita","Totalt","2022","127","kg/capita","Naturvårdsverket 2023","",""
"se","foodWastePerCapita","Totalt","2020","133","kg/capita","Naturvårdsverket 2021","",""
