type,id,year,domain,malformed,url,wayback_probe,title
Report,akademia-sifo-kundeprogram-2026,2026,regjeringen.no,0,https://www.regjeringen.no/contentassets/139405f88a35456986e5aa579de7f290/sifo-rapport-1-2026-kunnskapsgrunnlag-om-kundeprogrammene-i-dagligvaremarkedet.pdf,https://web.archive.org/web/2026*/https://www.regjeringen.no/contentassets/139405f88a35456986e5aa579de7f290/sifo-rapport-1-2026-kunnskapsgrunnlag-om-kundeprogrammene-i-dagligvaremarkedet.pdf,SIFO: Lojalitetsprogrammer og prisdata
Report,dagligvaretilsynet-aarsrapport-2021,2021,regjeringen.no,0,https://www.regjeringen.no/contentassets/a9f933fc2c5c4d8aaed0a267b45a033d/dagligvaretilsynet-arsrapport-for-2022.pdf,https://web.archive.org/web/2026*/https://www.regjeringen.no/contentassets/a9f933fc2c5c4d8aaed0a267b45a033d/dagligvaretilsynet-arsrapport-for-2022.pdf,Dagligvaretilsynet — Årsrapport 2021
Report,dagligvaretilsynet-aarsrapport-2022,2022,regjeringen.no,0,https://www.regjeringen.no/contentassets/a9f933fc2c5c4d8aaed0a267b45a033d/arsrapport_dagligvaretilsynet-2023.pdf,https://web.archive.org/web/2026*/https://www.regjeringen.no/contentassets/a9f933fc2c5c4d8aaed0a267b45a033d/arsrapport_dagligvaretilsynet-2023.pdf,Dagligvaretilsynet — Årsrapport 2022
Report,dagligvaretilsynet-aarsrapport-2023,2023,regjeringen.no,0,https://www.regjeringen.no/contentassets/036ffda0c81e4b3f99456a78ec31df0e/arsrapport-dagligvaretilsynet-2024.pdf,https://web.archive.org/web/2026*/https://www.regjeringen.no/contentassets/036ffda0c81e4b3f99456a78ec31df0e/arsrapport-dagligvaretilsynet-2024.pdf,Dagligvaretilsynet — Årsrapport 2023
Report,dagligvaretilsynet-aarsrapport-2024,2024,regjeringen.no,0,https://www.regjeringen.no/contentassets/41847427caa14feb8b8578af3d6d45bc/r15-2023-kartlegging-av-egne-merkevarer-og-vertikal-integrasjon-i-dagligvaremarkedet.pdf,https://web.archive.org/web/2026*/https://www.regjeringen.no/contentassets/41847427caa14feb8b8578af3d6d45bc/r15-2023-kartlegging-av-egne-merkevarer-og-vertikal-integrasjon-i-dagligvaremarkedet.pdf,Dagligvaretilsynet — Årsrapport 2024
Report,emv-kartlegging-2023,2023,regjeringen.no,0,https://www.regjeringen.no/contentassets/41847427caa14feb8b8578af3d6d45bc/r15-2023-kartlegging-av-egne-merkevarer-og-vertikal-integrasjon-i-dagligvaremarkedet.pdf,https://web.archive.org/web/2026*/https://www.regjeringen.no/contentassets/41847427caa14feb8b8578af3d6d45bc/r15-2023-kartlegging-av-egne-merkevarer-og-vertikal-integrasjon-i-dagligvaremarkedet.pdf,Kartlegging av egne merkevarer og vertikal integrasjon i dagligvaremarkedet
Report,juridisk-eiendomsmakt-lokal-konkurranse,2024,regjeringen.no,0,https://www.regjeringen.no/no/aktuelt/forbyr-praksis-som-motvirker-konkurranse-i-dagligvaremarkedet/id2985486/,https://web.archive.org/web/2026*/https://www.regjeringen.no/no/aktuelt/forbyr-praksis-som-motvirker-konkurranse-i-dagligvaremarkedet/id2985486/,Eiendomsmakt og lokal konkurranse
Report,kt-markedsundersokelser-2026,2026,regjeringen.no,0,https://www.regjeringen.no/no/aktuelt/i-dag-far-konkurransetilsynet-et-nytt-verktoy-for-a-bekjempe-alvorlige-konkurranseproblemer/id3113837/,https://web.archive.org/web/2026*/https://www.regjeringen.no/no/aktuelt/i-dag-far-konkurransetilsynet-et-nytt-verktoy-for-a-bekjempe-alvorlige-konkurranseproblemer/id3113837/,Markedsundersokelser § 14 — Status
Report,matsvinnutvalget-2024,2024,regjeringen.no,0,https://www.regjeringen.no/contentassets/5a5cadf8907a4f4c94740d23d7c4c6e4/rapport-fra-matsvinnutvalget-anbefalinger-til-helhetlige-tiltak-og-virkemidler-31.12.23.pdf,https://web.archive.org/web/2026*/https://www.regjeringen.no/contentassets/5a5cadf8907a4f4c94740d23d7c4c6e4/rapport-fra-matsvinnutvalget-anbefalinger-til-helhetlige-tiltak-og-virkemidler-31.12.23.pdf,Matsvinnutvalgets anbefalinger
Report,meld-st-11-selvforsyning,2024,regjeringen.no,0,https://www.regjeringen.no/no/dokumenter/meld.-st.-11-20232024/id3028626/,https://web.archive.org/web/2026*/https://www.regjeringen.no/no/dokumenter/meld.-st.-11-20232024/id3028626/,Strategi for auka sjoelvforsyning
Report,meld-st-4-dagligvare,2024,regjeringen.no,0,https://www.regjeringen.no/no/dokumenter/meld.-st.-4-20242025/id3056808/,https://web.archive.org/web/2026*/https://www.regjeringen.no/no/dokumenter/meld.-st.-4-20242025/id3056808/,Status dagligvaretiltak (10-punktsplanen)
Report,menon-funksjonelt-skille-2026,2026,regjeringen.no,0,https://www.regjeringen.no/contentassets/06b381ba03a74b4e9c58822890f7cc2f/utredning-av-funksjonelt-og-regnskapsmessig-skille-i-verdikjeden-for-mat-og-dagligvarer.pdf,https://web.archive.org/web/2026*/https://www.regjeringen.no/contentassets/06b381ba03a74b4e9c58822890f7cc2f/utredning-av-funksjonelt-og-regnskapsmessig-skille-i-verdikjeden-for-mat-og-dagligvarer.pdf,Funksjonelt og regnskapsmessig skille
Report,nou-2011-4,2011,regjeringen.no,0,https://www.regjeringen.no/no/dokumenter/nou-2011-4/id640128/,https://web.archive.org/web/2026*/https://www.regjeringen.no/no/dokumenter/nou-2011-4/id640128/,"Mat, makt og avmakt"
Report,nou-2013-6-god-handelsskikk,2013,regjeringen.no,0,https://www.regjeringen.no/no/dokumenter/nou-2013-6/id725309/,https://web.archive.org/web/2026*/https://www.regjeringen.no/no/dokumenter/nou-2013-6/id725309/,NOU 2013:6 God handelsskikk i dagligvarekjeden
Report,nou-2022-14,2022,regjeringen.no,0,https://www.regjeringen.no/no/dokumenter/nou-2022-14/id2930144/,https://web.archive.org/web/2026*/https://www.regjeringen.no/no/dokumenter/nou-2022-14/id2930144/,Inntektsmaaling i jordbruket
Report,soa-emv-2023,2023,regjeringen.no,0,https://www.regjeringen.no/contentassets/41847427caa14feb8b8578af3d6d45bc/r15-2023-kartlegging-av-egne-merkevarer-og-vertikal-integrasjon-i-dagligvaremarkedet.pdf,https://web.archive.org/web/2026*/https://www.regjeringen.no/contentassets/41847427caa14feb8b8578af3d6d45bc/r15-2023-kartlegging-av-egne-merkevarer-og-vertikal-integrasjon-i-dagligvaremarkedet.pdf,SOA — EMV og Vertikal integrasjon
SourceDoc,src-12,2011,regjeringen.no,0,https://www.regjeringen.no/no/dokumenter/nou-2011-4/id640128/,https://web.archive.org/web/2026*/https://www.regjeringen.no/no/dokumenter/nou-2011-4/id640128/,"Mat, makt og avmakt – om styrkeforholdene i verdikjeden for mat"
SourceDoc,src-13,2022,regjeringen.no,0,https://www.regjeringen.no/no/dokumenter/nou-2022-14/id2930144/,https://web.archive.org/web/2026*/https://www.regjeringen.no/no/dokumenter/nou-2022-14/id2930144/,Inntektsmåling i jordbruket
SourceDoc,src-139,2020,regjeringen.no,0,https://www.regjeringen.no/no/dokumenter/prop.-33-l-20192020/id2681097/,https://web.archive.org/web/2026*/https://www.regjeringen.no/no/dokumenter/prop.-33-l-20192020/id2681097/,Prop. 33 L (2019-2020) Lov om god handelsskikk
SourceDoc,src-140,2025,regjeringen.no,0,https://www.regjeringen.no/no/dokumenter/prop.-4-l-20252026/id3124887/,https://web.archive.org/web/2026*/https://www.regjeringen.no/no/dokumenter/prop.-4-l-20252026/id3124887/,Prop. 4 L (2025-2026) Endringer i lov om god handelsskikk
SourceDoc,src-144,2025,regjeringen.no,0,https://www.regjeringen.no/no/dokumenter/meld.-st.-25-20242025/id3095592/,https://web.archive.org/web/2026*/https://www.regjeringen.no/no/dokumenter/meld.-st.-25-20242025/id3095592/,Meld. St. 25 (2024-2025) Handlingsplan for sirkulaer oekonomi
SourceDoc,src-145,2025,regjeringen.no,0,https://www.regjeringen.no/id3101561/,https://web.archive.org/web/2026*/https://www.regjeringen.no/id3101561/,Regjeringen pressemelding id3101561 - konkurransepakke dagligvare (19. mai 2025)
SourceDoc,src-146,2024,regjeringen.no,0,https://www.regjeringen.no/id3046671/,https://web.archive.org/web/2026*/https://www.regjeringen.no/id3046671/,Regjeringen pressemelding id3046671 - beredskapslager matkorn (25. juni 2024)
SourceDoc,src-164,2024,regjeringen.no,0,https://www.regjeringen.no/no/tema/klima-og-miljo/forurensning/innsiktsartikler/sirkular-okonomi/id2861732/,https://web.archive.org/web/2026*/https://www.regjeringen.no/no/tema/klima-og-miljo/forurensning/innsiktsartikler/sirkular-okonomi/id2861732/,Handlingsplan for en sirkulaer okonomi 2024-2025
SourceDoc,src-26,2024,regjeringen.no,0,https://www.regjeringen.no/no/dokumenter/meld-st-11-20232024/id3033241/,https://web.archive.org/web/2026*/https://www.regjeringen.no/no/dokumenter/meld-st-11-20232024/id3033241/,Strategi for auka sjølvforsyning av jordbruksvarer
SourceDoc,src-27,2024,regjeringen.no,1,regjeringen.no,https://web.archive.org/web/2026*/regjeringen.no,Anmodnings- og utredningsvedtak (Dagligvareseksjonen)
SourceDoc,src-28,2023,regjeringen.no,1,regjeringen.no,https://web.archive.org/web/2026*/regjeringen.no,Kartlegging av egne merkevarer og vertikal integrasjon
SourceDoc,src-47,2024,regjeringen.no,1,regjeringen.no,https://web.archive.org/web/2026*/regjeringen.no,Totalkalkylen for jordbruket (1A og 1B)
SourceDoc,src-65,2026,regjeringen.no,0,https://www.regjeringen.no/,https://web.archive.org/web/2026*/https://www.regjeringen.no/,"NOU-er, Stortingsdokumenter og Juridiske Kilder"
Report,erkkola-2025-nnr-evidence-to-action,2025,doi.org,0,https://doi.org/10.1017/S0029665125100682,https://web.archive.org/web/2026*/https://doi.org/10.1017/S0029665125100682,From evidence to action
Report,pubmed-hiis-2024,2024,doi.org,0,https://doi.org/10.1038/s41586-024-07464-3,https://web.archive.org/web/2026*/https://doi.org/10.1038/s41586-024-07464-3,Unlocking bacterial potential to reduce farmland N2O emissions
Report,pubmed-javourez-2021,2021,doi.org,0,https://doi.org/10.1016/j.biotechadv.2021.107857,https://web.archive.org/web/2026*/https://doi.org/10.1016/j.biotechadv.2021.107857,Waste-to-nutrition: a review of current and emerging conversion pathways
Report,pubmed-recanati-2019,2019,doi.org,0,https://doi.org/10.1016/j.scitotenv.2018.10.377,https://web.archive.org/web/2026*/https://doi.org/10.1016/j.scitotenv.2018.10.377,Assessing the role of CAP for more sustainable and healthier food systems in Europe
Report,pubmed-sigala-2025,2025,doi.org,0,https://doi.org/10.1016/j.wasman.2025.02.044,https://web.archive.org/web/2026*/https://doi.org/10.1016/j.wasman.2025.02.044,Reducing food waste in the HORECA sector using AI-based waste tracking technology
Report,pubmed-van-der-fels-klerx-2024,2024,doi.org,0,https://doi.org/10.1038/s41538-024-00276-9,https://web.archive.org/web/2026*/https://doi.org/10.1038/s41538-024-00276-9,Framework for evaluation of food safety in circular food systems
Report,pubmed-van-leeuwen-2024,2024,doi.org,0,https://doi.org/10.1038/s41538-024-00265-y,https://web.archive.org/web/2026*/https://doi.org/10.1038/s41538-024-00265-y,A novel approach to identify knowledge gaps on food safety in circular food systems
Report,pubmed-wohner-2020,2020,doi.org,0,https://doi.org/10.1016/j.scitotenv.2020.139846,https://web.archive.org/web/2026*/https://doi.org/10.1016/j.scitotenv.2020.139846,Environmental and economic assessment of food-packaging systems with a focus on food waste
Report,pubmed-zamanzadeh-2017,2017,doi.org,0,https://doi.org/10.1038/s41598-017-15784-w,https://web.archive.org/web/2026*/https://doi.org/10.1038/s41598-017-15784-w,Biogas production from food waste via co-digestion and digestion
SourceDoc,src-170,2022,doi.org,0,https://doi.org/10.18174/563389,https://web.archive.org/web/2026*/https://doi.org/10.18174/563389,Identifying and implementing circular applications of agri-residues
SourceDoc,src-72,2023,doi.org,0,https://doi.org/10.18174/638397,https://web.archive.org/web/2026*/https://doi.org/10.18174/638397,WUR White Paper: Circular Food Systems around the world
SourceDoc,src-93,2025,doi.org,0,https://doi.org/10.1787/59cf6c95-en,https://web.archive.org/web/2026*/https://doi.org/10.1787/59cf6c95-en,Beyond FLW Reduction Targets: Measuring and Valuing Food Loss and Waste
Report,trolle-2024-fbdg-environmental-sustainability,2024,doi.org,0,https://doi.org/10.29219/fnr.v68.10792,https://web.archive.org/web/2026*/https://doi.org/10.29219/fnr.v68.10792,Integrating environmental sustainability into Nordic food-based dietary guidelines
Thesis,barbakken-hausken-2006,2006,hdl.handle.net,0,https://hdl.handle.net/11250/167473,https://web.archive.org/web/2026*/https://hdl.handle.net/11250/167473,Det norske dagligvaremarkedet: relasjoner mellom detaljist og produsent
Report,beredskap-nibio-selvforsyning-metode,2024,hdl.handle.net,0,https://hdl.handle.net/11250/3105805,https://web.archive.org/web/2026*/https://hdl.handle.net/11250/3105805,NIBIO: Metode for selvforsyningsberegning
Thesis,handlykken-2023,2023,hdl.handle.net,0,https://hdl.handle.net/11250/3101983,https://web.archive.org/web/2026*/https://hdl.handle.net/11250/3101983,Nudging som atferdsoekonomisk virkemiddel for forbrukeratferd i dagligvare
Thesis,hebrok-phd-2020,2020,hdl.handle.net,0,https://hdl.handle.net/11250/2676125,https://web.archive.org/web/2026*/https://hdl.handle.net/11250/2676125,Food Waste: A practice-oriented design for sustainability approach
Thesis,jacobsen-jansson-2022,2022,hdl.handle.net,0,https://hdl.handle.net/11250/3051794,https://web.archive.org/web/2026*/https://hdl.handle.net/11250/3051794,Norway — the Black Sheep in the Scandinavian Grocery Industry
Thesis,jevne-schiotz-2021,2021,hdl.handle.net,0,https://hdl.handle.net/11250/2788657,https://web.archive.org/web/2026*/https://hdl.handle.net/11250/2788657,"Digitaliseringsstrategier for alternative matsystemer, med utgangspunkt i REKO-ringen"
Thesis,moe-2018,2018,hdl.handle.net,0,https://hdl.handle.net/11250/2569075,https://web.archive.org/web/2026*/https://hdl.handle.net/11250/2569075,Alternative Food Networks — the Case of CSA in Norway
Thesis,nguyen-hartmann-2024,2024,hdl.handle.net,0,https://hdl.handle.net/11250/3158950,https://web.archive.org/web/2026*/https://hdl.handle.net/11250/3158950,Restrictive covenants in the Norwegian grocery market: an empirical study
Thesis,paschen-eriksen-2014,2014,hdl.handle.net,0,https://hdl.handle.net/11250/276369,https://web.archive.org/web/2026*/https://hdl.handle.net/11250/276369,Matpolitikk i Norge — fremdeles norsk? Norsk forvaltnings arbeid med politikkutvikling innenfor EOS
Thesis,sandanger-2012,2012,hdl.handle.net,0,https://hdl.handle.net/11250/166778,https://web.archive.org/web/2026*/https://hdl.handle.net/11250/166778,Horisontal konkurranse i dagligvaremarkedet: Bruken av egne merkevarer
Thesis,tallaksen-2022,2022,hdl.handle.net,0,https://hdl.handle.net/11250/3008873,https://web.archive.org/web/2026*/https://hdl.handle.net/11250/3008873,Mot baerekraftige kostholdsendringer
Thesis,ulsaker-phd-2016,2016,hdl.handle.net,0,https://hdl.handle.net/11250/3197662,https://web.archive.org/web/2026*/https://hdl.handle.net/11250/3197662,On Vertical Restraints: Essays in Industrial Organzation
Thesis,vangelsten-2017,2017,hdl.handle.net,0,https://hdl.handle.net/11250/2491452,https://web.archive.org/web/2026*/https://hdl.handle.net/11250/2491452,Mot et baerekraftig norsk matsystem: Effekt pa selvforsyningsgrad og norsk jordbruk ved redusert konsum av kjott
Report,akademia-nhh-butikkstruktur-2024,2024,nhh.no,0,https://www.nhh.no/en/research-centres/food/,https://web.archive.org/web/2026*/https://www.nhh.no/en/research-centres/food/,NHH: Butikkstruktur og lokal konkurranse
Report,akademia-nhh-foros-media-2025,2025,nhh.no,0,https://www.nhh.no/en/employees/faculty/oystein-foros/,https://web.archive.org/web/2026*/https://www.nhh.no/en/employees/faculty/oystein-foros/,NHH/Foros: Vertikal integrasjon i media og dagligvare
Report,akademia-nhh-matbors-historie,2023,nhh.no,0,https://www.nhh.no/en/research-centres/food/,https://web.archive.org/web/2026*/https://www.nhh.no/en/research-centres/food/,NHH: Matboersens historie og matprisdannelse
Thesis,drager-vagene-2017,2017,nhh.no,0,https://www.nhh.no/contentassets/ef25235953bd4af58671fa1bd5771495/drager-og-vagene.pdf,https://web.archive.org/web/2026*/https://www.nhh.no/contentassets/ef25235953bd4af58671fa1bd5771495/drager-og-vagene.pdf,Markedskonsentrasjon i Skandinavia
Thesis,fretheim-rodnova-2020,2020,nhh.no,0,https://www.nhh.no/contentassets/4c75bee2502f412fad66c9ad9ab96154/fretheimrodnova-etableringshindringer-var-2020_isf_mro-2.pdf,https://web.archive.org/web/2026*/https://www.nhh.no/contentassets/4c75bee2502f412fad66c9ad9ab96154/fretheimrodnova-etableringshindringer-var-2020_isf_mro-2.pdf,Etableringshindringer i dagligvaremarkedet: Lokale reguleringer som etableringshindring
Thesis,hasle-tjostheim-2024,2024,nhh.no,0,https://www.nhh.no/contentassets/36d52bb70566431483b8cda67cf6f995/tjostheim--hasle_offentlig-versjon.pdf,https://web.archive.org/web/2026*/https://www.nhh.no/contentassets/36d52bb70566431483b8cda67cf6f995/tjostheim--hasle_offentlig-versjon.pdf,Lavprissegmentets utvikling i det norske dagligvaremarkedet
Thesis,martens-norum-2020,2020,nhh.no,0,https://www.nhh.no/contentassets/4c75bee2502f412fad66c9ad9ab96154/importvern_til_godkjenning---sensurert-adobe.pdf,https://web.archive.org/web/2026*/https://www.nhh.no/contentassets/4c75bee2502f412fad66c9ad9ab96154/importvern_til_godkjenning---sensurert-adobe.pdf,Importvernets pavirkning pa konsentrasjonen i leverandorleddet
Thesis,meile-2020,2020,nhh.no,0,https://www.nhh.no/contentassets/4c75bee2502f412fad66c9ad9ab96154/thesis_food_ng_meile_uniform_pricing_public_version.pdf,https://web.archive.org/web/2026*/https://www.nhh.no/contentassets/4c75bee2502f412fad66c9ad9ab96154/thesis_food_ng_meile_uniform_pricing_public_version.pdf,Uniform Pricing in Norwegian Grocery Retail
Thesis,nilsen-paulsen-2025,2025,nhh.no,0,https://www.nhh.no/contentassets/398b849b83b24d43995c73b0919b01f8/nilsen_paulsen_pass-through-av-ravarepriser-for-kakao--og-kaffeprodukter.pdf,https://web.archive.org/web/2026*/https://www.nhh.no/contentassets/398b849b83b24d43995c73b0919b01f8/nilsen_paulsen_pass-through-av-ravarepriser-for-kakao--og-kaffeprodukter.pdf,Pass-through av ravarepriser for kakao- og kaffeprodukter
Thesis,selmani-forre-2023,2023,nhh.no,0,https://www.nhh.no/contentassets/6547405137a14bf4afcad1355d45a1be/lidl-selmani--forre-h23.pdf,https://web.archive.org/web/2026*/https://www.nhh.no/contentassets/6547405137a14bf4afcad1355d45a1be/lidl-selmani--forre-h23.pdf,Hvorfor mislyktes Lidl med a etablere seg pa det norske markedet?
Thesis,skulstad-svensson-2024,2024,nhh.no,0,https://www.nhh.no/contentassets/36d52bb70566431483b8cda67cf6f995/icas-fall-i-norge---skulstad--svensson-v24.pdf,https://web.archive.org/web/2026*/https://www.nhh.no/contentassets/36d52bb70566431483b8cda67cf6f995/icas-fall-i-norge---skulstad--svensson-v24.pdf,ICAs fall i Norge
SourceDoc,src-20,2025,nhh.no,0,https://www.nhh.no/en/research-centres/food/,https://web.archive.org/web/2026*/https://www.nhh.no/en/research-centres/food/,Media attention and price competition: Evidence from Norwegian grocery retailing
SourceDoc,src-86,2024,nhh.no,0,https://www.nhh.no/en/research-centres/food/food-news/2024/all-retail-sectors-are-highly-concentrated/,https://web.archive.org/web/2026*/https://www.nhh.no/en/research-centres/food/food-news/2024/all-retail-sectors-are-highly-concentrated/,NHH FOOD: Prof. Frode Steen markedsanalyse april 2024
Report,kt-dagligvarerapport-2024,2025,konkurransetilsynet.no,0,https://konkurransetilsynet.no/wp-content/uploads/2025/04/Konkurransetilsynets-Dagligvarerapport-2024-25.pdf,https://web.archive.org/web/2026*/https://konkurransetilsynet.no/wp-content/uploads/2025/04/Konkurransetilsynets-Dagligvarerapport-2024-25.pdf,Dagligvarerapport 2024-25
Report,kt-innkjopspriser-2017-2023,2024,konkurransetilsynet.no,0,https://konkurransetilsynet.no/dagligvare-forskjeller-i-innkjopspriser-ytterligere-redusert/,https://web.archive.org/web/2026*/https://konkurransetilsynet.no/dagligvare-forskjeller-i-innkjopspriser-ytterligere-redusert/,Kartlegging av innkjopspriser 2017-2023
Report,kt-marginstudie-2024-del1,2024,konkurransetilsynet.no,0,https://konkurransetilsynet.no/wp-content/uploads/2024/05/Rapport-marginstudie.pdf,https://web.archive.org/web/2026*/https://konkurransetilsynet.no/wp-content/uploads/2024/05/Rapport-marginstudie.pdf,Marginstudie Del 1
Report,kt-marginstudie-2025-del2,2025,konkurransetilsynet.no,0,https://konkurransetilsynet.no/wp-content/uploads/2025/01/Del-2.-Kartlegging-av-marginer-ved-bruk-av-informasjon-pa-produktniva.pdf,https://web.archive.org/web/2026*/https://konkurransetilsynet.no/wp-content/uploads/2025/01/Del-2.-Kartlegging-av-marginer-ved-bruk-av-informasjon-pa-produktniva.pdf,Marginstudie Del 2
Report,kt-prisjeger-saken-2024,2024,konkurransetilsynet.no,0,https://konkurransetilsynet.no/wp-content/uploads/2025/02/V2024-4-Offentlig-versjon-Coop-Norge-SA-Norgesgruppen-ASA-Rema-1000-AS-%E2%80%93-palegg-om-opphor-av-overtredelse-.pdf,https://web.archive.org/web/2026*/https://konkurransetilsynet.no/wp-content/uploads/2025/02/V2024-4-Offentlig-versjon-Coop-Norge-SA-Norgesgruppen-ASA-Rema-1000-AS-%E2%80%93-palegg-om-opphor-av-overtredelse-.pdf,"Prisjeger-saken (4,9 mrd. NOK)"
Report,kt-prisjusteringsvinduer-2023,2023,konkurransetilsynet.no,0,https://konkurransetilsynet.no/wp-content/uploads/2023/12/Utredning-om-prisjusteringsvinduer-2023.pdf,https://web.archive.org/web/2026*/https://konkurransetilsynet.no/wp-content/uploads/2023/12/Utredning-om-prisjusteringsvinduer-2023.pdf,Utredning om prisjusteringsvinduer
Report,nordisk-food-markets-2005,2005,konkurransetilsynet.no,0,https://konkurransetilsynet.no/wp-content/uploads/2018/08/NORDIC_FOOD_MARKETS.pdf,https://web.archive.org/web/2026*/https://konkurransetilsynet.no/wp-content/uploads/2018/08/NORDIC_FOOD_MARKETS.pdf,Nordic Food Markets — A Taste for Competition
SourceDoc,src-14,2025,konkurransetilsynet.no,0,https://konkurransetilsynet.no/wp-content/uploads/2025/04/Konkurransetilsynets-Dagligvarerapport-2024-25.pdf,https://web.archive.org/web/2026*/https://konkurransetilsynet.no/wp-content/uploads/2025/04/Konkurransetilsynets-Dagligvarerapport-2024-25.pdf,Konkurransetilsynets Dagligvarerapport 2024-25
SourceDoc,src-36,2025,konkurransetilsynet.no,1,konkurransetilsynet.no,https://web.archive.org/web/2026*/konkurransetilsynet.no,Ny hjemmel for markedsetterforskning
SourceDoc,src-42,2024,konkurransetilsynet.no,1,konkurransetilsynet.no,https://web.archive.org/web/2026*/konkurransetilsynet.no,Vedtak om overtredelsesgebyr i dagligvaremarkedet
SourceDoc,src-44,2024,konkurransetilsynet.no,1,konkurransetilsynet.no,https://web.archive.org/web/2026*/konkurransetilsynet.no,Lønnsomhet på virksomhetsnivå 2017–2022
Report,karlstad-declaration-matberedskap-2024,2024,norden.org,0,https://www.norden.org/no/declaration/karlstaddeklarasjonen,https://web.archive.org/web/2026*/https://www.norden.org/no/declaration/karlstaddeklarasjonen,Karlstad-deklarasjonen om nordisk matberedskap
Report,normo-2025-nordic-monitoring,2025,norden.org,0,https://www.norden.org/en/publication/normo-2025-nordic-monitoring-2014-2024,https://web.archive.org/web/2026*/https://www.norden.org/en/publication/normo-2025-nordic-monitoring-2014-2024,NORMO 2025
Report,solutions-menu-2018,2018,norden.org,0,https://www.norden.org/en/publication/solutions-menu-nordic-guide-sustainable-food-policy,https://web.archive.org/web/2026*/https://www.norden.org/en/publication/solutions-menu-nordic-guide-sustainable-food-policy,Solutions Menu
SourceDoc,src-165,2019,norden.org,0,https://www.norden.org/en/declaration/our-vision-2030,https://web.archive.org/web/2026*/https://www.norden.org/en/declaration/our-vision-2030,Our Vision 2030
SourceDoc,src-166,2021-2024,norden.org,0,https://www.norden.org/en/information/action-plan-vision-2030,https://web.archive.org/web/2026*/https://www.norden.org/en/information/action-plan-vision-2030,Action Plan for Vision 2030
SourceDoc,src-167,2021,norden.org,0,https://www.norden.org/en/publication/nordic-indicators-our-vision-2030,https://web.archive.org/web/2026*/https://www.norden.org/en/publication/nordic-indicators-our-vision-2030,Nordic Indicators for Our Vision 2030
SourceDoc,src-168,2023,norden.org,0,https://www.norden.org/en/publication/nordic-region-sustainable-and-integrated-region-our-vision-2030-status-report-2023,https://web.archive.org/web/2026*/https://www.norden.org/en/publication/nordic-region-sustainable-and-integrated-region-our-vision-2030-status-report-2023,The Nordic Region - a sustainable and integrated region? Our Vision 2030 Status Report 2023
SourceDoc,src-92,2018,norden.org,0,https://www.norden.org/en/publication/nordic-bioeconomy-programme,https://web.archive.org/web/2026*/https://www.norden.org/en/publication/nordic-bioeconomy-programme,Nordic Bioeconomy Programme: 15 Action Points for Sustainable Change
Report,karlstad-declaration-2024,2024,pub.norden.org,0,https://pub.norden.org/nord2024-023/nord2024-023.pdf,https://web.archive.org/web/2026*/https://pub.norden.org/nord2024-023/nord2024-023.pdf,UNESCO Biosphere Reserves — A Path to Local Holistic Sustainability (Nord 2024:023)
Report,nnr2023-nordic-nutrition-recommendations,2023,pub.norden.org,0,https://pub.norden.org/nord2023-003/,https://web.archive.org/web/2026*/https://pub.norden.org/nord2023-003/,Nordic Nutrition Recommendations 2023
Report,norden-policy-2024,2024,pub.norden.org,0,https://pub.norden.org/nord2024-007/nord2024-007.pdf,https://web.archive.org/web/2026*/https://pub.norden.org/nord2024-007/nord2024-007.pdf,Policy tools for sustainable and healthy eating
Report,nordic-food-alert-2025,2025,pub.norden.org,0,https://pub.norden.org/nord2025-010/nord2025-010.pdf,https://web.archive.org/web/2026*/https://pub.norden.org/nord2025-010/nord2025-010.pdf,Beyond Zero — Nordic Architecture on the Road Towards Renewed Practices (Nord 2025:010)
Report,sirkularitet-matsvinn-2024,2024,pub.norden.org,0,https://pub.norden.org/nord2024-034/nord2024-034.pdf,https://web.archive.org/web/2026*/https://pub.norden.org/nord2024-034/nord2024-034.pdf,Breaking Barriers
SourceDoc,src-162,2025,pub.norden.org,0,https://pub.norden.org/nord2025-007/nord2025-007.pdf,https://web.archive.org/web/2026*/https://pub.norden.org/nord2025-007/nord2025-007.pdf,Effective waste prevention needs policies targeting the entire value chain
SourceDoc,src-169,2025-2030,pub.norden.org,0,https://pub.norden.org/politiknord2024-749/political-priorities.html,https://web.archive.org/web/2026*/https://pub.norden.org/politiknord2024-749/political-priorities.html,"Nordic Co-operation Programme for Fisheries, Aquaculture, Agriculture, Food and Forestry 2025-2030"
Report,konkurrensverket-2025-5-livsmedelsutredning,2025,konkurrensverket.se,0,https://www.konkurrensverket.se/globalassets/dokument/informationsmaterial/rapporter-och-broschyrer/rapportserie/rapport_2025-5.pdf,https://web.archive.org/web/2026*/https://www.konkurrensverket.se/globalassets/dokument/informationsmaterial/rapporter-och-broschyrer/rapportserie/rapport_2025-5.pdf,Konkurrensverket rapport 2025:5 — livsmedelsutredningen
Report,konkurrensverket-summary-2024,2024,konkurrensverket.se,0,https://www.konkurrensverket.se/globalassets/dokument/informationsmaterial/rapporter-och-broschyrer/rapportserie/rapport_2024-5.pdf,https://web.archive.org/web/2026*/https://www.konkurrensverket.se/globalassets/dokument/informationsmaterial/rapporter-och-broschyrer/rapportserie/rapport_2024-5.pdf,Summary of the Swedish Competition Authority's inquiry into the food industry 2023–2024
Report,se-konkurrensverket-2024-5,2024,konkurrensverket.se,0,https://www.konkurrensverket.se/globalassets/dokument/informationsmaterial/rapporter-och-broschyrer/rapportserie/rapport_2024-5.pdf,https://web.archive.org/web/2026*/https://www.konkurrensverket.se/globalassets/dokument/informationsmaterial/rapporter-och-broschyrer/rapportserie/rapport_2024-5.pdf,Konkurrensverket Rapport 2024:5
SourceDoc,src-141,2025,konkurrensverket.se,0,https://www.konkurrensverket.se/publikationer/,https://web.archive.org/web/2026*/https://www.konkurrensverket.se/publikationer/,Konkurrensverket rapport 2025:5 - livsmedelsutredningen
SourceDoc,src-25,2024,konkurrensverket.se,0,https://www.konkurrensverket.se/publikationer/,https://web.archive.org/web/2026*/https://www.konkurrensverket.se/publikationer/,Konkurrensverkets genomlysning av livsmedelsbranschen 2023–2024
SourceDoc,src-78,2024,konkurrensverket.se,0,https://www.konkurrensverket.se/publikationer/,https://web.archive.org/web/2026*/https://www.konkurrensverket.se/publikationer/,Naermaste konkurrent-analys: 290 kommuner
Thesis,eriksson-phd-2015,2015,pub.epsilon.slu.se,0,https://pub.epsilon.slu.se/12756/,https://web.archive.org/web/2026*/https://pub.epsilon.slu.se/12756/,Supermarket food waste: Prevention and management
Thesis,lund-beijer-2026,2026,pub.epsilon.slu.se,0,https://pub.epsilon.slu.se/39994/1/lundberg-e-et-al-20260430.pdf,https://web.archive.org/web/2026*/https://pub.epsilon.slu.se/39994/1/lundberg-e-et-al-20260430.pdf,Impact of food retail market power on small food producers in Sweden: Challenges and opportunities
Thesis,slu-house-crickets-2025,2025,pub.epsilon.slu.se,0,https://pub.epsilon.slu.se/id/document/20453027,https://web.archive.org/web/2026*/https://pub.epsilon.slu.se/id/document/20453027,Integrating house crickets in circular food systems
SourceDoc,src-160,2016,pub.epsilon.slu.se,0,https://pub.epsilon.slu.se/13495/1/eriksson_m_160703.pdf,https://web.archive.org/web/2026*/https://pub.epsilon.slu.se/13495/1/eriksson_m_160703.pdf,Food chain sustainability in Sweden
SourceDoc,src-175,2019,pub.epsilon.slu.se,0,https://pub.epsilon.slu.se/16481/1/karimi_et_al_200127.pdf,https://web.archive.org/web/2026*/https://pub.epsilon.slu.se/16481/1/karimi_et_al_200127.pdf,Evaluation of Filamentous Fungal Biomass Cultivated on Vinasse as an Alternative Nutrient Source of Fish Feed
Thesis,sundin-phd-2024,2024,pub.epsilon.slu.se,0,https://pub.epsilon.slu.se/34408/,https://web.archive.org/web/2026*/https://pub.epsilon.slu.se/34408/,Sustainability of food waste prevention through food consumption
Report,dk-salling-coop-decision-2025,2025,kfst.dk,0,https://kfst.dk/konkurrenceforhold/afgoerelser/afgoerelser-paa-konkurrenceomraadet/raads-og-styrelsesafgoerelser/2025/20250326-salling-group-dele-af-coop-danmark,https://web.archive.org/web/2026*/https://kfst.dk/konkurrenceforhold/afgoerelser/afgoerelser-paa-konkurrenceomraadet/raads-og-styrelsesafgoerelser/2025/20250326-salling-group-dele-af-coop-danmark,Salling Group A/S erhvervelse af dele af Coop Danmark A/S (Konkurrencerådsafgørelse 26. marts 2025)
Report,kfst-foedevarehandelslov-evaluering-2024,2024,kfst.dk,0,https://kfst.dk/media/3wxbfqqe/20241120-evaluering-af-foedevarehandelsloven-2024.pdf,https://web.archive.org/web/2026*/https://kfst.dk/media/3wxbfqqe/20241120-evaluering-af-foedevarehandelsloven-2024.pdf,KFST Evaluering af foedevarehandelsloven 2024
Report,kfst-salling-coop-2025,2025,kfst.dk,0,https://kfst.dk/konkurrenceforhold/afgoerelser/afgoerelser-paa-konkurrenceomraadet/raads-og-styrelsesafgoerelser/2025/20250326-salling-group-dele-af-coop-danmark,https://web.archive.org/web/2026*/https://kfst.dk/konkurrenceforhold/afgoerelser/afgoerelser-paa-konkurrenceomraadet/raads-og-styrelsesafgoerelser/2025/20250326-salling-group-dele-af-coop-danmark,Salling Group / Coop Danmark-oppkjop
SourceDoc,src-171,2025,kfst.dk,0,https://kfst.dk/media/edgjum43/20250326-salling-groups-erhvervelse-af-dele-af-coop-danmark-a.pdf,https://web.archive.org/web/2026*/https://kfst.dk/media/edgjum43/20250326-salling-groups-erhvervelse-af-dele-af-coop-danmark-a.pdf,Salling Group A/S erhvervelse af dele af Coop Danmark A/S
SourceDoc,src-172,2024,kfst.dk,0,https://kfst.dk/afgoerelser-ruling/konkurrenceomraadet/afgoerelser/2024/20240626-ok-coop-fusion,https://web.archive.org/web/2026*/https://kfst.dk/afgoerelser-ruling/konkurrenceomraadet/afgoerelser/2024/20240626-ok-coop-fusion,OK a.m.b.a. erhvervelse af Coop Danmark A/S
Thesis,sedwall-2025,2025,diva-portal.org,0,http://www.diva-portal.org/smash/get/diva2:1966137/FULLTEXT01.pdf,https://web.archive.org/web/2026*/http://www.diva-portal.org/smash/get/diva2:1966137/FULLTEXT01.pdf,Hybrid Supply Chain Models in Swedish Grocery Retail
Report,sodertaelje-diet-green-planet,2023,diva-portal.org,0,https://www.diva-portal.org/smash/record.jsf?pid=diva2%3A1915414,https://web.archive.org/web/2026*/https://www.diva-portal.org/smash/record.jsf?pid=diva2%3A1915414,Soedertaelje — Diet for a Green Planet
Thesis,stahl-2024,2024,diva-portal.org,0,http://www.diva-portal.org/smash/record.jsf?pid=diva2:1877280,https://web.archive.org/web/2026*/http://www.diva-portal.org/smash/record.jsf?pid=diva2:1877280,Politics You Can Eat: Insights from the Implementation of Sodertalje Municipality's Food Supply Strategy
Thesis,van-straten-2025,2025,diva-portal.org,0,https://www.diva-portal.org/smash/get/diva2:2041632/FULLTEXT01.pdf,https://web.archive.org/web/2026*/https://www.diva-portal.org/smash/get/diva2:2041632/FULLTEXT01.pdf,Circular business models in Finnish food companies
Report,norgesgruppen-2024-25,2024,norgesgruppen.no,0,https://www.norgesgruppen.no/globalassets/finansiell-informasjon/rapporter/2024/ng_ars--og-barekraftsrapport-2024.pdf,https://web.archive.org/web/2026*/https://www.norgesgruppen.no/globalassets/finansiell-informasjon/rapporter/2024/ng_ars--og-barekraftsrapport-2024.pdf,NorgesGruppen Aarsrapport 2024
Report,norgesgruppen-halvarsrapport-h1-2025,2025,norgesgruppen.no,0,https://www.norgesgruppen.no/finans/finans-hjem/rapporter/,https://web.archive.org/web/2026*/https://www.norgesgruppen.no/finans/finans-hjem/rapporter/,NorgesGruppen halvarsrapport H1 2025
SourceDoc,src-137,2025,norgesgruppen.no,0,https://www.norgesgruppen.no/finans/,https://web.archive.org/web/2026*/https://www.norgesgruppen.no/finans/,NorgesGruppen registreringsdokument 02.06.2025 (NO0013462705)
SourceDoc,src-17,2025,norgesgruppen.no,0,https://www.norgesgruppen.no/om-oss/rapporter/,https://web.archive.org/web/2026*/https://www.norgesgruppen.no/om-oss/rapporter/,Års- og bærekraftsrapport 2024 / Halvårsrapport 2025
Thesis,huynh-mortensen-2025,2025,projekter.aau.dk,0,https://projekter.aau.dk/projekter/files/783577089/Afgangsprojekt_HD1_Analyse_af_Salling_Group_AS_og_Coop_Danmark_AS.pdf,https://web.archive.org/web/2026*/https://projekter.aau.dk/projekter/files/783577089/Afgangsprojekt_HD1_Analyse_af_Salling_Group_AS_og_Coop_Danmark_AS.pdf,Analyse af Salling Group A/S og Coop Danmark A/S
Thesis,jorgensen-ahmadi-2024,2024,projekter.aau.dk,0,https://projekter.aau.dk/projekter/files/713911263/HDR_Afgangsprojekt_maj_2024.pdf,https://web.archive.org/web/2026*/https://projekter.aau.dk/projekter/files/713911263/HDR_Afgangsprojekt_maj_2024.pdf,Rema 1000: Nokkelen til succes pa det danske detailmarked
Report,salling-coop-danmark-2025,2025,projekter.aau.dk,0,https://projekter.aau.dk/projekter/files/783577089/Afgangsprojekt_HD1_Analyse_af_Salling_Group_AS_og_Coop_Danmark_AS.pdf,https://web.archive.org/web/2026*/https://projekter.aau.dk/projekter/files/783577089/Afgangsprojekt_HD1_Analyse_af_Salling_Group_AS_og_Coop_Danmark_AS.pdf,Analyse af Salling Group A/S og Coop Danmark A/S — Erhvervsøkonomisk metode
Thesis,tanderup-rasmussen-hansen-2023,2023,projekter.aau.dk,0,https://projekter.aau.dk/projekter/files/532660255/HDR___Afgangsprojekt___Gruppe_25.pdf,https://web.archive.org/web/2026*/https://projekter.aau.dk/projekter/files/532660255/HDR___Afgangsprojekt___Gruppe_25.pdf,Fremtidens Coop — En virksomhed i forandring
Thesis,minkeviciute-2019,2019,research.cbs.dk,0,https://research.cbs.dk/en/studentProjects/assessment-of-grocery-ecommerce-in-scandinavia,https://web.archive.org/web/2026*/https://research.cbs.dk/en/studentProjects/assessment-of-grocery-ecommerce-in-scandinavia,Assessment of Grocery eCommerce in Scandinavia
Thesis,nielsen-andersen-2016,2016,research.cbs.dk,0,https://research.cbs.dk/en/studentProjects/danish-grocery-retail-does-preference-structure-influence-the-per,https://web.archive.org/web/2026*/https://research.cbs.dk/en/studentProjects/danish-grocery-retail-does-preference-structure-influence-the-per,Danish Grocery Retail: Does Preference Structure Influence the Perception of Price and Quality?
Thesis,schuler-2017,2017,research.cbs.dk,0,https://research.cbs.dk/da/studentProjects/4d595881-09e8-4903-a8ee-8884cb878a8b,https://web.archive.org/web/2026*/https://research.cbs.dk/da/studentProjects/4d595881-09e8-4903-a8ee-8884cb878a8b,Food Loss and Waste in the Fresh Potato Supply Chain of Denmark
Thesis,storm-teigland-2017,2017,research.cbs.dk,0,https://research.cbs.dk/en/studentProjects/f94eaa1d-15c1-404b-8e1b-b7ce56fe317d,https://web.archive.org/web/2026*/https://research.cbs.dk/en/studentProjects/f94eaa1d-15c1-404b-8e1b-b7ce56fe317d,The Business of Food Waste: A Case Study of REMA 1000
Thesis,adlers-2022,2022,stud.epsilon.slu.se,0,https://stud.epsilon.slu.se/17609/,https://web.archive.org/web/2026*/https://stud.epsilon.slu.se/17609/,Gar det att oka graden av sjalvforsorjning? Svensk notkotts- och spannmalsproduktion
Thesis,khandaker-2021,2021,stud.epsilon.slu.se,0,https://stud.epsilon.slu.se/17412/,https://web.archive.org/web/2026*/https://stud.epsilon.slu.se/17412/,The resilience of the food supply chain to pandemic COVID-19: grain industry in Sweden
Thesis,nikolaev-2023,2023,stud.epsilon.slu.se,0,https://stud.epsilon.slu.se/19302/,https://web.archive.org/web/2026*/https://stud.epsilon.slu.se/19302/,Food supply chain resilience to pandemics: A rapid review
Thesis,sturen-2023,2023,stud.epsilon.slu.se,0,https://stud.epsilon.slu.se/19444/,https://web.archive.org/web/2026*/https://stud.epsilon.slu.se/19444/,Sustainable bread supply chains in Sweden
Thesis,duong-2025,2025,aaltodoc.aalto.fi,0,https://aaltodoc.aalto.fi/server/api/core/bitstreams/ce6b7288-aee5-4a7c-bb7f-f238d138b282/content,https://web.archive.org/web/2026*/https://aaltodoc.aalto.fi/server/api/core/bitstreams/ce6b7288-aee5-4a7c-bb7f-f238d138b282/content,Common Grocery Self-Service Checkout Failures That Customers Can Resolve Without Employee Assistance
Thesis,kronqvist-2010,2010,aaltodoc.aalto.fi,0,https://aaltodoc.aalto.fi/handle/123456789/523,https://web.archive.org/web/2026*/https://aaltodoc.aalto.fi/handle/123456789/523,Consumer-owned retail cooperative in duopoly with horizontally differentiated goods
Thesis,syroegina-2016,2016,aaltodoc.aalto.fi,0,https://aaltodoc.aalto.fi/handle/123456789/21500,https://web.archive.org/web/2026*/https://aaltodoc.aalto.fi/handle/123456789/21500,Retailer's role in reducing food waste: Case study of Finnish retailers
Report,asko-barekraft-2024,2024,asko.no,0,https://asko.no/globalassets/om-asko/miljo/barekraft-i-asko-2024.pdf,https://web.archive.org/web/2026*/https://asko.no/globalassets/om-asko/miljo/barekraft-i-asko-2024.pdf,Bærekraft i ASKO 2024
Report,asko-infrastruktur-2025,2025,asko.no,0,https://asko.no/en/about-us/,https://web.archive.org/web/2026*/https://asko.no/en/about-us/,ASKO — Infrastruktur og Logistikkmakt
SourceDoc,src-30,2025,asko.no,1,asko.no,https://web.archive.org/web/2026*/asko.no,ASKO Års- og bærekraftsrapport / NorgesGruppen Logistikk
Thesis,esposito-2022,2022,bora.uib.no,0,https://bora.uib.no/bora-xmlui/handle/11250/3010552,https://web.archive.org/web/2026*/https://bora.uib.no/bora-xmlui/handle/11250/3010552,Nar matsvinn blir et politikkomrade
Thesis,morken-2015,2015,bora.uib.no,0,https://bora.uib.no/bora-xmlui/handle/1956/10899,https://web.archive.org/web/2026*/https://bora.uib.no/bora-xmlui/handle/1956/10899,Effekter av innkjopssamarbeid i det norske dagligvaremarkedet
Thesis,orlova-2019,2019,bora.uib.no,0,https://bora.uib.no/bora-xmlui/handle/1956/20623,https://web.archive.org/web/2026*/https://bora.uib.no/bora-xmlui/handle/1956/20623,Kan et forbud mot prisdiskriminering fremme etablering av nettaktorer i dagligvaremarkedet?
Report,coop-2024,2024,coop.no,0,https://www.coop.no/om-coop/virksomheten/arsrapport,https://web.archive.org/web/2026*/https://www.coop.no/om-coop/virksomheten/arsrapport,Coop Aarsresultat 2024
Report,coop-norge-2024,2024,coop.no,0,https://www.coop.no/om-coop/virksomheten/arsrapport,https://web.archive.org/web/2026*/https://www.coop.no/om-coop/virksomheten/arsrapport,Coop Norge ÅRS- og bærekraftsrapport 2024
SourceDoc,src-18,2025,coop.no,0,https://coop.no/om-coop/virksomheten/finansiell-informasjon/,https://web.archive.org/web/2026*/https://coop.no/om-coop/virksomheten/finansiell-informasjon/,Coops årsresultat og medlemsnytte 2024
Report,dt-samarbeidsklima-2023,2023,dagligvaretilsynet.no,0,https://www.dagligvaretilsynet.no/s/Rapport-om-Samarbeidsklimaet-i-Dagligvarebransjen-2023.pdf,https://web.archive.org/web/2026*/https://www.dagligvaretilsynet.no/s/Rapport-om-Samarbeidsklimaet-i-Dagligvarebransjen-2023.pdf,Samarbeidsklimaet i Dagligvarebransjen 2023
Report,dt-samarbeidsklima-2025,2025,dagligvaretilsynet.no,0,https://www.dagligvaretilsynet.no/s/dagligvare_rapport-yn2p.pdf,https://web.archive.org/web/2026*/https://www.dagligvaretilsynet.no/s/dagligvare_rapport-yn2p.pdf,Samarbeidsklima-undersokelsen 2025
SourceDoc,src-15,2025,dagligvaretilsynet.no,0,https://www.dagligvaretilsynet.no/,https://web.archive.org/web/2026*/https://www.dagligvaretilsynet.no/,Samarbeidsklimaet i dagligvarebransjen 2025
Thesis,albizzati-phd-2021,2021,orbit.dtu.dk,0,https://orbit.dtu.dk/en/publications/sustainability-assessment-of-food-waste-management,https://web.archive.org/web/2026*/https://orbit.dtu.dk/en/publications/sustainability-assessment-of-food-waste-management,Sustainability Assessment of Food Waste Management
Thesis,sorensen-phd-2016,2016,orbit.dtu.dk,0,https://orbit.dtu.dk/en/publications/organic-food-conversion-in-danish-public-kitchens-the-effects-of-/,https://web.archive.org/web/2026*/https://orbit.dtu.dk/en/publications/organic-food-conversion-in-danish-public-kitchens-the-effects-of-/,Organic food conversion in Danish public kitchens
SourceDoc,src-156,2025,orbit.dtu.dk,0,https://orbit.dtu.dk/en/publications/system-dynamics-modeling-of-food-loss-and-waste-in-the-norwegian-/,https://web.archive.org/web/2026*/https://orbit.dtu.dk/en/publications/system-dynamics-modeling-of-food-loss-and-waste-in-the-norwegian-/,System dynamics modeling of food loss and waste in the Norwegian seafood sector: Toward a circular economy
Report,jackson-holm-2024-food-sustainability-dimensions,2024,pmc.ncbi.nlm.nih.gov,0,https://pmc.ncbi.nlm.nih.gov/articles/PMC10870971/,https://web.archive.org/web/2026*/https://pmc.ncbi.nlm.nih.gov/articles/PMC10870971/,Social and economic dimensions of food sustainability
Report,meltzer-2024-sustainable-diets-nordics,2024,pmc.ncbi.nlm.nih.gov,0,https://pmc.ncbi.nlm.nih.gov/articles/PMC11075468/,https://web.archive.org/web/2026*/https://pmc.ncbi.nlm.nih.gov/articles/PMC11075468/,Sustainable diets in the Nordics
Report,pubmed-szulecka-2024,2024,pmc.ncbi.nlm.nih.gov,0,https://pmc.ncbi.nlm.nih.gov/articles/PMC11557508/,https://web.archive.org/web/2026*/https://pmc.ncbi.nlm.nih.gov/articles/PMC11557508/,Food waste governance architectures in four European countries
Report,etmv-toimintakertomus-2024,2024,ruokavirasto.fi,0,https://www.ruokavirasto.fi/globalassets/etmv/etmv-toimintakertomus-2024.pdf,https://web.archive.org/web/2026*/https://www.ruokavirasto.fi/globalassets/etmv/etmv-toimintakertomus-2024.pdf,Elintarvikemarkkinavaltuutettu toimintakertomus 2024
Report,finland-food-market-ombudsman-2023,2023,ruokavirasto.fi,0,https://www.ruokavirasto.fi/globalassets/etmv/etmv-toimintakertomus-2023-liitteineen.pdf,https://web.archive.org/web/2026*/https://www.ruokavirasto.fi/globalassets/etmv/etmv-toimintakertomus-2023-liitteineen.pdf,Elintarvikemarkkinavaltuutetun toimintakertomus 2023
SourceDoc,src-143,2024,ruokavirasto.fi,0,https://www.ruokavirasto.fi/globalassets/etmv/,https://web.archive.org/web/2026*/https://www.ruokavirasto.fi/globalassets/etmv/,Elintarvikemarkkinavaltuutettu toimintakertomus 2024
Thesis,burgherr-2019,2019,skemman.is,0,https://skemman.is/handle/1946/32307,https://web.archive.org/web/2026*/https://skemman.is/handle/1946/32307,Food waste in Reykjavik — comparison 2015 vs 2018
Thesis,johannsson-2011,2011,skemman.is,0,https://skemman.is/bitstream/1946/7794/3/OrriJohannsson%20FoodSecurity%20Final.pdf,https://web.archive.org/web/2026*/https://skemman.is/bitstream/1946/7794/3/OrriJohannsson%20FoodSecurity%20Final.pdf,"Food Security in Iceland: Present Vulnerabilities, Possible Solutions"
Thesis,sigurdardottir-2017,2017,skemman.is,0,https://skemman.is/handle/1946/26754,https://web.archive.org/web/2026*/https://skemman.is/handle/1946/26754,Predicting Household Food Waste Reduction
Report,akademia-uib-kjopermakt,2024,uib.no,0,https://www.uib.no/en/persons/Tommy.Staahl.Gabrielsen,https://web.archive.org/web/2026*/https://www.uib.no/en/persons/Tommy.Staahl.Gabrielsen,UiB: Kjoepermakt i nordisk dagligvare
Thesis,naess-2024,2024,uib.no,0,https://www.uib.no/econ/38279/masteroppgaver,https://web.archive.org/web/2026*/https://www.uib.no/econ/38279/masteroppgaver,To-rolle-plattformer og egne merkevarer: en analyse av konkurranse- og velferdseffekter
SourceDoc,src-38,2025,uib.no,1,uib.no/econ,https://web.archive.org/web/2026*/uib.no/econ,Buyer power and exclusion in vertically related markets
Thesis,mirza-2016,2016,uu.diva-portal.org,0,https://uu.diva-portal.org/smash/get/diva2:938165/FULLTEXT01.pdf,https://web.archive.org/web/2026*/https://uu.diva-portal.org/smash/get/diva2:938165/FULLTEXT01.pdf,Circular economy in the food and retail industry: a case study of ICA
Thesis,ortiz-cuadra-2023,2023,uu.diva-portal.org,0,https://uu.diva-portal.org/smash/record.jsf?pid=diva2:1768164,https://web.archive.org/web/2026*/https://uu.diva-portal.org/smash/record.jsf?pid=diva2:1768164,Learning for Crisis: Improving food security in Uppsala County through participative localized food production
Thesis,zakeri-lei-2024,2024,uu.diva-portal.org,0,https://uu.diva-portal.org/smash/get/diva2:1872486/FULLTEXT01.pdf,https://web.archive.org/web/2026*/https://uu.diva-portal.org/smash/get/diva2:1872486/FULLTEXT01.pdf,"AI in the Swedish Food System: Exploring Adoption, Challenges, and Opportunities in Primary Production"
Report,dagligvarerapporten-2025,2025,virke.no,0,https://www.virke.no/analyse/statistikk-rapporter/dagligvarehandelen/,https://web.archive.org/web/2026*/https://www.virke.no/analyse/statistikk-rapporter/dagligvarehandelen/,Dagligvarerapporten 2025
Report,oversikt-bransje-statistikk-beredskap,2024,virke.no,0,https://www.virke.no/bransjeomrade/dagligvare/,https://web.archive.org/web/2026*/https://www.virke.no/bransjeomrade/dagligvare/,Bransjestatistikk og beredskapstall
SourceDoc,src-29,2025,virke.no,1,virke.no,https://web.archive.org/web/2026*/virke.no,Dagligvarerapporten 2025 (Basert på 2024-tall)
SourceDoc,src-84,2025,apps.fas.usda.gov,0,https://apps.fas.usda.gov/newgainapi/api/Report/DownloadReportByFileName?fileName=Retail+Foods+Annual_The+Hague_Denmark_DA2025-0002.pdf,https://web.archive.org/web/2026*/https://apps.fas.usda.gov/newgainapi/api/Report/DownloadReportByFileName?fileName=Retail+Foods+Annual_The+Hague_Denmark_DA2025-0002.pdf,USDA GAIN Retail Foods Annual: Denmark DA2025-0002
SourceDoc,src-85,2023,apps.fas.usda.gov,0,https://apps.fas.usda.gov/newgainapi/api/Report/DownloadReportByFileName?fileName=Iceland+Exporter+Guide_The+Hague_Iceland_IC2023-0001.pdf,https://web.archive.org/web/2026*/https://apps.fas.usda.gov/newgainapi/api/Report/DownloadReportByFileName?fileName=Iceland+Exporter+Guide_The+Hague_Iceland_IC2023-0001.pdf,USDA GAIN Iceland Exporter Guide
Report,arla-farmahead-check-2024,2024,arla.com,0,https://www.arla.com/sustainability/,https://web.archive.org/web/2026*/https://www.arla.com/sustainability/,Arla FarmAhead Check — Sustainability Incentive Model 2024
SourceDoc,src-152,2024,arla.com,0,https://www.arla.com/sustainability/,https://web.archive.org/web/2026*/https://www.arla.com/sustainability/,Arla FarmAhead Check sustainability data 2024
Thesis,gangstoe-2019,2019,beccle.no,0,https://beccle.no/files/2020/01/Susanne_Helen_Gangst%C3%B8e_Masteroppgave.pdf,https://web.archive.org/web/2026*/https://beccle.no/files/2020/01/Susanne_Helen_Gangst%C3%B8e_Masteroppgave.pdf,Hemmelige kontrakter i dagligvaremarkedet
Thesis,skjervheim-flo-2016,2016,beccle.no,0,https://beccle.no/files/2016/09/Paraplykjedenes-overtakelse-av-distribusjonen-i-dagligvaremarkedet.pdf,https://web.archive.org/web/2026*/https://beccle.no/files/2016/09/Paraplykjedenes-overtakelse-av-distribusjonen-i-dagligvaremarkedet.pdf,Paraplykjedenes overtakelse av distribusjonen i dagligvaremarkedet
Thesis,halseth-phd-2024,2024,cresse.info,0,https://www.cresse.info/wp-content/uploads/2023/09/2023_ps13_pa2_Strom-Halseth.pdf,https://web.archive.org/web/2026*/https://www.cresse.info/wp-content/uploads/2023/09/2023_ps13_pa2_Strom-Halseth.pdf,Competition and Grocery Retail Formats: Empirical Evidence from a Horizontal Acquisition in Norway
SourceDoc,src-77,2023,cresse.info,0,https://www.cresse.info/wp-content/uploads/2023/09/2023_ps13_pa2_Strom-Halseth.pdf,https://web.archive.org/web/2026*/https://www.cresse.info/wp-content/uploads/2023/09/2023_ps13_pa2_Strom-Halseth.pdf,Lokal HHI i norsk dagligvare: median 1.0 paa postnummernivaet
Report,dlf-leverandor-2025,2025,dlf.no,0,https://www.dlf.no/dagligvaretilsynet-legges-ned-konkurransetilsynet-far-mer-ansvar/,https://web.archive.org/web/2026*/https://www.dlf.no/dagligvaretilsynet-legges-ned-konkurransetilsynet-far-mer-ansvar/,DLF leverandorposisjoner 2025
SourceDoc,src-48,2025,dlf.no,1,dlf.no,https://web.archive.org/web/2026*/dlf.no,Dagligvareleverandørenes Forening (DLF) — Bransjeanalyse 2025
Thesis,sandbraaten-2023,2023,duo.uio.no,0,https://www.duo.uio.no/handle/10852/103341,https://web.archive.org/web/2026*/https://www.duo.uio.no/handle/10852/103341,Hvordan kan Norge vri matkonsumet gronnere?
Thesis,tesdal-2013,2013,duo.uio.no,0,https://www.duo.uio.no/handle/10852/34009,https://web.archive.org/web/2026*/https://www.duo.uio.no/handle/10852/34009,Nokkelhull pa matvarer — private aktorers okonomiske interesser og konsekvensene for myndighetenes merkeordning
Report,eu-utp-report-2024,2024,eur-lex.europa.eu,0,https://eur-lex.europa.eu/legal-content/EN/TXT/?uri=CELEX%3A52024DC0176,https://web.archive.org/web/2026*/https://eur-lex.europa.eu/legal-content/EN/TXT/?uri=CELEX%3A52024DC0176,Implementing the prohibition of unfair trading practices to strengthen the position of farmers and operators in the agricultural and food supply chain — State of play (COM(2024) 176 final)
Report,eu-utp-staff-working-doc-2024,2024,eur-lex.europa.eu,0,https://eur-lex.europa.eu/legal-content/EN/TXT/?uri=CELEX%3A52024SC0106,https://web.archive.org/web/2026*/https://eur-lex.europa.eu/legal-content/EN/TXT/?uri=CELEX%3A52024SC0106,Unfair Trading Practices (UTP) — Overview tables on Member States' transposition choices and enforcement activities (SWD(2024) 106 final)
Report,fivh-etikk-2025,2025,framtiden.no,0,https://www.framtiden.no/tema/mat,https://web.archive.org/web/2026*/https://www.framtiden.no/tema/mat,FIVH — Etikk og Baerekraft 2025
SourceDoc,src-35,2025,framtiden.no,1,framtiden.no,https://web.archive.org/web/2026*/framtiden.no,Bærekraftsstatus i dagligvarekjeden og effekten av Matsvinnloven
Report,beredskap-finsk-modell-hvk,2024,huoltovarmuuskeskus.fi,0,https://www.huoltovarmuuskeskus.fi/en/security-of-supply,https://web.archive.org/web/2026*/https://www.huoltovarmuuskeskus.fi/en/security-of-supply,Finsk matberedskap — HVK-modellen
SourceDoc,src-174,2024,huoltovarmuuskeskus.fi,0,https://www.huoltovarmuuskeskus.fi/en/a/national-emergency-supply-agency-launches-new-food-and-water-2030-programme,https://web.archive.org/web/2026*/https://www.huoltovarmuuskeskus.fi/en/a/national-emergency-supply-agency-launches-new-food-and-water-2030-programme,Food and Water 2030 Programme
Report,kkv-fi-4a-dominans,2014,kkv.fi,0,https://www.kkv.fi/en/current/press-releases/competition-act-provision-on-grocery-trade-became-effective-on-1st-of-january/,https://web.archive.org/web/2026*/https://www.kkv.fi/en/current/press-releases/competition-act-provision-on-grocery-trade-became-effective-on-1st-of-january/,KKV — Konkurranseloven § 4a (Dominans)
SourceDoc,src-24,2014,kkv.fi,0,https://www.kkv.fi/en/,https://web.archive.org/web/2026*/https://www.kkv.fi/en/,Kilpailulaki (Competition Act) Section 4a
Thesis,bojo-2023,2023,kth.diva-portal.org,0,https://kth.diva-portal.org/smash/get/diva2:1802630/FULLTEXT01.pdf,https://web.archive.org/web/2026*/https://kth.diva-portal.org/smash/get/diva2:1802630/FULLTEXT01.pdf,Circular food systems: a content and discourse analysis
Thesis,kayhan-ronnback-2019,2019,kth.diva-portal.org,0,https://kth.diva-portal.org/smash/record.jsf?pid=diva2:1372533,https://web.archive.org/web/2026*/https://kth.diva-portal.org/smash/record.jsf?pid=diva2:1372533,Dynamics in the Swedish Grocery Retail Industry
Thesis,makela-2023,2023,lutpub.lut.fi,0,https://lutpub.lut.fi/handle/10024/165638,https://web.archive.org/web/2026*/https://lutpub.lut.fi/handle/10024/165638,Managing waste in food supply chains with supply chain collaboration and integration
Thesis,mattila-2024,2024,lutpub.lut.fi,0,https://lutpub.lut.fi/handle/10024/170079,https://web.archive.org/web/2026*/https://lutpub.lut.fi/handle/10024/170079,Impacts of data-driven demand forecasting in reducing food waste and CO2 emissions in campus restaurants
Report,menon-emv-innovasjon,2022,menon.no,0,https://www.menon.no/wp-content/uploads/2022-68-EMV-og-innovasjon-i-dagligvare.pdf,https://web.archive.org/web/2026*/https://www.menon.no/wp-content/uploads/2022-68-EMV-og-innovasjon-i-dagligvare.pdf,Menon — EMV og Innovasjon
SourceDoc,src-37,2024,menon.no,1,menon.no,https://web.archive.org/web/2026*/menon.no,Egne merkevarer (EMV) og innovasjon
Report,motiva-food-procurement-2026,2026,motiva.fi,0,https://www.motiva.fi/en/databank/guide-for-the-responsible-procurement-of-food-recommendations-for-requirements-and-evaluation-criteria/,https://web.archive.org/web/2026*/https://www.motiva.fi/en/databank/guide-for-the-responsible-procurement-of-food-recommendations-for-requirements-and-evaluation-criteria/,"Guide for Responsible Procurement of Food (Motiva, januar 2026)"
SourceDoc,src-150,2026,motiva.fi,0,https://www.motiva.fi/,https://web.archive.org/web/2026*/https://www.motiva.fi/,Motiva - Guide for Responsible Procurement of Food (januar 2026)
SourceDoc,src-73,2023,nature.com,0,https://www.nature.com/articles/s43016-023-00734-9,https://web.archive.org/web/2026*/https://www.nature.com/articles/s43016-023-00734-9,Circularity in Europe strengthens the sustainability of global food systems
Report,van-zanten-circularity-2023,2023,nature.com,0,https://www.nature.com/articles/s43016-023-00734-9,https://web.archive.org/web/2026*/https://www.nature.com/articles/s43016-023-00734-9,Circularity in Europe strengthens the sustainability of the global food system
Report,beredskap-nibio-selvforsyning-2026,2026,nibio.no,0,https://www.nibio.no/tema/landbruksokonomi/selvforsyningsgrad-og-engrosforbruk,https://web.archive.org/web/2026*/https://www.nibio.no/tema/landbruksokonomi/selvforsyningsgrad-og-engrosforbruk,NIBIO: Norsk selvforsyningsgrad 2026
SourceDoc,src-31,2023,nibio.no,1,nibio.no,https://web.archive.org/web/2026*/nibio.no,Beregning av sjølvforsyningsgrad
Thesis,granlund-lindskog-2024,2024,ntnuopen.ntnu.no,0,https://ntnuopen.ntnu.no/ntnu-xmlui/handle/11250/3156088,https://web.archive.org/web/2026*/https://ntnuopen.ntnu.no/ntnu-xmlui/handle/11250/3156088,The Status of Operational Technology Cybersecurity within The Norwegian Food Supply Sector
Thesis,simonsen-2017,2017,ntnuopen.ntnu.no,0,https://ntnuopen.ntnu.no/ntnu-xmlui/handle/11250/2456020,https://web.archive.org/web/2026*/https://ntnuopen.ntnu.no/ntnu-xmlui/handle/11250/2456020,Digitaliseringen av norsk dagligvarehandel
SourceDoc,src-19,2022,openaccess.nhh.no,0,https://openaccess.nhh.no/,https://web.archive.org/web/2026*/https://openaccess.nhh.no/,Norway – the Black Sheep in the Scandinavian Grocery Industry
SourceDoc,src-22,2024,openaccess.nhh.no,0,https://openaccess.nhh.no/,https://web.archive.org/web/2026*/https://openaccess.nhh.no/,Restrictive covenants in the Norwegian grocery market
Report,oslo-economics-forsvar-2024,2024,osloeconomics.no,0,https://osloeconomics.no/wp-content/uploads/2024/06/Oslo-Economics-Konkurransen-i-dagligvaremarkedet-betydelig-bedre-enn-sitt-rykte.pdf,https://web.archive.org/web/2026*/https://osloeconomics.no/wp-content/uploads/2024/06/Oslo-Economics-Konkurransen-i-dagligvaremarkedet-betydelig-bedre-enn-sitt-rykte.pdf,Oslo Economics — Konkurransen bedre enn sitt rykte
SourceDoc,src-45,2024,osloeconomics.no,1,osloeconomics.no,https://web.archive.org/web/2026*/osloeconomics.no,Konkurransen i dagligvaremarkedet – betydelig bedre enn sitt rykte!
Report,plantefonden-projects-2023-2025,2025,plantefonden.dk,0,https://plantefonden.dk/,https://web.archive.org/web/2026*/https://plantefonden.dk/,Plantefonden — projekter og bevillinger 2023-2025
SourceDoc,src-151,2025,plantefonden.dk,0,https://plantefonden.dk/,https://web.archive.org/web/2026*/https://plantefonden.dk/,Plantefonden projects 2023-2025
Report,reitan-2024-25,2024,reitanretail.no,0,https://www.reitanretail.no/om-oss/rapporter,https://web.archive.org/web/2026*/https://www.reitanretail.no/om-oss/rapporter,Reitan Retail / REMA 1000 (2024/2025)
SourceDoc,src-54,2025,reitanretail.no,0,https://www.reitanretail.no/rapportering,https://web.archive.org/web/2026*/https://www.reitanretail.no/rapportering,Reitan Retail Års- og ansvarsrapport 2024 / Foreløpige tall 2025
Report,riksrevisjonen-matsikkerhet-2023,2023,riksrevisjonen.no,0,https://www.riksrevisjonen.no/rapporter-mappe/no-2023-2024/matsikkerhet-og-beredskap-pa-landbruksomradet/,https://web.archive.org/web/2026*/https://www.riksrevisjonen.no/rapporter-mappe/no-2023-2024/matsikkerhet-og-beredskap-pa-landbruksomradet/,Riksrevisjonen: Matsikkerhet og beredskap
SourceDoc,src-16,2023,riksrevisjonen.no,0,https://www.riksrevisjonen.no/rapporter-mappe/no-2023-2024/matsikkerhet-og-beredskap-pa-jordbruksomradet/,https://web.archive.org/web/2026*/https://www.riksrevisjonen.no/rapporter-mappe/no-2023-2024/matsikkerhet-og-beredskap-pa-jordbruksomradet/,Riksrevisjonens undersøkelse av matsikkerhet og beredskap på jordbruksområdet
Report,is-markedsstruktur-2024,2024,samkeppni.is,0,https://www.samkeppni.is/urlausnir/skyrslur/,https://web.archive.org/web/2026*/https://www.samkeppni.is/urlausnir/skyrslur/,Island — Markedskonsentrasjon og vertikal integrasjon
Report,is-samkeppni-annual-report-2024,2024,samkeppni.is,0,https://www.samkeppni.is/urlausnir/skyrslur/4-2025/,https://web.archive.org/web/2026*/https://www.samkeppni.is/urlausnir/skyrslur/4-2025/,Samkeppniseftirlitið Ársskýrsla 2024
Report,nbs-systemkritikk,2025,smabrukarlaget.no,0,https://www.smabrukarlaget.no/politikk/mat-og-produksjon/,https://web.archive.org/web/2026*/https://www.smabrukarlaget.no/politikk/mat-og-produksjon/,NBS — Systemkritikk
SourceDoc,src-40,2025,smabrukarlaget.no,1,smabrukarlaget.no,https://web.archive.org/web/2026*/smabrukarlaget.no,Plan for reell selvforsyning og jordbruksoppgjøret 2025
SourceDoc,src-81,2012,stat.fi,0,https://stat.fi/til/ktutk/2012/ktutk_2012_2014-05-26_tie_001_en.html,https://web.archive.org/web/2026*/https://stat.fi/til/ktutk/2012/ktutk_2012_2014-05-26_tie_001_en.html,Statistics Finland HBS 2012: Butikkavstand
Report,statistics-finland-biogas-2024,2025,stat.fi,0,https://stat.fi/en/publication/cm1kpvyg5cwuk07vwljv0s760,https://web.archive.org/web/2026*/https://stat.fi/en/publication/cm1kpvyg5cwuk07vwljv0s760,Two per cent more biogas was produced in 2024
SourceDoc,src-23,2019,stockholmresilience.org,0,https://www.stockholmresilience.org/,https://web.archive.org/web/2026*/https://www.stockholmresilience.org/,Nordic Food Systems for Improved Health and Sustainability
Report,stockholm-resilience-2019,2019,stockholmresilience.org,0,https://www.stockholmresilience.org/download/18.66e0efc517643c2b810381d/1618468740819/SRC_Report%20Nordic%20Food%20Systems_%20June%202019%20adapted.pdf,https://web.archive.org/web/2026*/https://www.stockholmresilience.org/download/18.66e0efc517643c2b810381d/1618468740819/SRC_Report%20Nordic%20Food%20Systems_%20June%202019%20adapted.pdf,Stockholm Resilience Centre — Nordic Food Systems
Thesis,rislakki-2024,2024,urn.fi,0,https://urn.fi/URN:NBN:fi:jyu-202404243036,https://web.archive.org/web/2026*/https://urn.fi/URN:NBN:fi:jyu-202404243036,Promoting the Planetary Health Diet in Grocery Retail: Comparison of Retail Chains in Finland
Thesis,segersven-2024,2024,urn.fi,0,https://urn.fi/URN:NBN:fi-fe2024043024001,https://web.archive.org/web/2026*/https://urn.fi/URN:NBN:fi-fe2024043024001,Development of risk management and resilience of supply chains in Finnish food industry companies post-COVID-19
SourceDoc,src-138,2024,2024.reitaneiendom.no,0,https://2024.reitaneiendom.no/,https://web.archive.org/web/2026*/https://2024.reitaneiendom.no/,Reitan Eiendom aarsrapport 2024
Thesis,nmbu-circular-vegetables-2022,2022,agris.fao.org,0,https://agris.fao.org/search/en/providers/122576/records/6474afcaf2e6fe92b3632ace,https://web.archive.org/web/2026*/https://agris.fao.org/search/en/providers/122576/records/6474afcaf2e6fe92b3632ace,Barriers and drivers to a circular economy for vegetables in the Norwegian food sector
Report,axfood-annual-report-2024,2024,axfood.com,0,https://www.axfood.com/investors/reports-and-presentations/annual-and-sustainability-report-2024/,https://web.archive.org/web/2026*/https://www.axfood.com/investors/reports-and-presentations/annual-and-sustainability-report-2024/,Axfood Annual and Sustainability Report 2024
SourceDoc,src-96,2024,bellona.no,0,https://bellona.no/project/ravareloftet,https://web.archive.org/web/2026*/https://bellona.no/project/ravareloftet,Raavareloeftet 2.0 (Bellona + Sjoemat Norge + forselskaper)
Report,biogas-danmark-outlook-2024,2024,biogas.dk,0,https://www.biogas.dk/wp-content/uploads/2024/05/Biogas-Outlook-2024-05-30-WEB-engelsk.pdf,https://web.archive.org/web/2026*/https://www.biogas.dk/wp-content/uploads/2024/05/Biogas-Outlook-2024-05-30-WEB-engelsk.pdf,Biogas Outlook 2024
Report,biokierto-biogas-finland-2030-2040-2024,2024,biokierto.fi,0,https://biokierto.fi/wp-content/uploads/2024/05/Biokaasun-tuotanto-ja-kaytto-Suomessa-2030-2035-ja-2040-artikkeli-10052024-1.pdf,https://web.archive.org/web/2026*/https://biokierto.fi/wp-content/uploads/2024/05/Biokaasun-tuotanto-ja-kaytto-Suomessa-2030-2035-ja-2040-artikkeli-10052024-1.pdf,"Biokaasun tuotanto ja kaytto Suomessa 2030, 2035 ja 2040"
Report,valio-sustainability-report-2024,2025,cdn-wp.valio.fi,0,https://cdn-wp.valio.fi/valio-wp-network/2025/04/Valio-Sustainability-Report-2024-light-version.pdf,https://web.archive.org/web/2026*/https://cdn-wp.valio.fi/valio-wp-network/2025/04/Valio-Sustainability-Report-2024-light-version.pdf,Valio Sustainability Report 2024
SourceDoc,src-148,2025,cheffelo.com,0,https://www.cheffelo.com/investors,https://web.archive.org/web/2026*/https://www.cheffelo.com/investors,Cheffelo Q4 2025 investor release
Report,civita-manifest-debatt,2023,civita.no,0,https://civita.no/okonomi/naeringspolitikk/svak-konkurranse-som-fortjent/,https://web.archive.org/web/2026*/https://civita.no/okonomi/naeringspolitikk/svak-konkurranse-som-fortjent/,Civita vs. Manifest — Matmaktdebatten
Report,coop-danmark-2024,2024,coop.dk,0,https://coop.dk/media/vvwp2bdy/coop-danmark-aarsrapport-2024.pdf,https://web.archive.org/web/2026*/https://coop.dk/media/vvwp2bdy/coop-danmark-aarsrapport-2024.pdf,Coop Danmark arsrapport 2024
Report,ifro-danish-soy-imports-2025,2025,curis.ku.dk,0,https://curis.ku.dk/ws/portalfiles/portal/471376644/IFRO_Documentation_2025_01.pdf,https://web.archive.org/web/2026*/https://curis.ku.dk/ws/portalfiles/portal/471376644/IFRO_Documentation_2025_01.pdf,Status of Danish imports of sustainable and deforestation- and conversion-free soy
SourceDoc,src-63,2026,data.brreg.no,0,https://data.brreg.no/enhetsregisteret/api,https://web.archive.org/web/2026*/https://data.brreg.no/enhetsregisteret/api,Norsk Bedriftsdata: Granulaer Kartlegging av 14 Nokkelaktorer
SourceDoc,src-80,2024,data.cdrc.ac.uk,0,https://data.cdrc.ac.uk/,https://web.archive.org/web/2026*/https://data.cdrc.ac.uk/,CDRC Priority Places for Food Index v2.1
SourceDoc,src-82,2025,dlf.se,0,https://dlf.se/download/1167-E8CD2BD7C83DEB69C493BFA61DBE64A0/dagligvarukartan2024-PPT.pdf,https://web.archive.org/web/2026*/https://dlf.se/download/1167-E8CD2BD7C83DEB69C493BFA61DBE64A0/dagligvarukartan2024-PPT.pdf,ECR Dagligvarukartan 2024/2025
SourceDoc,src-74,2025,eatforum.org,0,https://eatforum.org/eat-lancet-commission/,https://web.archive.org/web/2026*/https://eatforum.org/eat-lancet-commission/,EAT-Lancet Commission 2.0: Food in the Anthropocene
SourceDoc,src-33,2025,ec.europa.eu,1,ec.europa.eu/eurostat,https://web.archive.org/web/2026*/ec.europa.eu/eurostat,Purchasing Power Parities (PPP) survey results 2024
Report,sirkularitet-definisjoner-wur-emf,2023,ellenmacarthurfoundation.org,0,https://www.ellenmacarthurfoundation.org/topics/food/overview,https://web.archive.org/web/2026*/https://www.ellenmacarthurfoundation.org/topics/food/overview,Sirkulaer okonomi i matsystemer — definisjoner
SourceDoc,src-142,2024,en.kfst.dk,0,https://en.kfst.dk/media/51101,https://web.archive.org/web/2026*/https://en.kfst.dk/media/51101,KFST Evaluering af foedevarehandelsloven 2024
Report,evida-biogasstatus-danmark-2024,2025,evida.dk,0,https://evida.dk/nyheder/biogas-2024/,https://web.archive.org/web/2026*/https://evida.dk/nyheder/biogas-2024/,Biogasstatus for 2024
Report,danmark-groent-danmark-co2-avgift-2024,2024,fm.dk,0,https://fm.dk/nyheder/2024/juni/aftale-om-groent-danmark/,https://web.archive.org/web/2026*/https://fm.dk/nyheder/2024/juni/aftale-om-groent-danmark/,Aftale om Grønt Danmark
SourceDoc,src-95,2024,foodrise.org.uk,0,https://foodrise.org.uk/blue-empire-how-your-supermarket-salmon-is-impacting-communities-in-west-africa/,https://web.archive.org/web/2026*/https://foodrise.org.uk/blue-empire-how-your-supermarket-salmon-is-impacting-communities-in-west-africa/,Blue Empire: Matsikkerhetskonflikt norsk laksefor og Vest-Afrika
SourceDoc,src-157,2023,frontiersin.org,0,https://www.frontiersin.org/journals/sustainable-food-systems/articles/10.3389/fsufs.2023.1248984/full,https://web.archive.org/web/2026*/https://www.frontiersin.org/journals/sustainable-food-systems/articles/10.3389/fsufs.2023.1248984/full,Circular economy for aquatic food systems: insights from a multiscale phosphorus flow analysis in Norway
SourceDoc,src-94,2021,greenpeace.org,0,https://www.greenpeace.org/,https://web.archive.org/web/2026*/https://www.greenpeace.org/,Feeding a Monster: Vest-afrikansk fiskemel i norsk laksefor
Thesis,desilva-2023,2023,gupea.ub.gu.se,0,https://gupea.ub.gu.se/bitstreams/6e66da02-1db0-42e1-9271-dab77e2ec243/download,https://web.archive.org/web/2026*/https://gupea.ub.gu.se/bitstreams/6e66da02-1db0-42e1-9271-dab77e2ec243/download,Circular value creation in the Swedish seafood processing industry
Report,hagar-2024-25,2025,hagar.is,0,https://www.hagar.is/media/fgpfwir5/fr%C3%A9ttatilkynning-hagar-4f-2024-25-ensk.pdf,https://web.archive.org/web/2026*/https://www.hagar.is/media/fgpfwir5/fr%C3%A9ttatilkynning-hagar-4f-2024-25-ensk.pdf,Hagar plc — Management Report 2024/25 and Q4 Results
Thesis,brancoli-phd-2021,2021,hb.diva-portal.org,0,https://hb.diva-portal.org/smash/record.jsf?pid=diva2:1595067,https://web.archive.org/web/2026*/https://hb.diva-portal.org/smash/record.jsf?pid=diva2:1595067,Prevention and valorisation of surplus bread
Thesis,sundqvist-phd-2025,2025,helda.helsinki.fi,0,https://helda.helsinki.fi/items/2a30bdde-510d-4aa1-8641-f57183b51a6a,https://web.archive.org/web/2026*/https://helda.helsinki.fi/items/2a30bdde-510d-4aa1-8641-f57183b51a6a,Navigating a Transformative Governance Maze
Report,ica-gruppen-annual-report-2024,2024,icagruppen.se,0,https://www.icagruppen.se/globalassets/xx.-arsredovisning-2024/250221_icagruppen_annual_report_2024.pdf,https://web.archive.org/web/2026*/https://www.icagruppen.se/globalassets/xx.-arsredovisning-2024/250221_icagruppen_annual_report_2024.pdf,ICA Gruppen Annual Report 2024
Report,beredskap-island-melmolle-2025,2025,icelandreview.com,0,https://www.icelandreview.com/news/icelands-only-flour-mill-set-to-be-scrapped/,https://web.archive.org/web/2026*/https://www.icelandreview.com/news/icelands-only-flour-mill-set-to-be-scrapped/,Islands melmolle og matsuverenitet
Report,jordbruksverket-livsmedelskonsumtion-sverige-2024,2025,jordbruksverket.se,0,https://jordbruksverket.se/om-jordbruksverket/jordbruksverkets-officiella-statistik/jordbruksverkets-statistikrapporter/statistik/2025-12-11-livsmedelskonsumtion-och-naringsinnehall.--uppgifter-till-och-med-2024,https://web.archive.org/web/2026*/https://jordbruksverket.se/om-jordbruksverket/jordbruksverkets-officiella-statistik/jordbruksverkets-statistikrapporter/statistik/2025-12-11-livsmedelskonsumtion-och-naringsinnehall.--uppgifter-till-och-med-2024,Livsmedelskonsumtion och näringsinnehåll 2024
Report,finland-nutrition-recommendations-2024,2024,julkari.fi,0,https://www.julkari.fi/handle/10024/150005,https://web.archive.org/web/2026*/https://www.julkari.fi/handle/10024/150005,Kestavaa terveytta ruoasta
Report,kesko-annual-report-2024,2024,kesko.fi,0,https://www.kesko.fi/annual-reports,https://web.archive.org/web/2026*/https://www.kesko.fi/annual-reports,Kesko Annual Report 2024
SourceDoc,src-149,2019,kk.dk,0,https://www.kk.dk/,https://web.archive.org/web/2026*/https://www.kk.dk/,Koebenhavn Food Strategy 2019
Report,juridisk-eudr-norge-2025,2025,landbruksdirektoratet.no,0,https://www.landbruksdirektoratet.no/nb/skogbruk/eus-avskogingsforordning-eudr,https://web.archive.org/web/2026*/https://www.landbruksdirektoratet.no/nb/skogbruk/eus-avskogingsforordning-eudr,EUDR og norsk dagligvare
Thesis,rey-verge-2005,2005,learlab.com,0,https://www.learlab.com/conference2005/documents/rey_verge.pdf,https://web.archive.org/web/2026*/https://www.learlab.com/conference2005/documents/rey_verge.pdf,The Economics of Vertical Restraints
Report,luke-peat-soils-roadmap-finland-2024,2024,luke.fi,0,https://www.luke.fi/en/about-luke/responsibility/vastuullisuusraportti-2024/climatesmart-food-production-on-peat-soils,https://web.archive.org/web/2026*/https://www.luke.fi/en/about-luke/responsibility/vastuullisuusraportti-2024/climatesmart-food-production-on-peat-soils,Climate-smart food production on peat soils
Report,kbh-food-strategy-madhus,2025,maaltider.kk.dk,0,https://maaltider.kk.dk/for-koebenhavnere/mad-og-maaltidsstrategi,https://web.archive.org/web/2026*/https://maaltider.kk.dk/for-koebenhavnere/mad-og-maaltidsstrategi,Koebenhavns Madhus — maaltidstrategi og status
SourceDoc,src-32,2025,matvett.no,1,matvett.no,https://web.archive.org/web/2026*/matvett.no,Matsvinn i Norge 2024 — Status og utvikling
SourceDoc,src-154,2021,mdpi.com,0,https://www.mdpi.com/2071-1050/13/11/6231,https://web.archive.org/web/2026*/https://www.mdpi.com/2071-1050/13/11/6231,Managing a Circular Food System in Sustainable Urban Farming. Experimental Research at the Turku University Campus (Finland)
SourceDoc,src-49,2025,miljodirektoratet.no,1,miljodirektoratet.no,https://web.archive.org/web/2026*/miljodirektoratet.no,EUs forordning om avskogingsfrie produkter (EUDR)
Report,finland-food2030,2017,mmm.fi,0,https://mmm.fi/documents/1410837/1923148/lopullinen03032017ruoka2030_en.pdf/d7e44e69-7993-4d47-a5ba-58c393bbac28/lopullinen03032017ruoka2030_en.pdf,https://web.archive.org/web/2026*/https://mmm.fi/documents/1410837/1923148/lopullinen03032017ruoka2030_en.pdf/d7e44e69-7993-4d47-a5ba-58c393bbac28/lopullinen03032017ruoka2030_en.pdf,Food2030 — Government Report on Food Policy: Finland feeds us and the world
SourceDoc,src-158,2015,mst.dk,0,https://mst.dk/media/sexld3zc/potential-for-denmark-as-a-circular-economy-2015.pdf,https://web.archive.org/web/2026*/https://mst.dk/media/sexld3zc/potential-for-denmark-as-a-circular-economy-2015.pdf,Delivering the Circular Economy: A Toolkit for Policymakers — Denmark case study
Thesis,steien-2016,2016,munin.uit.no,0,https://munin.uit.no/handle/10037/10932,https://web.archive.org/web/2026*/https://munin.uit.no/handle/10037/10932,Matsikkerhet i Norge — er forsyningsberedskapen tilstrekkelig?
Report,naturvardsverket-livsmedelsavfall-sverige-2024,2025,naturvardsverket.se,0,https://www.naturvardsverket.se/data-och-statistik/avfall/avfall-mat/,https://web.archive.org/web/2026*/https://www.naturvardsverket.se/data-och-statistik/avfall/avfall-mat/,Livsmedelsavfall i Sverige 2024
SourceDoc,src-39,2024,nesafinland.fi,1,nesafinland.fi,https://web.archive.org/web/2026*/nesafinland.fi,National Emergency Supply Agency (NESA) / Huoltovarmuuskeskus (HVK)
Report,matsystemutvalget-2026,2026,nettsteder.regjeringen.no,0,https://nettsteder.regjeringen.no/matsystemutvalget/,https://web.archive.org/web/2026*/https://nettsteder.regjeringen.no/matsystemutvalget/,Matsystemutvalget — Status 2026
SourceDoc,src-98,2025,nmbu.no,0,https://www.nmbu.no/en/research/projects/nordicfeed,https://web.archive.org/web/2026*/https://www.nmbu.no/en/research/projects/nordicfeed,NordicFeed EUR 10M NordForsk-prosjekt: Gjaer/soppprotein
SourceDoc,src-161,2022,norden.diva-portal.org,0,https://norden.diva-portal.org/smash/get/diva2:1657847/FULLTEXT01,https://web.archive.org/web/2026*/https://norden.diva-portal.org/smash/get/diva2:1657847/FULLTEXT01,Low-carbon circular transition in the Nordics — predictive management and digital platforms
SourceDoc,src-76,2024,nordicagriresearch.org,0,https://nordicagriresearch.org/wp-content/uploads/2024/11/2-White-Paper-on-Nordic-Sustainable-Food-Systems.pdf,https://web.archive.org/web/2026*/https://nordicagriresearch.org/wp-content/uploads/2024/11/2-White-Paper-on-Nordic-Sustainable-Food-Systems.pdf,NKJ White Paper: Nordic Sustainable Food Systems — 12 intervensjonspunkter
SourceDoc,src-21,2026,oda.oslomet.no,0,https://oda.oslomet.no/,https://web.archive.org/web/2026*/https://oda.oslomet.no/,Kunnskapsgrunnlag om kundeprogrammene i dagligvaremarkedet
Report,akademia-sifo-retail-media-2025,2025,oslomet.no,0,https://www.oslomet.no/om/sifo/publikasjoner,https://web.archive.org/web/2026*/https://www.oslomet.no/om/sifo/publikasjoner,SIFO: Retail media og forbrukermakt
Report,oversikt-akademia-dyp-research,2025,press.nordicopenaccess.no,0,https://press.nordicopenaccess.no/index.php/noasp/catalog/book/93,https://web.archive.org/web/2026*/https://press.nordicopenaccess.no/index.php/noasp/catalog/book/93,Akademisk forskning paa nordisk dagligvare — oversikt
Report,pty-finnish-grocery-trade-2024,2024,pty.fi,0,https://www.pty.fi/wp-content/uploads/2024/06/Paivittaistavarakauppa-ry-2024-EN.pdf,https://web.archive.org/web/2026*/https://www.pty.fi/wp-content/uploads/2024/06/Paivittaistavarakauppa-ry-2024-EN.pdf,Finnish Grocery Trade Statistics 2024
SourceDoc,src-75,2025,publications.jrc.ec.europa.eu,0,https://publications.jrc.ec.europa.eu/repository/handle/JRC144579,https://web.archive.org/web/2026*/https://publications.jrc.ec.europa.eu/repository/handle/JRC144579,JRC SPP 2025: Green Public Procurement Criteria for Food and Catering
Report,harwatt-2024-environmental-sustainability-nordic-baltic,2024,pubmed.ncbi.nlm.nih.gov,0,https://pubmed.ncbi.nlm.nih.gov/39525325/,https://web.archive.org/web/2026*/https://pubmed.ncbi.nlm.nih.gov/39525325/,Environmental sustainability of Nordic-Baltic food production and consumption
Report,sou-2024-8-svensk-beredskap,2024,regeringen.se,0,https://www.regeringen.se/rattsliga-dokument/statens-offentliga-utredningar/2024/02/sou-20248/,https://web.archive.org/web/2026*/https://www.regeringen.se/rattsliga-dokument/statens-offentliga-utredningar/2024/02/sou-20248/,Livsmedelsberedskap for en ny tid
Report,riksrevisionen-2025-jordbrukets-klimatomstallning,2025,riksrevisionen.se,0,https://www.riksrevisionen.se/granskningar/granskningsrapporter/2025/statens-insatser-for-jordbrukets-klimatomstallning.html,https://web.archive.org/web/2026*/https://www.riksrevisionen.se/granskningar/granskningsrapporter/2025/statens-insatser-for-jordbrukets-klimatomstallning.html,Statens insatser for jordbrukets klimatomstallning
SourceDoc,src-99,2025,sa.uit.no,0,https://sa.uit.no/nyheter/artikkel?p_document_id=745023,https://web.archive.org/web/2026*/https://sa.uit.no/nyheter/artikkel?p_document_id=745023,Green Platform NOK 93.3M: Mikroalger CO2-basert
Thesis,stein-2022,2022,salford-repository.worktribe.com,0,https://salford-repository.worktribe.com/output/1322952/sustainable-food-procurement-in-public-catering-comparison-of-the-uk-with-denmark-sweden,https://web.archive.org/web/2026*/https://salford-repository.worktribe.com/output/1322952/sustainable-food-procurement-in-public-catering-comparison-of-the-uk-with-denmark-sweden,Sustainable food procurement in public catering: UK vs DK/SE
Report,salling-group-2024,2024,sallinggroup.com,0,https://sallinggroup.com/en/publications,https://web.archive.org/web/2026*/https://sallinggroup.com/en/publications,Salling Group Annual Report 2024 — Every Day Better
SourceDoc,src-163,2022,sjavarklasinn.is,0,https://sjavarklasinn.is/wp-content/uploads/2022/03/Analysis-mar22-2.pdf,https://web.archive.org/web/2026*/https://sjavarklasinn.is/wp-content/uploads/2022/03/Analysis-mar22-2.pdf,Seafood in the Circular Economy — Analysis March 2022
SourceDoc,src-97,2024,skretting.com,0,https://www.skretting.com/en-es/sustainability/sustainability-reporting/,https://web.archive.org/web/2026*/https://www.skretting.com/en-es/sustainability/sustainability-reporting/,Skretting Sustainability Report 2024: MicroBalance FLX
SourceDoc,src-43,2025,ssb.no,1,ssb.no/grensehandel,https://web.archive.org/web/2026*/ssb.no/grensehandel,Grensehandel — Statistikk over dagsturer til utlandet
SourceDoc,src-173,2025,statdb.luke.fi,0,https://statdb.luke.fi/PxWeb/pxweb/en/LUKE/LUKE__maa__02%20Ravintotase,https://web.archive.org/web/2026*/https://statdb.luke.fi/PxWeb/pxweb/en/LUKE/LUKE__maa__02%20Ravintotase,Balance Sheet for Food Commodities 2024 (preliminary) and 2023 (final)
SourceDoc,src-147,2025,stiftelsennorskmat.no,0,https://stiftelsennorskmat.no/,https://web.archive.org/web/2026*/https://stiftelsennorskmat.no/,Stiftelsen Norsk Mat - Lokalmatrapport 2025
Thesis,deljanin-2015,2015,studenttheses.cbs.dk,0,http://studenttheses.cbs.dk/bitstream/handle/10417/5762/sarah_roxenne_deljanin.pdf?sequence=1,https://web.archive.org/web/2026*/http://studenttheses.cbs.dk/bitstream/handle/10417/5762/sarah_roxenne_deljanin.pdf?sequence=1,Market's imperfections — Building a concerned market for food waste
Thesis,hagan-2025,2025,trace.tennessee.edu,0,https://trace.tennessee.edu/utk_gradthes/13882,https://web.archive.org/web/2026*/https://trace.tennessee.edu/utk_gradthes/13882,The Impact of Food Loss and Waste Reduction Practices on Consumer Grocery Store Choice
Thesis,lehtokunnas-phd-2023,2023,trepo.tuni.fi,0,https://trepo.tuni.fi/handle/10024/148898,https://web.archive.org/web/2026*/https://trepo.tuni.fi/handle/10024/148898,Enacting a Circular Economy
SourceDoc,src-155,2023,ui.adsabs.harvard.edu,0,https://ui.adsabs.harvard.edu/abs/2021RCR...16405218K/abstract,https://web.archive.org/web/2026*/https://ui.adsabs.harvard.edu/abs/2021RCR...16405218K/abstract,"Nested circularity in food systems: A Nordic case study on connecting biomass, nutrient and energy flows from field scale to continent"
Thesis,lindstrom-phd-2021,2021,umu.diva-portal.org,0,https://umu.diva-portal.org/smash/record.jsf?pid=diva2:1600403,https://web.archive.org/web/2026*/https://umu.diva-portal.org/smash/record.jsf?pid=diva2:1600403,Food for Thought: Essays on Green Public Procurement and the Market for Organic Food
Thesis,bueso-bordils-2021,2021,vbn.aau.dk,0,https://vbn.aau.dk/ws/files/423552694/Master_Thesis_Vicente_Bueso_Bordils.pdf,https://web.archive.org/web/2026*/https://vbn.aau.dk/ws/files/423552694/Master_Thesis_Vicente_Bueso_Bordils.pdf,Circular economy mapping on Bornholm island
SourceDoc,src-176,2024,www2.jordbruksverket.se,0,https://www2.jordbruksverket.se/download/18.41aa6e2218e54b01de91a5f9/1711375515932/ra24_3.pdf,https://web.archive.org/web/2026*/https://www2.jordbruksverket.se/download/18.41aa6e2218e54b01de91a5f9/1711375515932/ra24_3.pdf,Uppfoeljning och utvaerdering av livsmedelsstrategin - Rapport 2024:3
SourceDoc,src-159,2017,www2.mst.dk,0,https://www2.mst.dk/Udgiv/publications/2017/04/978-87-93529-80-9.pdf,https://web.archive.org/web/2026*/https://www2.mst.dk/Udgiv/publications/2017/04/978-87-93529-80-9.pdf,Food waste prevention in Denmark — LCA-based scenario analysis
