FREQ;Frekvens;BASE_CUR;Basisvaluta;QUOTE_CUR;Kvoteringsvaluta;TENOR;Løpetid;DECIMALS;CALCULATED;UNIT_MULT;Multiplikator;COLLECTION;Innsamlingstidspunkt;TIME_PERIOD;OBS_VALUE
B;Virkedag;ISK;Islandske kroner;NOK;Norske kroner;SP;Spot;2;false;2;Hundre;C;ECB concertation tidspunkt 14:15 CET;2023-03-01;7,28
B;Virkedag;ISK;Islandske kroner;NOK;Norske kroner;SP;Spot;2;false;2;Hundre;C;ECB concertation tidspunkt 14:15 CET;2023-03-02;7,34
B;Virkedag;ISK;Islandske kroner;NOK;Norske kroner;SP;Spot;2;false;2;Hundre;C;ECB concertation tidspunkt 14:15 CET;2023-03-03;7,36
B;Virkedag;ISK;Islandske kroner;NOK;Norske kroner;SP;Spot;2;false;2;Hundre;C;ECB concertation tidspunkt 14:15 CET;2023-03-06;7,42
B;Virkedag;ISK;Islandske kroner;NOK;Norske kroner;SP;Spot;2;false;2;Hundre;C;ECB concertation tidspunkt 14:15 CET;2023-03-07;7,47
B;Virkedag;ISK;Islandske kroner;NOK;Norske kroner;SP;Spot;2;false;2;Hundre;C;ECB concertation tidspunkt 14:15 CET;2023-03-08;7,49
B;Virkedag;ISK;Islandske kroner;NOK;Norske kroner;SP;Spot;2;false;2;Hundre;C;ECB concertation tidspunkt 14:15 CET;2023-03-09;7,52
B;Virkedag;ISK;Islandske kroner;NOK;Norske kroner;SP;Spot;2;false;2;Hundre;C;ECB concertation tidspunkt 14:15 CET;2023-03-10;7,52
B;Virkedag;ISK;Islandske kroner;NOK;Norske kroner;SP;Spot;2;false;2;Hundre;C;ECB concertation tidspunkt 14:15 CET;2023-03-13;7,55
B;Virkedag;ISK;Islandske kroner;NOK;Norske kroner;SP;Spot;2;false;2;Hundre;C;ECB concertation tidspunkt 14:15 CET;2023-03-14;7,5
B;Virkedag;ISK;Islandske kroner;NOK;Norske kroner;SP;Spot;2;false;2;Hundre;C;ECB concertation tidspunkt 14:15 CET;2023-03-15;7,54
B;Virkedag;ISK;Islandske kroner;NOK;Norske kroner;SP;Spot;2;false;2;Hundre;C;ECB concertation tidspunkt 14:15 CET;2023-03-16;7,63
B;Virkedag;ISK;Islandske kroner;NOK;Norske kroner;SP;Spot;2;false;2;Hundre;C;ECB concertation tidspunkt 14:15 CET;2023-03-17;7,65
B;Virkedag;ISK;Islandske kroner;NOK;Norske kroner;SP;Spot;2;false;2;Hundre;C;ECB concertation tidspunkt 14:15 CET;2023-03-20;7,61
B;Virkedag;ISK;Islandske kroner;NOK;Norske kroner;SP;Spot;2;false;2;Hundre;C;ECB concertation tidspunkt 14:15 CET;2023-03-21;7,54
B;Virkedag;ISK;Islandske kroner;NOK;Norske kroner;SP;Spot;2;false;2;Hundre;C;ECB concertation tidspunkt 14:15 CET;2023-03-22;7,56
B;Virkedag;ISK;Islandske kroner;NOK;Norske kroner;SP;Spot;2;false;2;Hundre;C;ECB concertation tidspunkt 14:15 CET;2023-03-23;7,53
B;Virkedag;ISK;Islandske kroner;NOK;Norske kroner;SP;Spot;2;false;2;Hundre;C;ECB concertation tidspunkt 14:15 CET;2023-03-24;7,53
B;Virkedag;ISK;Islandske kroner;NOK;Norske kroner;SP;Spot;2;false;2;Hundre;C;ECB concertation tidspunkt 14:15 CET;2023-03-27;7,56
B;Virkedag;ISK;Islandske kroner;NOK;Norske kroner;SP;Spot;2;false;2;Hundre;C;ECB concertation tidspunkt 14:15 CET;2023-03-28;7,65
B;Virkedag;ISK;Islandske kroner;NOK;Norske kroner;SP;Spot;2;false;2;Hundre;C;ECB concertation tidspunkt 14:15 CET;2023-03-29;7,6
B;Virkedag;ISK;Islandske kroner;NOK;Norske kroner;SP;Spot;2;false;2;Hundre;C;ECB concertation tidspunkt 14:15 CET;2023-03-30;7,67
B;Virkedag;ISK;Islandske kroner;NOK;Norske kroner;SP;Spot;2;false;2;Hundre;C;ECB concertation tidspunkt 14:15 CET;2023-03-31;7,68
B;Virkedag;ISK;Islandske kroner;NOK;Norske kroner;SP;Spot;2;false;2;Hundre;C;ECB concertation tidspunkt 14:15 CET;2023-04-03;7,52
B;Virkedag;ISK;Islandske kroner;NOK;Norske kroner;SP;Spot;2;false;2;Hundre;C;ECB concertation tidspunkt 14:15 CET;2023-04-04;7,52
B;Virkedag;ISK;Islandske kroner;NOK;Norske kroner;SP;Spot;2;false;2;Hundre;C;ECB concertation tidspunkt 14:15 CET;2023-04-05;7,61
B;Virkedag;ISK;Islandske kroner;NOK;Norske kroner;SP;Spot;2;false;2;Hundre;C;ECB concertation tidspunkt 14:15 CET;2023-04-11;7,72
B;Virkedag;ISK;Islandske kroner;NOK;Norske kroner;SP;Spot;2;false;2;Hundre;C;ECB concertation tidspunkt 14:15 CET;2023-04-12;7,7
B;Virkedag;ISK;Islandske kroner;NOK;Norske kroner;SP;Spot;2;false;2;Hundre;C;ECB concertation tidspunkt 14:15 CET;2023-04-13;7,68
B;Virkedag;ISK;Islandske kroner;NOK;Norske kroner;SP;Spot;2;false;2;Hundre;C;ECB concertation tidspunkt 14:15 CET;2023-04-14;7,62
B;Virkedag;ISK;Islandske kroner;NOK;Norske kroner;SP;Spot;2;false;2;Hundre;C;ECB concertation tidspunkt 14:15 CET;2023-04-17;7,59
B;Virkedag;ISK;Islandske kroner;NOK;Norske kroner;SP;Spot;2;false;2;Hundre;C;ECB concertation tidspunkt 14:15 CET;2023-04-18;7,66
B;Virkedag;ISK;Islandske kroner;NOK;Norske kroner;SP;Spot;2;false;2;Hundre;C;ECB concertation tidspunkt 14:15 CET;2023-04-19;7,71
B;Virkedag;ISK;Islandske kroner;NOK;Norske kroner;SP;Spot;2;false;2;Hundre;C;ECB concertation tidspunkt 14:15 CET;2023-04-20;7,76
B;Virkedag;ISK;Islandske kroner;NOK;Norske kroner;SP;Spot;2;false;2;Hundre;C;ECB concertation tidspunkt 14:15 CET;2023-04-21;7,76
B;Virkedag;ISK;Islandske kroner;NOK;Norske kroner;SP;Spot;2;false;2;Hundre;C;ECB concertation tidspunkt 14:15 CET;2023-04-24;7,76
B;Virkedag;ISK;Islandske kroner;NOK;Norske kroner;SP;Spot;2;false;2;Hundre;C;ECB concertation tidspunkt 14:15 CET;2023-04-25;7,78
B;Virkedag;ISK;Islandske kroner;NOK;Norske kroner;SP;Spot;2;false;2;Hundre;C;ECB concertation tidspunkt 14:15 CET;2023-04-26;7,83
B;Virkedag;ISK;Islandske kroner;NOK;Norske kroner;SP;Spot;2;false;2;Hundre;C;ECB concertation tidspunkt 14:15 CET;2023-04-27;7,82
B;Virkedag;ISK;Islandske kroner;NOK;Norske kroner;SP;Spot;2;false;2;Hundre;C;ECB concertation tidspunkt 14:15 CET;2023-04-28;7,91
B;Virkedag;ISK;Islandske kroner;NOK;Norske kroner;SP;Spot;2;false;2;Hundre;C;ECB concertation tidspunkt 14:15 CET;2023-05-02;7,86
B;Virkedag;ISK;Islandske kroner;NOK;Norske kroner;SP;Spot;2;false;2;Hundre;C;ECB concertation tidspunkt 14:15 CET;2023-05-03;7,92
B;Virkedag;ISK;Islandske kroner;NOK;Norske kroner;SP;Spot;2;false;2;Hundre;C;ECB concertation tidspunkt 14:15 CET;2023-05-04;7,88
B;Virkedag;ISK;Islandske kroner;NOK;Norske kroner;SP;Spot;2;false;2;Hundre;C;ECB concertation tidspunkt 14:15 CET;2023-05-05;7,79
B;Virkedag;ISK;Islandske kroner;NOK;Norske kroner;SP;Spot;2;false;2;Hundre;C;ECB concertation tidspunkt 14:15 CET;2023-05-08;7,67
B;Virkedag;ISK;Islandske kroner;NOK;Norske kroner;SP;Spot;2;false;2;Hundre;C;ECB concertation tidspunkt 14:15 CET;2023-05-09;7,68
B;Virkedag;ISK;Islandske kroner;NOK;Norske kroner;SP;Spot;2;false;2;Hundre;C;ECB concertation tidspunkt 14:15 CET;2023-05-10;7,7
B;Virkedag;ISK;Islandske kroner;NOK;Norske kroner;SP;Spot;2;false;2;Hundre;C;ECB concertation tidspunkt 14:15 CET;2023-05-11;7,68
B;Virkedag;ISK;Islandske kroner;NOK;Norske kroner;SP;Spot;2;false;2;Hundre;C;ECB concertation tidspunkt 14:15 CET;2023-05-12;7,74
B;Virkedag;ISK;Islandske kroner;NOK;Norske kroner;SP;Spot;2;false;2;Hundre;C;ECB concertation tidspunkt 14:15 CET;2023-05-15;7,68
B;Virkedag;ISK;Islandske kroner;NOK;Norske kroner;SP;Spot;2;false;2;Hundre;C;ECB concertation tidspunkt 14:15 CET;2023-05-16;7,7
B;Virkedag;ISK;Islandske kroner;NOK;Norske kroner;SP;Spot;2;false;2;Hundre;C;ECB concertation tidspunkt 14:15 CET;2023-05-19;7,73
B;Virkedag;ISK;Islandske kroner;NOK;Norske kroner;SP;Spot;2;false;2;Hundre;C;ECB concertation tidspunkt 14:15 CET;2023-05-22;7,78
B;Virkedag;ISK;Islandske kroner;NOK;Norske kroner;SP;Spot;2;false;2;Hundre;C;ECB concertation tidspunkt 14:15 CET;2023-05-23;7,79
B;Virkedag;ISK;Islandske kroner;NOK;Norske kroner;SP;Spot;2;false;2;Hundre;C;ECB concertation tidspunkt 14:15 CET;2023-05-24;7,81
B;Virkedag;ISK;Islandske kroner;NOK;Norske kroner;SP;Spot;2;false;2;Hundre;C;ECB concertation tidspunkt 14:15 CET;2023-05-25;7,81
B;Virkedag;ISK;Islandske kroner;NOK;Norske kroner;SP;Spot;2;false;2;Hundre;C;ECB concertation tidspunkt 14:15 CET;2023-05-26;7,91
B;Virkedag;ISK;Islandske kroner;NOK;Norske kroner;SP;Spot;2;false;2;Hundre;C;ECB concertation tidspunkt 14:15 CET;2023-05-30;7,95
B;Virkedag;ISK;Islandske kroner;NOK;Norske kroner;SP;Spot;2;false;2;Hundre;C;ECB concertation tidspunkt 14:15 CET;2023-05-31;8,02
B;Virkedag;ISK;Islandske kroner;NOK;Norske kroner;SP;Spot;2;false;2;Hundre;C;ECB concertation tidspunkt 14:15 CET;2023-06-01;7,99
B;Virkedag;ISK;Islandske kroner;NOK;Norske kroner;SP;Spot;2;false;2;Hundre;C;ECB concertation tidspunkt 14:15 CET;2023-06-02;7,89
B;Virkedag;ISK;Islandske kroner;NOK;Norske kroner;SP;Spot;2;false;2;Hundre;C;ECB concertation tidspunkt 14:15 CET;2023-06-05;7,84
B;Virkedag;ISK;Islandske kroner;NOK;Norske kroner;SP;Spot;2;false;2;Hundre;C;ECB concertation tidspunkt 14:15 CET;2023-06-06;7,86
B;Virkedag;ISK;Islandske kroner;NOK;Norske kroner;SP;Spot;2;false;2;Hundre;C;ECB concertation tidspunkt 14:15 CET;2023-06-07;7,84
B;Virkedag;ISK;Islandske kroner;NOK;Norske kroner;SP;Spot;2;false;2;Hundre;C;ECB concertation tidspunkt 14:15 CET;2023-06-08;7,86
B;Virkedag;ISK;Islandske kroner;NOK;Norske kroner;SP;Spot;2;false;2;Hundre;C;ECB concertation tidspunkt 14:15 CET;2023-06-09;7,77
B;Virkedag;ISK;Islandske kroner;NOK;Norske kroner;SP;Spot;2;false;2;Hundre;C;ECB concertation tidspunkt 14:15 CET;2023-06-12;7,78
B;Virkedag;ISK;Islandske kroner;NOK;Norske kroner;SP;Spot;2;false;2;Hundre;C;ECB concertation tidspunkt 14:15 CET;2023-06-13;7,77
B;Virkedag;ISK;Islandske kroner;NOK;Norske kroner;SP;Spot;2;false;2;Hundre;C;ECB concertation tidspunkt 14:15 CET;2023-06-14;7,72
B;Virkedag;ISK;Islandske kroner;NOK;Norske kroner;SP;Spot;2;false;2;Hundre;C;ECB concertation tidspunkt 14:15 CET;2023-06-15;7,7
B;Virkedag;ISK;Islandske kroner;NOK;Norske kroner;SP;Spot;2;false;2;Hundre;C;ECB concertation tidspunkt 14:15 CET;2023-06-16;7,7
B;Virkedag;ISK;Islandske kroner;NOK;Norske kroner;SP;Spot;2;false;2;Hundre;C;ECB concertation tidspunkt 14:15 CET;2023-06-19;7,8
B;Virkedag;ISK;Islandske kroner;NOK;Norske kroner;SP;Spot;2;false;2;Hundre;C;ECB concertation tidspunkt 14:15 CET;2023-06-20;7,86
B;Virkedag;ISK;Islandske kroner;NOK;Norske kroner;SP;Spot;2;false;2;Hundre;C;ECB concertation tidspunkt 14:15 CET;2023-06-21;7,92
B;Virkedag;ISK;Islandske kroner;NOK;Norske kroner;SP;Spot;2;false;2;Hundre;C;ECB concertation tidspunkt 14:15 CET;2023-06-22;7,81
B;Virkedag;ISK;Islandske kroner;NOK;Norske kroner;SP;Spot;2;false;2;Hundre;C;ECB concertation tidspunkt 14:15 CET;2023-06-23;7,96
B;Virkedag;ISK;Islandske kroner;NOK;Norske kroner;SP;Spot;2;false;2;Hundre;C;ECB concertation tidspunkt 14:15 CET;2023-06-26;7,86
B;Virkedag;ISK;Islandske kroner;NOK;Norske kroner;SP;Spot;2;false;2;Hundre;C;ECB concertation tidspunkt 14:15 CET;2023-06-27;7,9
B;Virkedag;ISK;Islandske kroner;NOK;Norske kroner;SP;Spot;2;false;2;Hundre;C;ECB concertation tidspunkt 14:15 CET;2023-06-28;7,97
B;Virkedag;ISK;Islandske kroner;NOK;Norske kroner;SP;Spot;2;false;2;Hundre;C;ECB concertation tidspunkt 14:15 CET;2023-06-29;7,89
B;Virkedag;ISK;Islandske kroner;NOK;Norske kroner;SP;Spot;2;false;2;Hundre;C;ECB concertation tidspunkt 14:15 CET;2023-06-30;7,87
B;Virkedag;ISK;Islandske kroner;NOK;Norske kroner;SP;Spot;2;false;2;Hundre;C;ECB concertation tidspunkt 14:15 CET;2023-07-03;7,82
B;Virkedag;ISK;Islandske kroner;NOK;Norske kroner;SP;Spot;2;false;2;Hundre;C;ECB concertation tidspunkt 14:15 CET;2023-07-04;7,78
B;Virkedag;ISK;Islandske kroner;NOK;Norske kroner;SP;Spot;2;false;2;Hundre;C;ECB concertation tidspunkt 14:15 CET;2023-07-05;7,8
B;Virkedag;ISK;Islandske kroner;NOK;Norske kroner;SP;Spot;2;false;2;Hundre;C;ECB concertation tidspunkt 14:15 CET;2023-07-06;7,85
B;Virkedag;ISK;Islandske kroner;NOK;Norske kroner;SP;Spot;2;false;2;Hundre;C;ECB concertation tidspunkt 14:15 CET;2023-07-07;7,97
B;Virkedag;ISK;Islandske kroner;NOK;Norske kroner;SP;Spot;2;false;2;Hundre;C;ECB concertation tidspunkt 14:15 CET;2023-07-10;7,85
B;Virkedag;ISK;Islandske kroner;NOK;Norske kroner;SP;Spot;2;false;2;Hundre;C;ECB concertation tidspunkt 14:15 CET;2023-07-11;7,8
B;Virkedag;ISK;Islandske kroner;NOK;Norske kroner;SP;Spot;2;false;2;Hundre;C;ECB concertation tidspunkt 14:15 CET;2023-07-12;7,71
B;Virkedag;ISK;Islandske kroner;NOK;Norske kroner;SP;Spot;2;false;2;Hundre;C;ECB concertation tidspunkt 14:15 CET;2023-07-13;7,66
B;Virkedag;ISK;Islandske kroner;NOK;Norske kroner;SP;Spot;2;false;2;Hundre;C;ECB concertation tidspunkt 14:15 CET;2023-07-14;7,63
B;Virkedag;ISK;Islandske kroner;NOK;Norske kroner;SP;Spot;2;false;2;Hundre;C;ECB concertation tidspunkt 14:15 CET;2023-07-17;7,65
B;Virkedag;ISK;Islandske kroner;NOK;Norske kroner;SP;Spot;2;false;2;Hundre;C;ECB concertation tidspunkt 14:15 CET;2023-07-18;7,75
B;Virkedag;ISK;Islandske kroner;NOK;Norske kroner;SP;Spot;2;false;2;Hundre;C;ECB concertation tidspunkt 14:15 CET;2023-07-19;7,69
B;Virkedag;ISK;Islandske kroner;NOK;Norske kroner;SP;Spot;2;false;2;Hundre;C;ECB concertation tidspunkt 14:15 CET;2023-07-20;7,63
B;Virkedag;ISK;Islandske kroner;NOK;Norske kroner;SP;Spot;2;false;2;Hundre;C;ECB concertation tidspunkt 14:15 CET;2023-07-21;7,64
B;Virkedag;ISK;Islandske kroner;NOK;Norske kroner;SP;Spot;2;false;2;Hundre;C;ECB concertation tidspunkt 14:15 CET;2023-07-24;7,65
B;Virkedag;ISK;Islandske kroner;NOK;Norske kroner;SP;Spot;2;false;2;Hundre;C;ECB concertation tidspunkt 14:15 CET;2023-07-25;7,66
B;Virkedag;ISK;Islandske kroner;NOK;Norske kroner;SP;Spot;2;false;2;Hundre;C;ECB concertation tidspunkt 14:15 CET;2023-07-26;7,7
B;Virkedag;ISK;Islandske kroner;NOK;Norske kroner;SP;Spot;2;false;2;Hundre;C;ECB concertation tidspunkt 14:15 CET;2023-07-27;7,65
B;Virkedag;ISK;Islandske kroner;NOK;Norske kroner;SP;Spot;2;false;2;Hundre;C;ECB concertation tidspunkt 14:15 CET;2023-07-28;7,71
B;Virkedag;ISK;Islandske kroner;NOK;Norske kroner;SP;Spot;2;false;2;Hundre;C;ECB concertation tidspunkt 14:15 CET;2023-07-31;7,75
B;Virkedag;ISK;Islandske kroner;NOK;Norske kroner;SP;Spot;2;false;2;Hundre;C;ECB concertation tidspunkt 14:15 CET;2023-08-01;7,77
B;Virkedag;ISK;Islandske kroner;NOK;Norske kroner;SP;Spot;2;false;2;Hundre;C;ECB concertation tidspunkt 14:15 CET;2023-08-02;7,71
B;Virkedag;ISK;Islandske kroner;NOK;Norske kroner;SP;Spot;2;false;2;Hundre;C;ECB concertation tidspunkt 14:15 CET;2023-08-03;7,79
B;Virkedag;ISK;Islandske kroner;NOK;Norske kroner;SP;Spot;2;false;2;Hundre;C;ECB concertation tidspunkt 14:15 CET;2023-08-04;7,72
B;Virkedag;ISK;Islandske kroner;NOK;Norske kroner;SP;Spot;2;false;2;Hundre;C;ECB concertation tidspunkt 14:15 CET;2023-08-07;7,68
B;Virkedag;ISK;Islandske kroner;NOK;Norske kroner;SP;Spot;2;false;2;Hundre;C;ECB concertation tidspunkt 14:15 CET;2023-08-08;7,8
B;Virkedag;ISK;Islandske kroner;NOK;Norske kroner;SP;Spot;2;false;2;Hundre;C;ECB concertation tidspunkt 14:15 CET;2023-08-09;7,76
B;Virkedag;ISK;Islandske kroner;NOK;Norske kroner;SP;Spot;2;false;2;Hundre;C;ECB concertation tidspunkt 14:15 CET;2023-08-10;7,74
B;Virkedag;ISK;Islandske kroner;NOK;Norske kroner;SP;Spot;2;false;2;Hundre;C;ECB concertation tidspunkt 14:15 CET;2023-08-11;7,89
B;Virkedag;ISK;Islandske kroner;NOK;Norske kroner;SP;Spot;2;false;2;Hundre;C;ECB concertation tidspunkt 14:15 CET;2023-08-14;7,9
B;Virkedag;ISK;Islandske kroner;NOK;Norske kroner;SP;Spot;2;false;2;Hundre;C;ECB concertation tidspunkt 14:15 CET;2023-08-15;7,95
B;Virkedag;ISK;Islandske kroner;NOK;Norske kroner;SP;Spot;2;false;2;Hundre;C;ECB concertation tidspunkt 14:15 CET;2023-08-16;7,95
B;Virkedag;ISK;Islandske kroner;NOK;Norske kroner;SP;Spot;2;false;2;Hundre;C;ECB concertation tidspunkt 14:15 CET;2023-08-17;7,98
B;Virkedag;ISK;Islandske kroner;NOK;Norske kroner;SP;Spot;2;false;2;Hundre;C;ECB concertation tidspunkt 14:15 CET;2023-08-18;8,06
B;Virkedag;ISK;Islandske kroner;NOK;Norske kroner;SP;Spot;2;false;2;Hundre;C;ECB concertation tidspunkt 14:15 CET;2023-08-21;8,02
B;Virkedag;ISK;Islandske kroner;NOK;Norske kroner;SP;Spot;2;false;2;Hundre;C;ECB concertation tidspunkt 14:15 CET;2023-08-22;8,02
B;Virkedag;ISK;Islandske kroner;NOK;Norske kroner;SP;Spot;2;false;2;Hundre;C;ECB concertation tidspunkt 14:15 CET;2023-08-23;8,09
B;Virkedag;ISK;Islandske kroner;NOK;Norske kroner;SP;Spot;2;false;2;Hundre;C;ECB concertation tidspunkt 14:15 CET;2023-08-24;8,09
B;Virkedag;ISK;Islandske kroner;NOK;Norske kroner;SP;Spot;2;false;2;Hundre;C;ECB concertation tidspunkt 14:15 CET;2023-08-25;8,05
B;Virkedag;ISK;Islandske kroner;NOK;Norske kroner;SP;Spot;2;false;2;Hundre;C;ECB concertation tidspunkt 14:15 CET;2023-08-28;8,13
B;Virkedag;ISK;Islandske kroner;NOK;Norske kroner;SP;Spot;2;false;2;Hundre;C;ECB concertation tidspunkt 14:15 CET;2023-08-29;8,15
B;Virkedag;ISK;Islandske kroner;NOK;Norske kroner;SP;Spot;2;false;2;Hundre;C;ECB concertation tidspunkt 14:15 CET;2023-08-30;8,09
B;Virkedag;ISK;Islandske kroner;NOK;Norske kroner;SP;Spot;2;false;2;Hundre;C;ECB concertation tidspunkt 14:15 CET;2023-08-31;8,14
B;Virkedag;ISK;Islandske kroner;NOK;Norske kroner;SP;Spot;2;false;2;Hundre;C;ECB concertation tidspunkt 14:15 CET;2023-09-01;8,06
B;Virkedag;ISK;Islandske kroner;NOK;Norske kroner;SP;Spot;2;false;2;Hundre;C;ECB concertation tidspunkt 14:15 CET;2023-09-04;8,04
B;Virkedag;ISK;Islandske kroner;NOK;Norske kroner;SP;Spot;2;false;2;Hundre;C;ECB concertation tidspunkt 14:15 CET;2023-09-05;8,02
B;Virkedag;ISK;Islandske kroner;NOK;Norske kroner;SP;Spot;2;false;2;Hundre;C;ECB concertation tidspunkt 14:15 CET;2023-09-06;7,99
B;Virkedag;ISK;Islandske kroner;NOK;Norske kroner;SP;Spot;2;false;2;Hundre;C;ECB concertation tidspunkt 14:15 CET;2023-09-07;7,98
B;Virkedag;ISK;Islandske kroner;NOK;Norske kroner;SP;Spot;2;false;2;Hundre;C;ECB concertation tidspunkt 14:15 CET;2023-09-08;7,97
B;Virkedag;ISK;Islandske kroner;NOK;Norske kroner;SP;Spot;2;false;2;Hundre;C;ECB concertation tidspunkt 14:15 CET;2023-09-11;7,95
B;Virkedag;ISK;Islandske kroner;NOK;Norske kroner;SP;Spot;2;false;2;Hundre;C;ECB concertation tidspunkt 14:15 CET;2023-09-12;7,97
B;Virkedag;ISK;Islandske kroner;NOK;Norske kroner;SP;Spot;2;false;2;Hundre;C;ECB concertation tidspunkt 14:15 CET;2023-09-13;7,99
B;Virkedag;ISK;Islandske kroner;NOK;Norske kroner;SP;Spot;2;false;2;Hundre;C;ECB concertation tidspunkt 14:15 CET;2023-09-14;7,92
B;Virkedag;ISK;Islandske kroner;NOK;Norske kroner;SP;Spot;2;false;2;Hundre;C;ECB concertation tidspunkt 14:15 CET;2023-09-15;7,86
B;Virkedag;ISK;Islandske kroner;NOK;Norske kroner;SP;Spot;2;false;2;Hundre;C;ECB concertation tidspunkt 14:15 CET;2023-09-18;7,97
B;Virkedag;ISK;Islandske kroner;NOK;Norske kroner;SP;Spot;2;false;2;Hundre;C;ECB concertation tidspunkt 14:15 CET;2023-09-19;7,93
B;Virkedag;ISK;Islandske kroner;NOK;Norske kroner;SP;Spot;2;false;2;Hundre;C;ECB concertation tidspunkt 14:15 CET;2023-09-20;7,9
B;Virkedag;ISK;Islandske kroner;NOK;Norske kroner;SP;Spot;2;false;2;Hundre;C;ECB concertation tidspunkt 14:15 CET;2023-09-21;7,92
B;Virkedag;ISK;Islandske kroner;NOK;Norske kroner;SP;Spot;2;false;2;Hundre;C;ECB concertation tidspunkt 14:15 CET;2023-09-22;7,86
B;Virkedag;ISK;Islandske kroner;NOK;Norske kroner;SP;Spot;2;false;2;Hundre;C;ECB concertation tidspunkt 14:15 CET;2023-09-25;7,86
B;Virkedag;ISK;Islandske kroner;NOK;Norske kroner;SP;Spot;2;false;2;Hundre;C;ECB concertation tidspunkt 14:15 CET;2023-09-26;7,88
B;Virkedag;ISK;Islandske kroner;NOK;Norske kroner;SP;Spot;2;false;2;Hundre;C;ECB concertation tidspunkt 14:15 CET;2023-09-27;7,84
B;Virkedag;ISK;Islandske kroner;NOK;Norske kroner;SP;Spot;2;false;2;Hundre;C;ECB concertation tidspunkt 14:15 CET;2023-09-28;7,81
B;Virkedag;ISK;Islandske kroner;NOK;Norske kroner;SP;Spot;2;false;2;Hundre;C;ECB concertation tidspunkt 14:15 CET;2023-09-29;7,77
B;Virkedag;ISK;Islandske kroner;NOK;Norske kroner;SP;Spot;2;false;2;Hundre;C;ECB concertation tidspunkt 14:15 CET;2023-10-02;7,73
B;Virkedag;ISK;Islandske kroner;NOK;Norske kroner;SP;Spot;2;false;2;Hundre;C;ECB concertation tidspunkt 14:15 CET;2023-10-03;7,83
B;Virkedag;ISK;Islandske kroner;NOK;Norske kroner;SP;Spot;2;false;2;Hundre;C;ECB concertation tidspunkt 14:15 CET;2023-10-04;7,9
B;Virkedag;ISK;Islandske kroner;NOK;Norske kroner;SP;Spot;2;false;2;Hundre;C;ECB concertation tidspunkt 14:15 CET;2023-10-05;7,96
B;Virkedag;ISK;Islandske kroner;NOK;Norske kroner;SP;Spot;2;false;2;Hundre;C;ECB concertation tidspunkt 14:15 CET;2023-10-06;8,01
B;Virkedag;ISK;Islandske kroner;NOK;Norske kroner;SP;Spot;2;false;2;Hundre;C;ECB concertation tidspunkt 14:15 CET;2023-10-09;7,91
B;Virkedag;ISK;Islandske kroner;NOK;Norske kroner;SP;Spot;2;false;2;Hundre;C;ECB concertation tidspunkt 14:15 CET;2023-10-10;7,86
B;Virkedag;ISK;Islandske kroner;NOK;Norske kroner;SP;Spot;2;false;2;Hundre;C;ECB concertation tidspunkt 14:15 CET;2023-10-11;7,83
B;Virkedag;ISK;Islandske kroner;NOK;Norske kroner;SP;Spot;2;false;2;Hundre;C;ECB concertation tidspunkt 14:15 CET;2023-10-12;7,86
B;Virkedag;ISK;Islandske kroner;NOK;Norske kroner;SP;Spot;2;false;2;Hundre;C;ECB concertation tidspunkt 14:15 CET;2023-10-13;7,86
B;Virkedag;ISK;Islandske kroner;NOK;Norske kroner;SP;Spot;2;false;2;Hundre;C;ECB concertation tidspunkt 14:15 CET;2023-10-16;7,87
B;Virkedag;ISK;Islandske kroner;NOK;Norske kroner;SP;Spot;2;false;2;Hundre;C;ECB concertation tidspunkt 14:15 CET;2023-10-17;7,9
B;Virkedag;ISK;Islandske kroner;NOK;Norske kroner;SP;Spot;2;false;2;Hundre;C;ECB concertation tidspunkt 14:15 CET;2023-10-18;7,93
B;Virkedag;ISK;Islandske kroner;NOK;Norske kroner;SP;Spot;2;false;2;Hundre;C;ECB concertation tidspunkt 14:15 CET;2023-10-19;8
B;Virkedag;ISK;Islandske kroner;NOK;Norske kroner;SP;Spot;2;false;2;Hundre;C;ECB concertation tidspunkt 14:15 CET;2023-10-20;7,95
B;Virkedag;ISK;Islandske kroner;NOK;Norske kroner;SP;Spot;2;false;2;Hundre;C;ECB concertation tidspunkt 14:15 CET;2023-10-23;8,03
B;Virkedag;ISK;Islandske kroner;NOK;Norske kroner;SP;Spot;2;false;2;Hundre;C;ECB concertation tidspunkt 14:15 CET;2023-10-24;8,03
B;Virkedag;ISK;Islandske kroner;NOK;Norske kroner;SP;Spot;2;false;2;Hundre;C;ECB concertation tidspunkt 14:15 CET;2023-10-25;8,04
B;Virkedag;ISK;Islandske kroner;NOK;Norske kroner;SP;Spot;2;false;2;Hundre;C;ECB concertation tidspunkt 14:15 CET;2023-10-26;8,04
B;Virkedag;ISK;Islandske kroner;NOK;Norske kroner;SP;Spot;2;false;2;Hundre;C;ECB concertation tidspunkt 14:15 CET;2023-10-27;8,02
B;Virkedag;ISK;Islandske kroner;NOK;Norske kroner;SP;Spot;2;false;2;Hundre;C;ECB concertation tidspunkt 14:15 CET;2023-10-30;8,02
B;Virkedag;ISK;Islandske kroner;NOK;Norske kroner;SP;Spot;2;false;2;Hundre;C;ECB concertation tidspunkt 14:15 CET;2023-10-31;8,05
B;Virkedag;ISK;Islandske kroner;NOK;Norske kroner;SP;Spot;2;false;2;Hundre;C;ECB concertation tidspunkt 14:15 CET;2023-11-01;7,96
B;Virkedag;ISK;Islandske kroner;NOK;Norske kroner;SP;Spot;2;false;2;Hundre;C;ECB concertation tidspunkt 14:15 CET;2023-11-02;8,03
B;Virkedag;ISK;Islandske kroner;NOK;Norske kroner;SP;Spot;2;false;2;Hundre;C;ECB concertation tidspunkt 14:15 CET;2023-11-03;7,95
B;Virkedag;ISK;Islandske kroner;NOK;Norske kroner;SP;Spot;2;false;2;Hundre;C;ECB concertation tidspunkt 14:15 CET;2023-11-06;7,86
B;Virkedag;ISK;Islandske kroner;NOK;Norske kroner;SP;Spot;2;false;2;Hundre;C;ECB concertation tidspunkt 14:15 CET;2023-11-07;7,92
B;Virkedag;ISK;Islandske kroner;NOK;Norske kroner;SP;Spot;2;false;2;Hundre;C;ECB concertation tidspunkt 14:15 CET;2023-11-08;7,93
B;Virkedag;ISK;Islandske kroner;NOK;Norske kroner;SP;Spot;2;false;2;Hundre;C;ECB concertation tidspunkt 14:15 CET;2023-11-09;7,91
B;Virkedag;ISK;Islandske kroner;NOK;Norske kroner;SP;Spot;2;false;2;Hundre;C;ECB concertation tidspunkt 14:15 CET;2023-11-10;7,82
B;Virkedag;ISK;Islandske kroner;NOK;Norske kroner;SP;Spot;2;false;2;Hundre;C;ECB concertation tidspunkt 14:15 CET;2023-11-13;7,75
B;Virkedag;ISK;Islandske kroner;NOK;Norske kroner;SP;Spot;2;false;2;Hundre;C;ECB concertation tidspunkt 14:15 CET;2023-11-14;7,77
B;Virkedag;ISK;Islandske kroner;NOK;Norske kroner;SP;Spot;2;false;2;Hundre;C;ECB concertation tidspunkt 14:15 CET;2023-11-15;7,63
B;Virkedag;ISK;Islandske kroner;NOK;Norske kroner;SP;Spot;2;false;2;Hundre;C;ECB concertation tidspunkt 14:15 CET;2023-11-16;7,68
B;Virkedag;ISK;Islandske kroner;NOK;Norske kroner;SP;Spot;2;false;2;Hundre;C;ECB concertation tidspunkt 14:15 CET;2023-11-17;7,7
B;Virkedag;ISK;Islandske kroner;NOK;Norske kroner;SP;Spot;2;false;2;Hundre;C;ECB concertation tidspunkt 14:15 CET;2023-11-20;7,69
B;Virkedag;ISK;Islandske kroner;NOK;Norske kroner;SP;Spot;2;false;2;Hundre;C;ECB concertation tidspunkt 14:15 CET;2023-11-21;7,65
B;Virkedag;ISK;Islandske kroner;NOK;Norske kroner;SP;Spot;2;false;2;Hundre;C;ECB concertation tidspunkt 14:15 CET;2023-11-22;7,6
B;Virkedag;ISK;Islandske kroner;NOK;Norske kroner;SP;Spot;2;false;2;Hundre;C;ECB concertation tidspunkt 14:15 CET;2023-11-23;7,66
B;Virkedag;ISK;Islandske kroner;NOK;Norske kroner;SP;Spot;2;false;2;Hundre;C;ECB concertation tidspunkt 14:15 CET;2023-11-24;7,81
B;Virkedag;ISK;Islandske kroner;NOK;Norske kroner;SP;Spot;2;false;2;Hundre;C;ECB concertation tidspunkt 14:15 CET;2023-11-27;7,76
B;Virkedag;ISK;Islandske kroner;NOK;Norske kroner;SP;Spot;2;false;2;Hundre;C;ECB concertation tidspunkt 14:15 CET;2023-11-28;7,76
B;Virkedag;ISK;Islandske kroner;NOK;Norske kroner;SP;Spot;2;false;2;Hundre;C;ECB concertation tidspunkt 14:15 CET;2023-11-29;7,77
B;Virkedag;ISK;Islandske kroner;NOK;Norske kroner;SP;Spot;2;false;2;Hundre;C;ECB concertation tidspunkt 14:15 CET;2023-11-30;7,78
B;Virkedag;ISK;Islandske kroner;NOK;Norske kroner;SP;Spot;2;false;2;Hundre;C;ECB concertation tidspunkt 14:15 CET;2023-12-01;7,75
B;Virkedag;ISK;Islandske kroner;NOK;Norske kroner;SP;Spot;2;false;2;Hundre;C;ECB concertation tidspunkt 14:15 CET;2023-12-04;7,73
B;Virkedag;ISK;Islandske kroner;NOK;Norske kroner;SP;Spot;2;false;2;Hundre;C;ECB concertation tidspunkt 14:15 CET;2023-12-05;7,82
B;Virkedag;ISK;Islandske kroner;NOK;Norske kroner;SP;Spot;2;false;2;Hundre;C;ECB concertation tidspunkt 14:15 CET;2023-12-06;7,86
B;Virkedag;ISK;Islandske kroner;NOK;Norske kroner;SP;Spot;2;false;2;Hundre;C;ECB concertation tidspunkt 14:15 CET;2023-12-07;7,83
B;Virkedag;ISK;Islandske kroner;NOK;Norske kroner;SP;Spot;2;false;2;Hundre;C;ECB concertation tidspunkt 14:15 CET;2023-12-08;7,81
B;Virkedag;ISK;Islandske kroner;NOK;Norske kroner;SP;Spot;2;false;2;Hundre;C;ECB concertation tidspunkt 14:15 CET;2023-12-11;7,83
B;Virkedag;ISK;Islandske kroner;NOK;Norske kroner;SP;Spot;2;false;2;Hundre;C;ECB concertation tidspunkt 14:15 CET;2023-12-12;7,79
B;Virkedag;ISK;Islandske kroner;NOK;Norske kroner;SP;Spot;2;false;2;Hundre;C;ECB concertation tidspunkt 14:15 CET;2023-12-13;7,85
B;Virkedag;ISK;Islandske kroner;NOK;Norske kroner;SP;Spot;2;false;2;Hundre;C;ECB concertation tidspunkt 14:15 CET;2023-12-14;7,66
B;Virkedag;ISK;Islandske kroner;NOK;Norske kroner;SP;Spot;2;false;2;Hundre;C;ECB concertation tidspunkt 14:15 CET;2023-12-15;7,61
B;Virkedag;ISK;Islandske kroner;NOK;Norske kroner;SP;Spot;2;false;2;Hundre;C;ECB concertation tidspunkt 14:15 CET;2023-12-18;7,53
B;Virkedag;ISK;Islandske kroner;NOK;Norske kroner;SP;Spot;2;false;2;Hundre;C;ECB concertation tidspunkt 14:15 CET;2023-12-19;7,53
B;Virkedag;ISK;Islandske kroner;NOK;Norske kroner;SP;Spot;2;false;2;Hundre;C;ECB concertation tidspunkt 14:15 CET;2023-12-20;7,51
B;Virkedag;ISK;Islandske kroner;NOK;Norske kroner;SP;Spot;2;false;2;Hundre;C;ECB concertation tidspunkt 14:15 CET;2023-12-21;7,53
B;Virkedag;ISK;Islandske kroner;NOK;Norske kroner;SP;Spot;2;false;2;Hundre;C;ECB concertation tidspunkt 14:15 CET;2023-12-22;7,49
B;Virkedag;ISK;Islandske kroner;NOK;Norske kroner;SP;Spot;2;false;2;Hundre;C;ECB concertation tidspunkt 14:15 CET;2023-12-27;7,46
B;Virkedag;ISK;Islandske kroner;NOK;Norske kroner;SP;Spot;2;false;2;Hundre;C;ECB concertation tidspunkt 14:15 CET;2023-12-28;7,49
B;Virkedag;ISK;Islandske kroner;NOK;Norske kroner;SP;Spot;2;false;2;Hundre;C;ECB concertation tidspunkt 14:15 CET;2023-12-29;7,47
B;Virkedag;ISK;Islandske kroner;NOK;Norske kroner;SP;Spot;2;false;2;Hundre;C;ECB concertation tidspunkt 14:15 CET;2024-01-02;7,49
B;Virkedag;ISK;Islandske kroner;NOK;Norske kroner;SP;Spot;2;false;2;Hundre;C;ECB concertation tidspunkt 14:15 CET;2024-01-03;7,51
B;Virkedag;ISK;Islandske kroner;NOK;Norske kroner;SP;Spot;2;false;2;Hundre;C;ECB concertation tidspunkt 14:15 CET;2024-01-04;7,5
B;Virkedag;ISK;Islandske kroner;NOK;Norske kroner;SP;Spot;2;false;2;Hundre;C;ECB concertation tidspunkt 14:15 CET;2024-01-05;7,51
B;Virkedag;ISK;Islandske kroner;NOK;Norske kroner;SP;Spot;2;false;2;Hundre;C;ECB concertation tidspunkt 14:15 CET;2024-01-08;7,54
B;Virkedag;ISK;Islandske kroner;NOK;Norske kroner;SP;Spot;2;false;2;Hundre;C;ECB concertation tidspunkt 14:15 CET;2024-01-09;7,51
B;Virkedag;ISK;Islandske kroner;NOK;Norske kroner;SP;Spot;2;false;2;Hundre;C;ECB concertation tidspunkt 14:15 CET;2024-01-10;7,52
B;Virkedag;ISK;Islandske kroner;NOK;Norske kroner;SP;Spot;2;false;2;Hundre;C;ECB concertation tidspunkt 14:15 CET;2024-01-11;7,55
B;Virkedag;ISK;Islandske kroner;NOK;Norske kroner;SP;Spot;2;false;2;Hundre;C;ECB concertation tidspunkt 14:15 CET;2024-01-12;7,51
B;Virkedag;ISK;Islandske kroner;NOK;Norske kroner;SP;Spot;2;false;2;Hundre;C;ECB concertation tidspunkt 14:15 CET;2024-01-15;7,56
B;Virkedag;ISK;Islandske kroner;NOK;Norske kroner;SP;Spot;2;false;2;Hundre;C;ECB concertation tidspunkt 14:15 CET;2024-01-16;7,59
B;Virkedag;ISK;Islandske kroner;NOK;Norske kroner;SP;Spot;2;false;2;Hundre;C;ECB concertation tidspunkt 14:15 CET;2024-01-17;7,65
B;Virkedag;ISK;Islandske kroner;NOK;Norske kroner;SP;Spot;2;false;2;Hundre;C;ECB concertation tidspunkt 14:15 CET;2024-01-18;7,66
B;Virkedag;ISK;Islandske kroner;NOK;Norske kroner;SP;Spot;2;false;2;Hundre;C;ECB concertation tidspunkt 14:15 CET;2024-01-19;7,66
B;Virkedag;ISK;Islandske kroner;NOK;Norske kroner;SP;Spot;2;false;2;Hundre;C;ECB concertation tidspunkt 14:15 CET;2024-01-22;7,7
B;Virkedag;ISK;Islandske kroner;NOK;Norske kroner;SP;Spot;2;false;2;Hundre;C;ECB concertation tidspunkt 14:15 CET;2024-01-23;7,69
B;Virkedag;ISK;Islandske kroner;NOK;Norske kroner;SP;Spot;2;false;2;Hundre;C;ECB concertation tidspunkt 14:15 CET;2024-01-24;7,72
B;Virkedag;ISK;Islandske kroner;NOK;Norske kroner;SP;Spot;2;false;2;Hundre;C;ECB concertation tidspunkt 14:15 CET;2024-01-25;7,69
B;Virkedag;ISK;Islandske kroner;NOK;Norske kroner;SP;Spot;2;false;2;Hundre;C;ECB concertation tidspunkt 14:15 CET;2024-01-26;7,64
B;Virkedag;ISK;Islandske kroner;NOK;Norske kroner;SP;Spot;2;false;2;Hundre;C;ECB concertation tidspunkt 14:15 CET;2024-01-29;7,61
B;Virkedag;ISK;Islandske kroner;NOK;Norske kroner;SP;Spot;2;false;2;Hundre;C;ECB concertation tidspunkt 14:15 CET;2024-01-30;7,65
B;Virkedag;ISK;Islandske kroner;NOK;Norske kroner;SP;Spot;2;false;2;Hundre;C;ECB concertation tidspunkt 14:15 CET;2024-01-31;7,65
B;Virkedag;ISK;Islandske kroner;NOK;Norske kroner;SP;Spot;2;false;2;Hundre;C;ECB concertation tidspunkt 14:15 CET;2024-02-01;7,66
B;Virkedag;ISK;Islandske kroner;NOK;Norske kroner;SP;Spot;2;false;2;Hundre;C;ECB concertation tidspunkt 14:15 CET;2024-02-02;7,68
B;Virkedag;ISK;Islandske kroner;NOK;Norske kroner;SP;Spot;2;false;2;Hundre;C;ECB concertation tidspunkt 14:15 CET;2024-02-05;7,74
B;Virkedag;ISK;Islandske kroner;NOK;Norske kroner;SP;Spot;2;false;2;Hundre;C;ECB concertation tidspunkt 14:15 CET;2024-02-06;7,74
B;Virkedag;ISK;Islandske kroner;NOK;Norske kroner;SP;Spot;2;false;2;Hundre;C;ECB concertation tidspunkt 14:15 CET;2024-02-07;7,67
B;Virkedag;ISK;Islandske kroner;NOK;Norske kroner;SP;Spot;2;false;2;Hundre;C;ECB concertation tidspunkt 14:15 CET;2024-02-08;7,63
B;Virkedag;ISK;Islandske kroner;NOK;Norske kroner;SP;Spot;2;false;2;Hundre;C;ECB concertation tidspunkt 14:15 CET;2024-02-09;7,7
B;Virkedag;ISK;Islandske kroner;NOK;Norske kroner;SP;Spot;2;false;2;Hundre;C;ECB concertation tidspunkt 14:15 CET;2024-02-12;7,63
B;Virkedag;ISK;Islandske kroner;NOK;Norske kroner;SP;Spot;2;false;2;Hundre;C;ECB concertation tidspunkt 14:15 CET;2024-02-13;7,6
B;Virkedag;ISK;Islandske kroner;NOK;Norske kroner;SP;Spot;2;false;2;Hundre;C;ECB concertation tidspunkt 14:15 CET;2024-02-14;7,62
B;Virkedag;ISK;Islandske kroner;NOK;Norske kroner;SP;Spot;2;false;2;Hundre;C;ECB concertation tidspunkt 14:15 CET;2024-02-15;7,64
B;Virkedag;ISK;Islandske kroner;NOK;Norske kroner;SP;Spot;2;false;2;Hundre;C;ECB concertation tidspunkt 14:15 CET;2024-02-16;7,62
B;Virkedag;ISK;Islandske kroner;NOK;Norske kroner;SP;Spot;2;false;2;Hundre;C;ECB concertation tidspunkt 14:15 CET;2024-02-19;7,6
B;Virkedag;ISK;Islandske kroner;NOK;Norske kroner;SP;Spot;2;false;2;Hundre;C;ECB concertation tidspunkt 14:15 CET;2024-02-20;7,64
B;Virkedag;ISK;Islandske kroner;NOK;Norske kroner;SP;Spot;2;false;2;Hundre;C;ECB concertation tidspunkt 14:15 CET;2024-02-21;7,63
B;Virkedag;ISK;Islandske kroner;NOK;Norske kroner;SP;Spot;2;false;2;Hundre;C;ECB concertation tidspunkt 14:15 CET;2024-02-22;7,63
B;Virkedag;ISK;Islandske kroner;NOK;Norske kroner;SP;Spot;2;false;2;Hundre;C;ECB concertation tidspunkt 14:15 CET;2024-02-23;7,67
B;Virkedag;ISK;Islandske kroner;NOK;Norske kroner;SP;Spot;2;false;2;Hundre;C;ECB concertation tidspunkt 14:15 CET;2024-02-26;7,65
B;Virkedag;ISK;Islandske kroner;NOK;Norske kroner;SP;Spot;2;false;2;Hundre;C;ECB concertation tidspunkt 14:15 CET;2024-02-27;7,66
B;Virkedag;ISK;Islandske kroner;NOK;Norske kroner;SP;Spot;2;false;2;Hundre;C;ECB concertation tidspunkt 14:15 CET;2024-02-28;7,68
B;Virkedag;ISK;Islandske kroner;NOK;Norske kroner;SP;Spot;2;false;2;Hundre;C;ECB concertation tidspunkt 14:15 CET;2024-02-29;7,7
