"record_id","hs_code","ssb_varekoder","product_label_no","export_tonnes_2024","export_value_1000_nok","product_scope","energy_mapping_status","g3_action","notes"
"G3-NO-HS-PRODUCT-001-2024","03021411","03021411_2012","Atlanterhavslaks (Salmo salar) og donaulaks (Hucho hucho), oppdrettet, med hode, fersk eller kjølt (2012-) (M1=kg,  M2=nei)","963921.756","86465128","whole_or_gutted_fish_shellfish","needs_yield_mapping","map species and edible share","SSB table 08801 export all countries summed across Land for 2024; threshold >=1000 tonnes"
"G3-NO-HS-PRODUCT-002-2024","03035401","03035401_2019","Makrell (Scomber scombrus, Scomber australasicus, Scomber japonicus), vekt under 600 gram, fryst, ikke spiselige biprodukter (2019-) (M1=kg,  M2=nei)","285942.156","7380381","whole_or_gutted_fish_shellfish","needs_yield_mapping","map species and edible share","SSB table 08801 export all countries summed across Land for 2024; threshold >=1000 tonnes"
"G3-NO-HS-PRODUCT-003-2024","03044100","03044100_2012","Fileter av stillehavslaks, atlanterhavslaks og donaulaks, fersk el kjølt (2012-) (M1=kg,  M2=nei)","142484.971","21186074","fillet_or_fish_meat","needs_energy_mapping","map product form and species to Matvaretabellen","SSB table 08801 export all countries summed across Land for 2024; threshold >=1000 tonnes"
"G3-NO-HS-PRODUCT-004-2024","23012010","23012010_1995","Mel og pelleter av fisk, krepsdyr, bløtdyr el virvelløse dyr som lever i vann, utjenlig til menneskeføde, til dyrefor (1995-) (M1=kg,  M2=nei)","81040.091","1808538","non_food_feed_or_industrial","exclude_from_food_energy","exclude unless feed/oil scenario is explicitly added","SSB table 08801 export all countries summed across Land for 2024; threshold >=1000 tonnes"
"G3-NO-HS-PRODUCT-005-2024","03048100","03048100_2012","Fileter av stillehavslaks, atlanterhavslaks og donaulaks, fryst (2012-) (M1=kg,  M2=nei)","71583.136","10816879","fillet_or_fish_meat","needs_energy_mapping","map product form and species to Matvaretabellen","SSB table 08801 export all countries summed across Land for 2024; threshold >=1000 tonnes"
"G3-NO-HS-PRODUCT-006-2024","15042011","15042011_1995","Fett og oljer av fisk samt deres fraksjoner, unnt tran, til dyrefor (1995-) (M1=kg,  M2=nei)","71260.671","1519996","fish_oil","needs_scope_decision","exclude from direct food-energy until end use is locked","SSB table 08801 export all countries summed across Land for 2024; threshold >=1000 tonnes"
"G3-NO-HS-PRODUCT-007-2024","03048622","03048622_2019","Fileter av norsk vårgytende sild (NVG-sild), uten skinn, fryst (2019-) (M1=kg,  M2=nei)","63807.115","1373740","fillet_or_fish_meat","needs_energy_mapping","map product form and species to Matvaretabellen","SSB table 08801 export all countries summed across Land for 2024; threshold >=1000 tonnes"
"G3-NO-HS-PRODUCT-008-2024","03021111","03021111_2012","Ørret, oppdrettet, med hode, fersk eller kjølt (2012-) (M1=kg,  M2=nei)","57408.407","4721633","whole_or_gutted_fish_shellfish","needs_yield_mapping","map species and edible share","SSB table 08801 export all countries summed across Land for 2024; threshold >=1000 tonnes"
"G3-NO-HS-PRODUCT-009-2024","03035102","03035102_2017","Norsk vårgytende sild (NVG-sild), fryst, ikke spiselige biprodukter (2017-) (M1=kg,  M2=nei)","53666.742","759397","whole_or_gutted_fish_shellfish","needs_yield_mapping","map species and edible share","SSB table 08801 export all countries summed across Land for 2024; threshold >=1000 tonnes"
"G3-NO-HS-PRODUCT-010-2024","03055313","03055313_2017","Sei, klippfisk, unnt spiselige biprodukter (2017-) (M1=kg,  M2=nei)","47751.639","2079102","processed_preserved_fish","needs_energy_mapping","map processed-product energy and rehydration/yield","SSB table 08801 export all countries summed across Land for 2024; threshold >=1000 tonnes"
"G3-NO-HS-PRODUCT-011-2024","03035901","03035901_2017","Lodde (Mallotus villosus), fryst, ikke spiselige biprodukter (2017-) (M1=kg,  M2=nei)","43993.287","437979","whole_or_gutted_fish_shellfish","needs_yield_mapping","map species and edible share","SSB table 08801 export all countries summed across Land for 2024; threshold >=1000 tonnes"
"G3-NO-HS-PRODUCT-012-2024","03036303","03036303_2013","Atlanterhavstorsk (Gadus morhua), unntatt spiselige biprodukter, fryst (2013-) (M1=kg,  M2=nei)","40238.872","2488942","whole_or_gutted_fish_shellfish","needs_yield_mapping","map species and edible share","SSB table 08801 export all countries summed across Land for 2024; threshold >=1000 tonnes"
"G3-NO-HS-PRODUCT-013-2024","03036500","03036500_2017","Sei (Pollachius virens), fryst, ikke spiselige biprodukter (2017-) (M1=kg,  M2=nei)","37750.506","798461","whole_or_gutted_fish_shellfish","needs_yield_mapping","map species and edible share","SSB table 08801 export all countries summed across Land for 2024; threshold >=1000 tonnes"
"G3-NO-HS-PRODUCT-014-2024","03036400","03036400_2017","Hyse (Melanogrammus aeglefinus), fryst, ikke spiselige biprodukter (2017-) (M1=kg,  M2=nei)","32305.364","1120536","whole_or_gutted_fish_shellfish","needs_yield_mapping","map species and edible share","SSB table 08801 export all countries summed across Land for 2024; threshold >=1000 tonnes"
"G3-NO-HS-PRODUCT-015-2024","03039901","03039901_2017","Spiselige biprodukter av oppdrettet atlanterhavslaks og donaulaks, fryst (2017-) (M1=kg,  M2=nei)","28333.877","386573","edible_byproduct_or_roe","needs_energy_mapping","review edible yield and energy factor","SSB table 08801 export all countries summed across Land for 2024; threshold >=1000 tonnes"
"G3-NO-HS-PRODUCT-016-2024","15042031","15042031_1995","Sildeolje og andre fiskeoljer, unnt tran, ikke til dyrefor (1995-) (M1=kg,  M2=nei)","27856.812","849845","fish_oil","needs_scope_decision","exclude from direct food-energy until end use is locked","SSB table 08801 export all countries summed across Land for 2024; threshold >=1000 tonnes"
"G3-NO-HS-PRODUCT-017-2024","03038901","03038901_2017","Uer (Sebastes spp.), fryst, ikke spiselige biprodukter (2017-) (M1=kg,  M2=nei)","27418.370","773409","whole_or_gutted_fish_shellfish","needs_yield_mapping","map species and edible share","SSB table 08801 export all countries summed across Land for 2024; threshold >=1000 tonnes"
"G3-NO-HS-PRODUCT-018-2024","03049922","03049922_2022","Sildelapper (butterflies) av norsk vårgytende sild (NVG-sild), fryste (2022-) (M1=kg,  M2=nei)","25601.710","527414","whole_or_gutted_fish_shellfish","needs_yield_mapping","map species and edible share","SSB table 08801 export all countries summed across Land for 2024; threshold >=1000 tonnes"
"G3-NO-HS-PRODUCT-019-2024","03055121","03055121_2012","Klippfisk av atlanterhavstorsk, unnt spiselige biprodukter (2012-) (M1=kg,  M2=nei)","24411.610","3198648","processed_preserved_fish","needs_energy_mapping","map processed-product energy and rehydration/yield","SSB table 08801 export all countries summed across Land for 2024; threshold >=1000 tonnes"
"G3-NO-HS-PRODUCT-020-2024","03031311","03031311_2012","Atlanterhavslaks og donaulaks, oppdrettet, med hode, fryst, ikke spiselige biprodukter (2012-) (M1=kg,  M2=nei)","23736.517","2079807","whole_or_gutted_fish_shellfish","needs_yield_mapping","map species and edible share","SSB table 08801 export all countries summed across Land for 2024; threshold >=1000 tonnes"
"G3-NO-HS-PRODUCT-021-2024","03025300","03025300_2017","Sei (Pollachius virens), fersk eller kjølt, ikke spiselige biprodukter (2017-) (M1=kg,  M2=nei)","22935.883","489786","whole_or_gutted_fish_shellfish","needs_yield_mapping","map species and edible share","SSB table 08801 export all countries summed across Land for 2024; threshold >=1000 tonnes"
"G3-NO-HS-PRODUCT-022-2024","03025127","03025127_2019","Atlanterhavstorsk (Gadus morhua) unntatt skrei, ikke oppdrettet eller levendelagret, fersk eller kjølt, ikke spiselige biprodukter (2019-) (M1=kg,  M2=nei)","22015.115","1293278","whole_or_gutted_fish_shellfish","needs_yield_mapping","map species and edible share","SSB table 08801 export all countries summed across Land for 2024; threshold >=1000 tonnes"
"G3-NO-HS-PRODUCT-023-2024","03024102","03024102_2017","Norsk vårgytende sild (NVG-sild), fersk eller kjølt, ikke spiselige biprodukter (2017-) (M1=kg,  M2=nei)","21383.687","240539","whole_or_gutted_fish_shellfish","needs_yield_mapping","map species and edible share","SSB table 08801 export all countries summed across Land for 2024; threshold >=1000 tonnes"
"G3-NO-HS-PRODUCT-024-2024","23012090","23012090_1995","Mel og pelleter av fisk, krepsdyr, bløtdyr el virvelløse dyr som lever i vann, utjenlig til menneskeføde, ikke til dyrefor (1995-) (M1=kg,  M2=nei)","18593.351","416234","non_food_feed_or_industrial","exclude_from_food_energy","exclude unless feed/oil scenario is explicitly added","SSB table 08801 export all countries summed across Land for 2024; threshold >=1000 tonnes"
"G3-NO-HS-PRODUCT-025-2024","03049991","03049991_2022","Fiskekjøtt, også opphakket, av stillehavslaks, atlanterhavslaks og donaulaks, fryst, unntatt fileter og surimi, i.e.n. (2022-) (M1=kg,  M2=nei)","17696.559","869677","fillet_or_fish_meat","needs_energy_mapping","map product form and species to Matvaretabellen","SSB table 08801 export all countries summed across Land for 2024; threshold >=1000 tonnes"
"G3-NO-HS-PRODUCT-026-2024","03056200","03056200_1988","Torsk, saltet/i saltlake, men ikke tørket eller røykt (1988-) (M1=kg,  M2=nei)","17669.066","1785379","processed_preserved_fish","needs_energy_mapping","map processed-product energy and rehydration/yield","SSB table 08801 export all countries summed across Land for 2024; threshold >=1000 tonnes"
"G3-NO-HS-PRODUCT-027-2024","03035101","03035101_2017","Nordsjøsild, fryst, ikke spiselige biprodukter (2017-) (M1=kg,  M2=nei)","17350.935","320787","whole_or_gutted_fish_shellfish","needs_yield_mapping","map species and edible share","SSB table 08801 export all countries summed across Land for 2024; threshold >=1000 tonnes"
"G3-NO-HS-PRODUCT-028-2024","03024901","03024901_2020","Lodde (Mallotus villosus), fersk eller kjølt, ikke spiselige biprodukter (2020-) (M1=kg,  M2=nei)","16615.229","120803","whole_or_gutted_fish_shellfish","needs_yield_mapping","map species and edible share","SSB table 08801 export all countries summed across Land for 2024; threshold >=1000 tonnes"
"G3-NO-HS-PRODUCT-029-2024","03061601","03061601_2012","Kaldtvannsreker, rå, fryste (2012-) (M1=kg,  M2=nei)","15203.298","332540","whole_or_gutted_fish_shellfish","needs_yield_mapping","map species and edible share","SSB table 08801 export all countries summed across Land for 2024; threshold >=1000 tonnes"
"G3-NO-HS-PRODUCT-030-2024","03035402","03035402_2019","Makrell (Scomber scombrus, Scomber australasicus, Scomber japonicus), vekt 600 gram eller derover, fryst, ikke spiselige biprodukter (2019-) (M1=kg,  M2=nei)","14196.447","402909","whole_or_gutted_fish_shellfish","needs_yield_mapping","map species and edible share","SSB table 08801 export all countries summed across Land for 2024; threshold >=1000 tonnes"
"G3-NO-HS-PRODUCT-031-2024","03025200","03025200_2017","Hyse (Melanogrammus aeglefinus), fersk eller kjølt, ikke spiselige biprodukter (2017-) (M1=kg,  M2=nei)","14114.316","334968","whole_or_gutted_fish_shellfish","needs_yield_mapping","map species and edible share","SSB table 08801 export all countries summed across Land for 2024; threshold >=1000 tonnes"
"G3-NO-HS-PRODUCT-032-2024","03025121","03025121_2013","Atlanterhavstorsk (Gadus morhua), unntatt spiselige biprodukter, oppdrettet, fersk eller kjølt (2013-) (M1=kg,  M2=nei)","11934.711","711575","whole_or_gutted_fish_shellfish","needs_yield_mapping","map species and edible share","SSB table 08801 export all countries summed across Land for 2024; threshold >=1000 tonnes"
"G3-NO-HS-PRODUCT-033-2024","03038904","03038904_2017","Vassild (Argentina silus), fryst, ikke spiselige biprodukter (2017-) (M1=kg,  M2=nei)","11605.432","137756","whole_or_gutted_fish_shellfish","needs_yield_mapping","map species and edible share","SSB table 08801 export all countries summed across Land for 2024; threshold >=1000 tonnes"
"G3-NO-HS-PRODUCT-034-2024","03033101","03033101_2017","Blåkveite (Reinhardtius hippoglossoides), fryst, ikke spiselige biprodukter (2017-) (M1=kg,  M2=nei)","11479.512","769862","whole_or_gutted_fish_shellfish","needs_yield_mapping","map species and edible share","SSB table 08801 export all countries summed across Land for 2024; threshold >=1000 tonnes"
"G3-NO-HS-PRODUCT-035-2024","03049921","03049921_2022","Sildelapper (butterflies) av nordsjøsild, fryste (2022-) (M1=kg,  M2=nei)","10212.154","211854","whole_or_gutted_fish_shellfish","needs_yield_mapping","map species and edible share","SSB table 08801 export all countries summed across Land for 2024; threshold >=1000 tonnes"
"G3-NO-HS-PRODUCT-036-2024","03025600","03025600_2017","Kolmule (Micromesistius poutassou, Micromesistius australis), fersk eller kjølt, ikke spiselige biprodukter (2017-) (M1=kg,  M2=nei)","9875.060","37331","whole_or_gutted_fish_shellfish","needs_yield_mapping","map species and edible share","SSB table 08801 export all countries summed across Land for 2024; threshold >=1000 tonnes"
"G3-NO-HS-PRODUCT-037-2024","16041206","16041206_1988","Eddikbehandlet sild, unnt småsild, hel el i stykker, tilberedt el konservert, ikke opphakket (1988-) (M1=kg,  M2=nei)","9696.229","239632","prepared_seafood","needs_energy_mapping","map to prepared-product energy factor","SSB table 08801 export all countries summed across Land for 2024; threshold >=1000 tonnes"
"G3-NO-HS-PRODUCT-038-2024","03061602","03061602_2012","Kaldtvannsreker, kokte, med skall, ikke videre bearbeidd, fryste (2012-) (M1=kg,  M2=nei)","9159.304","398632","whole_or_gutted_fish_shellfish","needs_yield_mapping","map species and edible share","SSB table 08801 export all countries summed across Land for 2024; threshold >=1000 tonnes"
"G3-NO-HS-PRODUCT-039-2024","03057200","03057200_2012","Fiskehoder, -haler og svømmeblærer, tørket, saltet el i saltlake, røkt el varmrøkt (2012-) (M1=kg,  M2=nei)","7728.542","206376","edible_byproduct_or_roe","needs_energy_mapping","review edible yield and energy factor","SSB table 08801 export all countries summed across Land for 2024; threshold >=1000 tonnes"
"G3-NO-HS-PRODUCT-040-2024","03061402","03061402_2015","Snøkrabber (Chionoecetes opilio), fryste (2015-) (M1=kg,  M2=nei)","6420.660","723561","whole_or_gutted_fish_shellfish","needs_yield_mapping","map species and edible share","SSB table 08801 export all countries summed across Land for 2024; threshold >=1000 tonnes"
"G3-NO-HS-PRODUCT-041-2024","03048621","03048621_2019","Fileter av nordsjøsild, uten skinn, fryst (2019-) (M1=kg,  M2=nei)","5745.659","141472","fillet_or_fish_meat","needs_energy_mapping","map product form and species to Matvaretabellen","SSB table 08801 export all countries summed across Land for 2024; threshold >=1000 tonnes"
"G3-NO-HS-PRODUCT-042-2024","03024101","03024101_2017","Nordsjøsild, fersk eller kjølt, ikke spiselige biprodukter (2017-) (M1=kg,  M2=nei)","5551.608","58046","whole_or_gutted_fish_shellfish","needs_yield_mapping","map species and edible share","SSB table 08801 export all countries summed across Land for 2024; threshold >=1000 tonnes"
"G3-NO-HS-PRODUCT-043-2024","03044200","03044200_2012","Fileter av ørret, fersk el kjølt (2012-) (M1=kg,  M2=nei)","5501.985","823035","fillet_or_fish_meat","needs_energy_mapping","map product form and species to Matvaretabellen","SSB table 08801 export all countries summed across Land for 2024; threshold >=1000 tonnes"
"G3-NO-HS-PRODUCT-044-2024","03053910","03053910_2012","Fileter av sild, saltede eller i saltlake (2012-) (M1=kg,  M2=nei)","5254.551","120162","fillet_or_fish_meat","needs_energy_mapping","map product form and species to Matvaretabellen","SSB table 08801 export all countries summed across Land for 2024; threshold >=1000 tonnes"
"G3-NO-HS-PRODUCT-045-2024","03039102","03039102_2017","Lever, rogn og melke av lodde, fryst (2017-) (M1=kg,  M2=nei)","4700.441","227281","edible_byproduct_or_roe","needs_energy_mapping","review edible yield and energy factor","SSB table 08801 export all countries summed across Land for 2024; threshold >=1000 tonnes"
"G3-NO-HS-PRODUCT-046-2024","03025122","03025122_2015","Skrei (Gadus morhua), unntatt spiselige biprodukter, ikke oppdrettet, fersk eller kjølt (2015-) (M1=kg,  M2=nei)","4662.417","317173","whole_or_gutted_fish_shellfish","needs_yield_mapping","map species and edible share","SSB table 08801 export all countries summed across Land for 2024; threshold >=1000 tonnes"
"G3-NO-HS-PRODUCT-047-2024","03024400","03024400_2017","Makrell (Scomber scombrus, Scomber australasicus, Scomber japonicus), fersk eller kjølt, ikke spiselige biprodukter (2017-) (M1=kg,  M2=nei)","4625.342","108535","whole_or_gutted_fish_shellfish","needs_yield_mapping","map species and edible share","SSB table 08801 export all countries summed across Land for 2024; threshold >=1000 tonnes"
"G3-NO-HS-PRODUCT-048-2024","03039908","03039908_2020","Spiselige biprodukter av fisk, fryst, unntatt av laks, torsk, kveite, lever, rogn, melke og haifinner (2020-) (M1=kg,  M2=nei)","4492.930","54209","edible_byproduct_or_roe","needs_energy_mapping","review edible yield and energy factor","SSB table 08801 export all countries summed across Land for 2024; threshold >=1000 tonnes"
"G3-NO-HS-PRODUCT-049-2024","03031411","03031411_2012","Ørret, oppdrettet, med hode, fryst (2012-) (M1=kg,  M2=nei)","4202.397","321666","whole_or_gutted_fish_shellfish","needs_yield_mapping","map species and edible share","SSB table 08801 export all countries summed across Land for 2024; threshold >=1000 tonnes"
"G3-NO-HS-PRODUCT-050-2024","03031419","03031419_2017","Ørret (Salmo trutta, Oncorhynchus mykiss, Oncorhynchus clarki, Oncorhynchus aguabonita, Oncorhynchus gilae, Oncorhynchus apache og Oncorhynchus chrysogaster), oppdrettet, unnt med hode, fryst, ikke spiselige biprodukter (2017-) (M1=kg,  M2=nei)","3782.134","264648","whole_or_gutted_fish_shellfish","needs_yield_mapping","map species and edible share","SSB table 08801 export all countries summed across Land for 2024; threshold >=1000 tonnes"
"G3-NO-HS-PRODUCT-051-2024","15042099","15042099_1995","Fett og oljer av fisk (ikke faste fraksjoner), unnt tran, hai-, silde- og andre fiskeoljer, ikke til dyrefor (1995-) (M1=kg,  M2=nei)","3688.544","96748","fish_oil","needs_scope_decision","exclude from direct food-energy until end use is locked","SSB table 08801 export all countries summed across Land for 2024; threshold >=1000 tonnes"
"G3-NO-HS-PRODUCT-052-2024","03055332","03055332_2017","Brosme, klippfisk, unnt spiselige biprodukter (2017-) (M1=kg,  M2=nei)","3482.325","184302","processed_preserved_fish","needs_energy_mapping","map processed-product energy and rehydration/yield","SSB table 08801 export all countries summed across Land for 2024; threshold >=1000 tonnes"
"G3-NO-HS-PRODUCT-053-2024","03047109","03047109_2012","Fileter av torsk, ikke i blokk, fryst (2012-) (M1=kg,  M2=nei)","2864.543","364826","fillet_or_fish_meat","needs_energy_mapping","map product form and species to Matvaretabellen","SSB table 08801 export all countries summed across Land for 2024; threshold >=1000 tonnes"
"G3-NO-HS-PRODUCT-054-2024","03055320","03055320_2017","Lange, klippfisk, unnt spiselige biprodukter (2017-) (M1=kg,  M2=nei)","2855.858","191796","processed_preserved_fish","needs_energy_mapping","map processed-product energy and rehydration/yield","SSB table 08801 export all countries summed across Land for 2024; threshold >=1000 tonnes"
"G3-NO-HS-PRODUCT-055-2024","03039902","03039902_2017","Spiselige biprodukter av torsk (Gadus morhua, Gadus ogac, Gadus macrocephalus), fryst (2017-) (M1=kg,  M2=nei)","2847.573","57618","edible_byproduct_or_roe","needs_energy_mapping","review edible yield and energy factor","SSB table 08801 export all countries summed across Land for 2024; threshold >=1000 tonnes"
"G3-NO-HS-PRODUCT-056-2024","03028903","03028903_2017","Breiflabb (Lophius spp.), fersk eller kjølt, ikke spiselige biprodukter (2017-) (M1=kg,  M2=nei)","2743.808","220366","whole_or_gutted_fish_shellfish","needs_yield_mapping","map species and edible share","SSB table 08801 export all countries summed across Land for 2024; threshold >=1000 tonnes"
"G3-NO-HS-PRODUCT-057-2024","03031319","03031319_2012","Atlanterhavslaks og donaulaks, oppdrettet, unnt med hode og spiselige biprodukter, fryst (2012-) (M1=kg,  M2=nei)","2618.252","111013","whole_or_gutted_fish_shellfish","needs_yield_mapping","map species and edible share","SSB table 08801 export all countries summed across Land for 2024; threshold >=1000 tonnes"
"G3-NO-HS-PRODUCT-058-2024","03053221","03053221_2013","Fileter av lange (Molva spp), saltede eller i saltlake (2013-) (M1=kg,  M2=nei)","2436.708","142982","fillet_or_fish_meat","needs_energy_mapping","map product form and species to Matvaretabellen","SSB table 08801 export all countries summed across Land for 2024; threshold >=1000 tonnes"
"G3-NO-HS-PRODUCT-059-2024","03039101","03039101_2017","Lever, rogn og melke av sild, fryst (2017-) (M1=kg,  M2=nei)","2433.616","93007","edible_byproduct_or_roe","needs_energy_mapping","review edible yield and energy factor","SSB table 08801 export all countries summed across Land for 2024; threshold >=1000 tonnes"
"G3-NO-HS-PRODUCT-060-2024","16042006","16042006_1988","Sukkersaltet rogn, ikke fryst, tilberedt eller konservert (1988-) (M1=kg,  M2=nei)","2374.878","133395","prepared_seafood","needs_energy_mapping","map to prepared-product energy factor","SSB table 08801 export all countries summed across Land for 2024; threshold >=1000 tonnes"
"G3-NO-HS-PRODUCT-061-2024","03028902","03028902_2017","Uer (Sebastes spp.), fersk eller kjølt, ikke spiselige biprodukter (2017-) (M1=kg,  M2=nei)","2342.782","78714","whole_or_gutted_fish_shellfish","needs_yield_mapping","map species and edible share","SSB table 08801 export all countries summed across Land for 2024; threshold >=1000 tonnes"
"G3-NO-HS-PRODUCT-062-2024","03055113","03055113_2012","Torsk, tørrfisk, lofotrundfisk, unnt spiselige biprodukter (2012-) (M1=kg,  M2=nei)","2339.281","721983","processed_preserved_fish","needs_energy_mapping","map processed-product energy and rehydration/yield","SSB table 08801 export all countries summed across Land for 2024; threshold >=1000 tonnes"
"G3-NO-HS-PRODUCT-063-2024","03047309","03047309_2012","Fileter av sei, ikke i blokk, fryst (2012-) (M1=kg,  M2=nei)","2301.676","130884","fillet_or_fish_meat","needs_energy_mapping","map product form and species to Matvaretabellen","SSB table 08801 export all countries summed across Land for 2024; threshold >=1000 tonnes"
"G3-NO-HS-PRODUCT-064-2024","03038902","03038902_2017","Steinbit (Anarhichas spp.), fryst, ikke spiselige biprodukter (2017-) (M1=kg,  M2=nei)","2300.455","44549","whole_or_gutted_fish_shellfish","needs_yield_mapping","map species and edible share","SSB table 08801 export all countries summed across Land for 2024; threshold >=1000 tonnes"
"G3-NO-HS-PRODUCT-065-2024","03057900","03057900_2012","Biprodukter av fisk,tørket,saltet/i saltlake,røkt/varmrøkt;mel og pelleter av fisk,egnet til menneskeføde,unnt haifinner,fiskehoder,-haler og svømmeblærer (2012-) (M1=kg,  M2=nei)","2266.770","59904","edible_byproduct_or_roe","needs_energy_mapping","review edible yield and energy factor","SSB table 08801 export all countries summed across Land for 2024; threshold >=1000 tonnes"
"G3-NO-HS-PRODUCT-066-2024","16041205","16041205_1988","Kryddersaltet sild, unnt småsild, hel el i stykker, tilberedt el konservert, ikke opphakket (1988-) (M1=kg,  M2=nei)","2157.154","53531","prepared_seafood","needs_energy_mapping","map to prepared-product energy factor","SSB table 08801 export all countries summed across Land for 2024; threshold >=1000 tonnes"
"G3-NO-HS-PRODUCT-067-2024","03054300","03054300_2012","Røykt ørret, herunder fileter, unnt spiselige biprodukter (2012-) (M1=kg,  M2=nei)","2073.618","393155","fillet_or_fish_meat","needs_energy_mapping","map product form and species to Matvaretabellen","SSB table 08801 export all countries summed across Land for 2024; threshold >=1000 tonnes"
"G3-NO-HS-PRODUCT-068-2024","03036900","03036900_2017","Fisk av familiene Bregmacerotidae, Euclichthyidae, Gadidae, Macroutidae, Melanonidae, Merlucciidae, Moridae og Muraenolepididae, fryst, i.e.n., ikke spiselige biprodukter (2017-) (M1=kg,  M2=nei)","2073.173","67242","whole_or_gutted_fish_shellfish","needs_yield_mapping","map species and edible share","SSB table 08801 export all countries summed across Land for 2024; threshold >=1000 tonnes"
"G3-NO-HS-PRODUCT-069-2024","03048610","03048610_2019","Fileter av sild, med skinn, fryst (2019-) (M1=kg,  M2=nei)","2065.768","47216","fillet_or_fish_meat","needs_energy_mapping","map product form and species to Matvaretabellen","SSB table 08801 export all countries summed across Land for 2024; threshold >=1000 tonnes"
"G3-NO-HS-PRODUCT-070-2024","03047101","03047101_2012","Fileter av torsk, i blokk, fryst (2012-) (M1=kg,  M2=nei)","2024.193","155398","fillet_or_fish_meat","needs_energy_mapping","map product form and species to Matvaretabellen","SSB table 08801 export all countries summed across Land for 2024; threshold >=1000 tonnes"
"G3-NO-HS-PRODUCT-071-2024","03099000","03099000_2022","Mel og pelleter av krepsdyr, bløtdyr, eller andre virvelløse dyr som lever i vann, egnet til menneskeføde (2022-) (M1=kg,  M2=nei)","1981.017","100092","needs_manual_review","needs_scope_decision","manual HS review required","SSB table 08801 export all countries summed across Land for 2024; threshold >=1000 tonnes"
"G3-NO-HS-PRODUCT-072-2024","03022199","03022199_2017","Kveite (Hippoglossus hippoglossus, Hippoglossus stenolepis), unnt blåkveite, ikke oppdrettet, fersk eller kjølt, ikke spiselige biprodukter (2017-) (M1=kg,  M2=nei)","1927.631","248687","whole_or_gutted_fish_shellfish","needs_yield_mapping","map species and edible share","SSB table 08801 export all countries summed across Land for 2024; threshold >=1000 tonnes"
"G3-NO-HS-PRODUCT-073-2024","03054100","03054100_2012","Røykt stillehavs-, atlanterhavs- og donaulaks, herunder fileter, unnt spiselige biprodukter (2012-) (M1=kg,  M2=nei)","1904.772","346812","fillet_or_fish_meat","needs_energy_mapping","map product form and species to Matvaretabellen","SSB table 08801 export all countries summed across Land for 2024; threshold >=1000 tonnes"
"G3-NO-HS-PRODUCT-074-2024","03056902","03056902_2012","Sei, saltet, men ikke tørket, røykt el i saltlake, unnt spiselige biprodukter og fileter (2012-) (M1=kg,  M2=nei)","1654.459","54481","fillet_or_fish_meat","needs_energy_mapping","map product form and species to Matvaretabellen","SSB table 08801 export all countries summed across Land for 2024; threshold >=1000 tonnes"
"G3-NO-HS-PRODUCT-075-2024","03055390","03055390_2017","Tørket og/eller saltet fisk av familiene Bregmacerotidae, Euclichthyidae, Gadidae, Macroutidae, Melanonidae, Merlucciidae, Moridae og Muraenolepididae, unntatt torsk, i.e.n., unnt spiselige biprodukter (2017-) (M1=kg,  M2=nei)","1557.900","80654","processed_preserved_fish","needs_energy_mapping","map processed-product energy and rehydration/yield","SSB table 08801 export all countries summed across Land for 2024; threshold >=1000 tonnes"
"G3-NO-HS-PRODUCT-076-2024","03025902","03025902_2017","Lange (Molva spp.), fersk eller kjølt, ikke spiselige biprodukter (2017-) (M1=kg,  M2=nei)","1548.582","48970","whole_or_gutted_fish_shellfish","needs_yield_mapping","map species and edible share","SSB table 08801 export all countries summed across Land for 2024; threshold >=1000 tonnes"
"G3-NO-HS-PRODUCT-077-2024","03048200","03048200_2012","Fileter av ørret, fryst (2012-) (M1=kg,  M2=nei)","1455.825","170427","fillet_or_fish_meat","needs_energy_mapping","map product form and species to Matvaretabellen","SSB table 08801 export all countries summed across Land for 2024; threshold >=1000 tonnes"
"G3-NO-HS-PRODUCT-078-2024","03044419","03044419_2012","Fileter av torsk, ikke oppdrettet, fersk el kjølt (2012-) (M1=kg,  M2=nei)","1438.899","195142","fillet_or_fish_meat","needs_energy_mapping","map product form and species to Matvaretabellen","SSB table 08801 export all countries summed across Land for 2024; threshold >=1000 tonnes"
"G3-NO-HS-PRODUCT-079-2024","03056100","03056100_2012","Sild, saltet, men ikke tørket, røykt, i saltlake, unnt spiselige biprodukter og fileter (2012-) (M1=kg,  M2=nei)","1435.089","25866","fillet_or_fish_meat","needs_energy_mapping","map product form and species to Matvaretabellen","SSB table 08801 export all countries summed across Land for 2024; threshold >=1000 tonnes"
"G3-NO-HS-PRODUCT-080-2024","03047301","03047301_2012","Fileter av sei, i blokk, fryst (2012-) (M1=kg,  M2=nei)","1425.732","66314","fillet_or_fish_meat","needs_energy_mapping","map product form and species to Matvaretabellen","SSB table 08801 export all countries summed across Land for 2024; threshold >=1000 tonnes"
"G3-NO-HS-PRODUCT-081-2024","15041091","15041091_1988","Medisintran, unnt faste fraksjoner (1988-) (M1=kg,  M2=nei)","1329.550","224011","fish_oil","needs_scope_decision","exclude from direct food-energy until end use is locked","SSB table 08801 export all countries summed across Land for 2024; threshold >=1000 tonnes"
"G3-NO-HS-PRODUCT-082-2024","03035500","03035500_2017","Taggmakrell (hestemakrell) (Trachurus spp.), fryst, ikke spiselige biprodukter (2017-) (M1=kg,  M2=nei)","1312.323","48115","whole_or_gutted_fish_shellfish","needs_yield_mapping","map species and edible share","SSB table 08801 export all countries summed across Land for 2024; threshold >=1000 tonnes"
"G3-NO-HS-PRODUCT-083-2024","03025400","03025400_2017","Lysing (Merluccius spp., Urophycis spp.), fersk eller kjølt, ikke spiselige biprodukter (2017-) (M1=kg,  M2=nei)","1291.992","84143","whole_or_gutted_fish_shellfish","needs_yield_mapping","map species and edible share","SSB table 08801 export all countries summed across Land for 2024; threshold >=1000 tonnes"
"G3-NO-HS-PRODUCT-084-2024","03039109","03039109_2017","Lever, rogn og melke, unnt av sild og lodde, fryst (2017-) (M1=kg,  M2=nei)","1214.085","60011","edible_byproduct_or_roe","needs_energy_mapping","review edible yield and energy factor","SSB table 08801 export all countries summed across Land for 2024; threshold >=1000 tonnes"
"G3-NO-HS-PRODUCT-085-2024","03025901","03025901_2017","Lyr (Pollachius pollachius), fersk eller kjølt, ikke spiselige biprodukter (2017-) (M1=kg,  M2=nei)","1201.931","65876","whole_or_gutted_fish_shellfish","needs_yield_mapping","map species and edible share","SSB table 08801 export all countries summed across Land for 2024; threshold >=1000 tonnes"
"G3-NO-HS-PRODUCT-086-2024","03022191","03022191_2017","Kveite (Hippoglossus hippoglossus, Hippoglossus stenolepis), unnt blåkveite, oppdrettet, fersk eller kjølt, ikke spiselige biprodukter (2017-) (M1=kg,  M2=nei)","1177.838","196549","whole_or_gutted_fish_shellfish","needs_yield_mapping","map species and edible share","SSB table 08801 export all countries summed across Land for 2024; threshold >=1000 tonnes"
"G3-NO-HS-PRODUCT-087-2024","03035300","03035300_2017","Sardiner (Sardina pilchardus, Sardinops spp), sardinella (Sardinella spp.), brisling (Sprattus sprattus), fryst, ikke spiselige biprodukter (2017-) (M1=kg,  M2=nei)","1162.350","18507","whole_or_gutted_fish_shellfish","needs_yield_mapping","map species and edible share","SSB table 08801 export all countries summed across Land for 2024; threshold >=1000 tonnes"
"G3-NO-HS-PRODUCT-088-2024","03044420","03044420_2012","Fileter av hyse, fersk el kjølt (2012-) (M1=kg,  M2=nei)","1076.949","108509","fillet_or_fish_meat","needs_energy_mapping","map product form and species to Matvaretabellen","SSB table 08801 export all countries summed across Land for 2024; threshold >=1000 tonnes"
"G3-NO-HS-PRODUCT-089-2024","03055129","03055129_2012","Klippfisk av torsk, unnt av atlanterhavstorsk og spiselige biprodukter (2012-) (M1=kg,  M2=nei)","1061.001","132388","processed_preserved_fish","needs_energy_mapping","map processed-product energy and rehydration/yield","SSB table 08801 export all countries summed across Land for 2024; threshold >=1000 tonnes"
"G3-NO-HS-PRODUCT-090-2024","03044430","03044430_2012","Fileter av sei, fersk el kjølt (2012-) (M1=kg,  M2=nei)","1056.061","73838","fillet_or_fish_meat","needs_energy_mapping","map product form and species to Matvaretabellen","SSB table 08801 export all countries summed across Land for 2024; threshold >=1000 tonnes"
"G3-NO-HS-PRODUCT-091-2024","03039903","03039903_2020","Spiselige biprodukter av blåkveite (Reinhardtius hippoglossoides), fryst, unntatt lever, rogn og melke (2020-) (M1=kg,  M2=nei)","1055.060","64841","edible_byproduct_or_roe","needs_energy_mapping","review edible yield and energy factor","SSB table 08801 export all countries summed across Land for 2024; threshold >=1000 tonnes"
"G3-NO-HS-PRODUCT-092-2024","03061408","03061408_2015","Krabber, unnt kongekrabber og snøkrabber, fryste (2015-) (M1=kg,  M2=nei)","1050.016","89938","whole_or_gutted_fish_shellfish","needs_yield_mapping","map species and edible share","SSB table 08801 export all countries summed across Land for 2024; threshold >=1000 tonnes"
"G3-NO-HS-PRODUCT-TOTAL-SELECTED-2024","selected_prefixes","HS03+1504+1604+1605+230120","Selected seafood-related HS families total","2589296.000","NA","selected_hs_total","not_energy_result","use as product-mix coverage benchmark","Total across all nonzero selected HS rows from SSB 08801; includes non-food fishmeal/fish oil and should not be treated as edible energy"
"G3-NO-HS-SCOPE-WHOLE-OR-GUTTED-FISH-SHELLFISH-2024","scope_total","HS03+1504+1604+1605+230120","whole_or_gutted_fish_shellfish subtotal","1862431.964","NA","whole_or_gutted_fish_shellfish","not_energy_result","scope subtotal for G3 review","Derived from heuristic classification; review before final use"
"G3-NO-HS-SCOPE-FILLET-OR-FISH-MEAT-2024","scope_total","HS03+1504+1604+1605+230120","fillet_or_fish_meat subtotal","343155.770","NA","fillet_or_fish_meat","not_energy_result","scope subtotal for G3 review","Derived from heuristic classification; review before final use"
"G3-NO-HS-SCOPE-FISH-OIL-2024","scope_total","HS03+1504+1604+1605+230120","fish_oil subtotal","105185.395","NA","fish_oil","not_energy_result","scope subtotal for G3 review","Derived from heuristic classification; review before final use"
"G3-NO-HS-SCOPE-PROCESSED-PRESERVED-FISH-2024","scope_total","HS03+1504+1604+1605+230120","processed_preserved_fish subtotal","102763.078","NA","processed_preserved_fish","not_energy_result","scope subtotal for G3 review","Derived from heuristic classification; review before final use"
"G3-NO-HS-SCOPE-NON-FOOD-FEED-OR-INDUSTRIAL-2024","scope_total","HS03+1504+1604+1605+230120","non_food_feed_or_industrial subtotal","99633.442","NA","non_food_feed_or_industrial","not_energy_result","scope subtotal for G3 review","Derived from heuristic classification; review before final use"
"G3-NO-HS-SCOPE-EDIBLE-BYPRODUCT-OR-ROE-2024","scope_total","HS03+1504+1604+1605+230120","edible_byproduct_or_roe subtotal","57220.444","NA","edible_byproduct_or_roe","not_energy_result","scope subtotal for G3 review","Derived from heuristic classification; review before final use"
"G3-NO-HS-SCOPE-PREPARED-SEAFOOD-2024","scope_total","HS03+1504+1604+1605+230120","prepared_seafood subtotal","16924.890","NA","prepared_seafood","not_energy_result","scope subtotal for G3 review","Derived from heuristic classification; review before final use"
"G3-NO-HS-SCOPE-NEEDS-MANUAL-REVIEW-2024","scope_total","HS03+1504+1604+1605+230120","needs_manual_review subtotal","1981.017","NA","needs_manual_review","not_energy_result","scope subtotal for G3 review","Derived from heuristic classification; review before final use"
