access_date,company,cvr,label,source_type,url,http_status,content_type,local_path,headers_path,sha256,notes
2026-05-18,,,erhvervsstyrelsen-cvr-source-page,official_source_page,https://erhvervsstyrelsen.dk/cvr-samler-og-udstiller-data,200,text/html; charset=UTF-8,research/evidence-pack/registry-sources/dk-cvr-2026-05-18/raw/erhvervsstyrelsen-cvr-source-page.html,research/evidence-pack/registry-sources/dk-cvr-2026-05-18/headers/erhvervsstyrelsen-cvr-source-page.headers,fbcbc51c0746ea30cf9e8e1791e9b3c6d36c4dd8efdabf953a5577c55f13c608,
2026-05-18,,,datacvr-terms,official_terms_page,https://datacvr.virk.dk/artikel/vilkaar-og-betingelser,403,text/html; charset=UTF-8,research/evidence-pack/registry-sources/dk-cvr-2026-05-18/raw/datacvr-terms.html,research/evidence-pack/registry-sources/dk-cvr-2026-05-18/headers/datacvr-terms.headers,6bf8824b27d264e0aee8bb5c68c6150acba76bd45d15bd45ba52a3e460cb8e2a,Cloudflare challenge / JS-gated in this environment
2026-05-18,,,coop-danmark-as-datacvr-visenhed,official_company_ui,https://datacvr.virk.dk/data/visenhed?enhedstype=virksomhed&id=26259495&language=da,200,text/html;charset=ISO-8859-1,research/evidence-pack/registry-sources/dk-cvr-2026-05-18/raw/coop-danmark-as-datacvr-visenhed.html,research/evidence-pack/registry-sources/dk-cvr-2026-05-18/headers/coop-danmark-as-datacvr-visenhed.headers,30d3542bfe8df030274789738631b61917c5953124c566ef940dfcab537df402,
2026-05-18,,,coop-danmark-as-datacvr-enhed,official_company_ui,https://datacvr.virk.dk/enhed/virksomhed/26259495,403,text/html; charset=UTF-8,research/evidence-pack/registry-sources/dk-cvr-2026-05-18/raw/coop-danmark-as-datacvr-enhed.html,research/evidence-pack/registry-sources/dk-cvr-2026-05-18/headers/coop-danmark-as-datacvr-enhed.headers,faefaf2c78a4901c71ae6deaf60c2cbff7916d8ba0c4f932b01ecd57e60e32a4,Cloudflare challenge / JS-gated in this environment
2026-05-18,,,salling-group-as-datacvr-visenhed,official_company_ui,https://datacvr.virk.dk/data/visenhed?enhedstype=virksomhed&id=35954716&language=da,403,text/html; charset=UTF-8,research/evidence-pack/registry-sources/dk-cvr-2026-05-18/raw/salling-group-as-datacvr-visenhed.html,research/evidence-pack/registry-sources/dk-cvr-2026-05-18/headers/salling-group-as-datacvr-visenhed.headers,b5e1ea903f73e38a8dc126fa610e6820a1e60c4715ac53305472ff6720d9a319,Cloudflare challenge / JS-gated in this environment
2026-05-18,,,salling-group-as-datacvr-enhed,official_company_ui,https://datacvr.virk.dk/enhed/virksomhed/35954716,403,text/html; charset=UTF-8,research/evidence-pack/registry-sources/dk-cvr-2026-05-18/raw/salling-group-as-datacvr-enhed.html,research/evidence-pack/registry-sources/dk-cvr-2026-05-18/headers/salling-group-as-datacvr-enhed.headers,84f84891f9083e5b6add3aae9f1dcf8f9e89c9aff43b47b2a3e357394b57119a,Cloudflare challenge / JS-gated in this environment
2026-05-18,Coop Danmark A/S,26259495,coop-danmark-as-cvr-permanent-virksomhed,official_company_metadata_roles_owners_api,http://distribution.virk.dk/cvr-permanent/virksomhed/_search,401,text/html,research/evidence-pack/registry-sources/dk-cvr-2026-05-18/raw/coop-danmark-as-cvr-permanent-virksomhed.html,research/evidence-pack/registry-sources/dk-cvr-2026-05-18/headers/coop-danmark-as-cvr-permanent-virksomhed.headers,9371176869a945e2958e43b349397210a1b72b83f11c67e02e0be1f950254ef2,Requires Basic authentication/API agreement
2026-05-18,Coop Danmark A/S,26259495,coop-danmark-as-registreringstekster,official_registration_texts_api,http://distribution.virk.dk/registreringstekster/registreringstekst/_search,401,text/html,research/evidence-pack/registry-sources/dk-cvr-2026-05-18/raw/coop-danmark-as-registreringstekster.html,research/evidence-pack/registry-sources/dk-cvr-2026-05-18/headers/coop-danmark-as-registreringstekster.headers,9371176869a945e2958e43b349397210a1b72b83f11c67e02e0be1f950254ef2,Requires Basic authentication/API agreement
2026-05-18,Coop Danmark A/S,26259495,coop-danmark-as-offentliggoerelser,official_annual_report_documents_api,http://distribution.virk.dk/offentliggoerelser/_search,200,application/json; charset=UTF-8,research/evidence-pack/registry-sources/dk-cvr-2026-05-18/raw/coop-danmark-as-offentliggoerelser.json,research/evidence-pack/registry-sources/dk-cvr-2026-05-18/headers/coop-danmark-as-offentliggoerelser.headers,ab4c9bcd4da80a899179e5723826ad201248453f4cd12ff3831fa8b7fc8da538,
2026-05-18,Coop Danmark A/S,26259495,coop-danmark-as-2025-aarsrapport-01,official_annual_report_document,http://regnskaber.virk.dk/59495262/amNsb3VkczovLzAzLzEwLzE0L2JkLzdiL2M3ZWYtNDFjOS04NWM2LWVlNWY2YzIwNDNjMg.xml,200,text/xml,research/evidence-pack/registry-sources/dk-cvr-2026-05-18/documents/coop-danmark-as/2025-urn_ofk_oid_39124896-01-aarsrapport.xml,research/evidence-pack/registry-sources/dk-cvr-2026-05-18/headers/coop-danmark-as-2025-urn_ofk_oid_39124896-01-aarsrapport.headers,c06b16942d1a2546335ffdcb4a67e40fed8b98a34a20bbdb8a4cdea831c1b2bc,period=2025-01-01..2025-12-31; publication=2026-04-27T11:11:00.477Z; hit_id=urn:ofk:oid:39124896
2026-05-18,Coop Danmark A/S,26259495,coop-danmark-as-2025-aarsrapport-02,official_annual_report_document,http://regnskaber.virk.dk/59495262/amNsb3VkczovLzAzLzc0LzMxLzExL2NlLzBiYzQtNGZlNC1hNzY3LWVlN2Y5ZTM1ZTYwNQ.xhtml,200,application/xhtml+xml,research/evidence-pack/registry-sources/dk-cvr-2026-05-18/documents/coop-danmark-as/2025-urn_ofk_oid_39124896-02-aarsrapport.xhtml,research/evidence-pack/registry-sources/dk-cvr-2026-05-18/headers/coop-danmark-as-2025-urn_ofk_oid_39124896-02-aarsrapport.headers,133999f930c2b41deb686ebea2921be5ce7e39004f58a1ff4a58fd3d6776d9f6,period=2025-01-01..2025-12-31; publication=2026-04-27T11:11:00.477Z; hit_id=urn:ofk:oid:39124896
2026-05-18,Coop Danmark A/S,26259495,coop-danmark-as-2024-aarsrapport-01,official_annual_report_document,http://regnskaber.virk.dk/59495262/amNsb3VkczovLzAzLzg4L2Y4LzhmLzczLzk4ZWMtNDMwYy04NmZlLTMzN2ZjOWExZjFmZA.pdf,200,application/pdf,research/evidence-pack/registry-sources/dk-cvr-2026-05-18/documents/coop-danmark-as/2024-urn_ofk_oid_37380244-01-aarsrapport.pdf,research/evidence-pack/registry-sources/dk-cvr-2026-05-18/headers/coop-danmark-as-2024-urn_ofk_oid_37380244-01-aarsrapport.headers,ffdb4ce7bdf6c2b75bb06c810b2ac4d019849474d9eed9225b8cbb083917adc4,period=2024-01-01..2024-12-31; publication=2025-05-08T06:15:51.774Z; hit_id=urn:ofk:oid:37380244
2026-05-18,Coop Danmark A/S,26259495,coop-danmark-as-2024-aarsrapport-02,official_annual_report_document,http://regnskaber.virk.dk/59495262/amNsb3VkczovLzAzLzQzL2ExL2FjL2IxLzgxZTktNDhlYy05Njg0LWM5MzU2NjM4MWI1MA.xml,200,text/xml,research/evidence-pack/registry-sources/dk-cvr-2026-05-18/documents/coop-danmark-as/2024-urn_ofk_oid_37380244-02-aarsrapport.xml,research/evidence-pack/registry-sources/dk-cvr-2026-05-18/headers/coop-danmark-as-2024-urn_ofk_oid_37380244-02-aarsrapport.headers,1dad423cab478a1ed3da4a3b19ce358dfb50d352171ba90a218ffb3a885afa24,period=2024-01-01..2024-12-31; publication=2025-05-08T06:15:51.774Z; hit_id=urn:ofk:oid:37380244
2026-05-18,Coop Danmark A/S,26259495,coop-danmark-as-2023-aarsrapport-01,official_annual_report_document,http://regnskaber.virk.dk/59495262/amNsb3VkczovLzAzLzZlL2NkL2Q1L2UwLzg0ZmUtNGU1MS1iYzZhLTJjZDQ2MmUzMjFhNg.pdf,200,application/pdf,research/evidence-pack/registry-sources/dk-cvr-2026-05-18/documents/coop-danmark-as/2023-urn_ofk_oid_35820953-01-aarsrapport.pdf,research/evidence-pack/registry-sources/dk-cvr-2026-05-18/headers/coop-danmark-as-2023-urn_ofk_oid_35820953-01-aarsrapport.headers,2c3a44571ade2900fdf302885f17bea0b584a0d9058b8a75adec1fbd591ecf69,period=2023-01-01..2023-12-31; publication=2024-06-04T12:55:48.562Z; hit_id=urn:ofk:oid:35820953
2026-05-18,Coop Danmark A/S,26259495,coop-danmark-as-2023-aarsrapport-02,official_annual_report_document,http://regnskaber.virk.dk/59495262/amNsb3VkczovLzAzLzg3LzVjLzZmLzYwLzE1MmYtNGQ2OS1iY2E1LTI5YjNhYzlmMjk0ZA.xml,200,text/xml,research/evidence-pack/registry-sources/dk-cvr-2026-05-18/documents/coop-danmark-as/2023-urn_ofk_oid_35820953-02-aarsrapport.xml,research/evidence-pack/registry-sources/dk-cvr-2026-05-18/headers/coop-danmark-as-2023-urn_ofk_oid_35820953-02-aarsrapport.headers,5d39159f2cb6913a8ad487bfbcac8e9f117d0891594500e969e9a2785426ca73,period=2023-01-01..2023-12-31; publication=2024-06-04T12:55:48.562Z; hit_id=urn:ofk:oid:35820953
2026-05-18,Coop Danmark A/S,26259495,coop-danmark-as-2022-aarsrapport-01,official_annual_report_document,http://regnskaber.virk.dk/59495262/amNsb3VkczovLzAzL2EzLzJlLzVlL2Q1LzgxNWEtNGE4Ny1iYWE1LTVlOTg4NDc2NWEzOQ.pdf,200,application/pdf,research/evidence-pack/registry-sources/dk-cvr-2026-05-18/documents/coop-danmark-as/2022-urn_ofk_oid_34201615-01-aarsrapport.pdf,research/evidence-pack/registry-sources/dk-cvr-2026-05-18/headers/coop-danmark-as-2022-urn_ofk_oid_34201615-01-aarsrapport.headers,db3e48b35056e2566eb881744671e7e19a66e37aba9d46db223211578236a229,period=2022-01-01..2022-12-31; publication=2023-06-19T12:21:34.856Z; hit_id=urn:ofk:oid:34201615
2026-05-18,Coop Danmark A/S,26259495,coop-danmark-as-2022-aarsrapport-02,official_annual_report_document,http://regnskaber.virk.dk/59495262/amNsb3VkczovLzAzLzgzLzBiLzc1LzliLzI2MWItNDY4Ny05YjVlLWRkMmYwMWVjNDExMQ.xml,200,text/xml,research/evidence-pack/registry-sources/dk-cvr-2026-05-18/documents/coop-danmark-as/2022-urn_ofk_oid_34201615-02-aarsrapport.xml,research/evidence-pack/registry-sources/dk-cvr-2026-05-18/headers/coop-danmark-as-2022-urn_ofk_oid_34201615-02-aarsrapport.headers,2b6a8d3a64ba1afc3d00eb28e955559964bd8d354a965fb3e697c27ef85334e9,period=2022-01-01..2022-12-31; publication=2023-06-19T12:21:34.856Z; hit_id=urn:ofk:oid:34201615
2026-05-18,Coop Danmark A/S,26259495,coop-danmark-as-2022-koncernregnskab_for_overliggende_moder-03,official_annual_report_document,http://regnskaber.virk.dk/59495262/amNsb3VkczovLzAzLzU2L2Q4L2M5LzczLzkzNGMtNGYwNy04NDBmLWRmYWNjYWY2NzRlOA.pdf,200,application/pdf,research/evidence-pack/registry-sources/dk-cvr-2026-05-18/documents/coop-danmark-as/2022-urn_ofk_oid_34201615-03-koncernregnskab_for_overliggende_moder.pdf,research/evidence-pack/registry-sources/dk-cvr-2026-05-18/headers/coop-danmark-as-2022-urn_ofk_oid_34201615-03-koncernregnskab_for_overliggende_moder.headers,1207f45c340bd48c47199b732880096e8915b52c1cde72c2802c29c8a3655058,period=2022-01-01..2022-12-31; publication=2023-06-19T12:21:34.856Z; hit_id=urn:ofk:oid:34201615
2026-05-18,Coop Danmark A/S,26259495,coop-danmark-as-2021-aarsrapport-01,official_annual_report_document,http://regnskaber.virk.dk/59495262/amNsb3VkczovLzAzLzcyLzhjLzM0L2ExL2UxNGQtNDY5NC1iMjNiLWE5NjZiYzc4ZWVhOQ.xml,200,text/xml,research/evidence-pack/registry-sources/dk-cvr-2026-05-18/documents/coop-danmark-as/2021-urn_ofk_oid_32389170-01-aarsrapport.xml,research/evidence-pack/registry-sources/dk-cvr-2026-05-18/headers/coop-danmark-as-2021-urn_ofk_oid_32389170-01-aarsrapport.headers,63364088bba83a82bc52884cb4ade25f6919de8e8e7914562b517337f2275afb,period=2021-01-01..2021-12-31; publication=2022-05-30T12:26:47.365Z; hit_id=urn:ofk:oid:32389170
2026-05-18,Coop Danmark A/S,26259495,coop-danmark-as-2021-aarsrapport-02,official_annual_report_document,http://regnskaber.virk.dk/59495262/amNsb3VkczovLzAzLzQ1Lzg0LzU5LzhlLzU3YzEtNDQyZC1hNDc1LTEyM2MzNDExMGI5YQ.pdf,200,application/pdf,research/evidence-pack/registry-sources/dk-cvr-2026-05-18/documents/coop-danmark-as/2021-urn_ofk_oid_32389170-02-aarsrapport.pdf,research/evidence-pack/registry-sources/dk-cvr-2026-05-18/headers/coop-danmark-as-2021-urn_ofk_oid_32389170-02-aarsrapport.headers,533b862311359510bf495d6a30249f7e13949513e5e253b61310cfca4c811951,period=2021-01-01..2021-12-31; publication=2022-05-30T12:26:47.365Z; hit_id=urn:ofk:oid:32389170
2026-05-18,Coop Danmark A/S,26259495,coop-danmark-as-2020-aarsrapport-01,official_annual_report_document,http://regnskaber.virk.dk/59495262/amNsb3VkczovLzAzLzcxLzdjLzNkLzk1L2RiNmItNGZhZi1hZDkyLTViMzZhYjU1NjE5OA.pdf,200,application/pdf,research/evidence-pack/registry-sources/dk-cvr-2026-05-18/documents/coop-danmark-as/2020-urn_ofk_oid_30663432-01-aarsrapport.pdf,research/evidence-pack/registry-sources/dk-cvr-2026-05-18/headers/coop-danmark-as-2020-urn_ofk_oid_30663432-01-aarsrapport.headers,cf320694070d527a3eda82ef061c682927e87be4b4daebc5c5963f1d08be7738,period=2020-01-01..2020-12-31; publication=2021-06-02T11:21:55.571Z; hit_id=urn:ofk:oid:30663432
2026-05-18,Coop Danmark A/S,26259495,coop-danmark-as-2020-aarsrapport-02,official_annual_report_document,http://regnskaber.virk.dk/59495262/amNsb3VkczovLzAzL2FlLzcxLzAwL2Q3L2U5YjctNDM4NS1hZTdiLWYzMjkyMWE2NDIyNQ.xml,200,text/xml,research/evidence-pack/registry-sources/dk-cvr-2026-05-18/documents/coop-danmark-as/2020-urn_ofk_oid_30663432-02-aarsrapport.xml,research/evidence-pack/registry-sources/dk-cvr-2026-05-18/headers/coop-danmark-as-2020-urn_ofk_oid_30663432-02-aarsrapport.headers,ecdea85cf68f95b0f231c6738846dd33f4f745048281ea9c766cf73907283d12,period=2020-01-01..2020-12-31; publication=2021-06-02T11:21:55.571Z; hit_id=urn:ofk:oid:30663432
2026-05-18,Coop Danmark A/S,26259495,coop-danmark-as-2019-aarsrapport-01,official_annual_report_document,http://regnskaber.virk.dk/59495262/amNsb3VkczovLzAzL2FhLzI5L2ZiLzFhLzRhMjctNGRiNy04NjFlLTQzZTA5N2JiNTE2OA.pdf,200,application/pdf,research/evidence-pack/registry-sources/dk-cvr-2026-05-18/documents/coop-danmark-as/2019-urn_ofk_oid_28865866-01-aarsrapport.pdf,research/evidence-pack/registry-sources/dk-cvr-2026-05-18/headers/coop-danmark-as-2019-urn_ofk_oid_28865866-01-aarsrapport.headers,43cd016c388c523555d5d8bb59d663ea65be611566d834a20cc912210e09f7d1,period=2019-01-01..2019-12-31; publication=2020-05-28T15:00:56.028Z; hit_id=urn:ofk:oid:28865866
2026-05-18,Coop Danmark A/S,26259495,coop-danmark-as-2019-aarsrapport-02,official_annual_report_document,http://regnskaber.virk.dk/59495262/amNsb3VkczovLzAzLzM2LzFjLzNlLzNmL2RlZWEtNGMzYS04ODRmLWQ2ZDQyODNiZDI2Nw.xml,200,text/xml,research/evidence-pack/registry-sources/dk-cvr-2026-05-18/documents/coop-danmark-as/2019-urn_ofk_oid_28865866-02-aarsrapport.xml,research/evidence-pack/registry-sources/dk-cvr-2026-05-18/headers/coop-danmark-as-2019-urn_ofk_oid_28865866-02-aarsrapport.headers,f1315de6178d8ea001e65b5fb7237731903ec03ac53ca2a961d267df492dc426,period=2019-01-01..2019-12-31; publication=2020-05-28T15:00:56.028Z; hit_id=urn:ofk:oid:28865866
2026-05-18,Coop Danmark A/S,26259495,coop-danmark-as-2018-aarsrapport-01,official_annual_report_document,http://regnskaber.virk.dk/59495262/ZG9rdW1lbnRsYWdlcjovLzAzLzgwLzMzLzk2LzM3LzBhZGEtNDFmMS04OGI2LTQ2NGJiNTA5ZmVkZg.xml,200,text/xml,research/evidence-pack/registry-sources/dk-cvr-2026-05-18/documents/coop-danmark-as/2018-urn_ofk_oid_27297039-01-aarsrapport.xml,research/evidence-pack/registry-sources/dk-cvr-2026-05-18/headers/coop-danmark-as-2018-urn_ofk_oid_27297039-01-aarsrapport.headers,bbf4da67340dc9099a37eb861d802b508592b42ca04f340d5097fa7828d394a9,period=2018-01-01..2018-12-31; publication=2019-05-29T12:49:59.136Z; hit_id=urn:ofk:oid:27297039
2026-05-18,Coop Danmark A/S,26259495,coop-danmark-as-2018-aarsrapport-02,official_annual_report_document,http://regnskaber.virk.dk/59495262/ZG9rdW1lbnRsYWdlcjovLzAzL2YzLzNmLzViLzM5L2QxZTktNDFlNC1hNmUxLWE0NmI3MDJhZDhjMg.pdf,200,application/pdf,research/evidence-pack/registry-sources/dk-cvr-2026-05-18/documents/coop-danmark-as/2018-urn_ofk_oid_27297039-02-aarsrapport.pdf,research/evidence-pack/registry-sources/dk-cvr-2026-05-18/headers/coop-danmark-as-2018-urn_ofk_oid_27297039-02-aarsrapport.headers,f7a230d6f943f024b8a218c81c424704dcbb81092997e566175c3e219ee34971,period=2018-01-01..2018-12-31; publication=2019-05-29T12:49:59.136Z; hit_id=urn:ofk:oid:27297039
2026-05-18,Coop Danmark A/S,26259495,coop-danmark-as-2017-aarsrapport-01,official_annual_report_document,http://regnskaber.virk.dk/59495262/ZG9rdW1lbnRsYWdlcjovLzAzLzQ0LzViLzNiL2Y2LzAwNzctNGI2Yi1hYzI0LWI4ODY5OGY4YzQ1Mw.pdf,200,application/pdf,research/evidence-pack/registry-sources/dk-cvr-2026-05-18/documents/coop-danmark-as/2017-urn_ofk_oid_25315249-01-aarsrapport.pdf,research/evidence-pack/registry-sources/dk-cvr-2026-05-18/headers/coop-danmark-as-2017-urn_ofk_oid_25315249-01-aarsrapport.headers,f562fd5f951cc946c64be72def0f1ac22a23133bc9300c0814e5589481831751,period=2017-01-01..2017-12-31; publication=2018-04-17T07:58:28.219Z; hit_id=urn:ofk:oid:25315249
2026-05-18,Coop Danmark A/S,26259495,coop-danmark-as-2017-aarsrapport-02,official_annual_report_document,http://regnskaber.virk.dk/59495262/ZG9rdW1lbnRsYWdlcjovLzAzLzI5LzIxL2YyL2MwLzljMjktNDRjOS05NGU1LTE0ZDc0YTI1MzMzMQ.xml,200,text/xml,research/evidence-pack/registry-sources/dk-cvr-2026-05-18/documents/coop-danmark-as/2017-urn_ofk_oid_25315249-02-aarsrapport.xml,research/evidence-pack/registry-sources/dk-cvr-2026-05-18/headers/coop-danmark-as-2017-urn_ofk_oid_25315249-02-aarsrapport.headers,96714d916f0c00118fc0c18fbf6d2de46f974faeeb61c52adb633a2149c66867,period=2017-01-01..2017-12-31; publication=2018-04-17T07:58:28.219Z; hit_id=urn:ofk:oid:25315249
2026-05-18,Coop Danmark A/S,26259495,coop-danmark-as-2016-aarsrapport-01,official_annual_report_document,http://regnskaber.virk.dk/59495262/ZG9rdW1lbnRsYWdlcjovLzAzLzJiLzIxL2MyLzAzLzA2NmUtNGI1MS04MmEwLWU3MzVkNzEwNDA4Ng.xml,200,text/xml,research/evidence-pack/registry-sources/dk-cvr-2026-05-18/documents/coop-danmark-as/2016-urn_ofk_oid_23942740-01-aarsrapport.xml,research/evidence-pack/registry-sources/dk-cvr-2026-05-18/headers/coop-danmark-as-2016-urn_ofk_oid_23942740-01-aarsrapport.headers,b0a76da8d5bf0738f174fc66b0b7b1b9428b2d3d1041a414f3200d75c7be2bb1,period=2016-01-01..2016-12-31; publication=2017-05-24T16:18:22.471Z; hit_id=urn:ofk:oid:23942740
2026-05-18,Coop Danmark A/S,26259495,coop-danmark-as-2016-aarsrapport-02,official_annual_report_document,http://regnskaber.virk.dk/59495262/ZG9rdW1lbnRsYWdlcjovLzAzLzhiLzg3LzJhLzQwL2ZlOGQtNDE3Ni1hMTFlLWVjMmQzY2NlNzZkYg.pdf,200,application/pdf,research/evidence-pack/registry-sources/dk-cvr-2026-05-18/documents/coop-danmark-as/2016-urn_ofk_oid_23942740-02-aarsrapport.pdf,research/evidence-pack/registry-sources/dk-cvr-2026-05-18/headers/coop-danmark-as-2016-urn_ofk_oid_23942740-02-aarsrapport.headers,38e9b2eb4d7ea0c9594307b34b318b9520935497fffacdc848d7953215a076d4,period=2016-01-01..2016-12-31; publication=2017-05-24T16:18:22.471Z; hit_id=urn:ofk:oid:23942740
2026-05-18,Coop Danmark A/S,26259495,coop-danmark-as-2015-aarsrapport-01,official_annual_report_document,http://regnskaber.virk.dk/59495262/ZG9rdW1lbnRsYWdlcjovLzAzLzlkL2E1LzhmLzY0L2YwOWQtNDVjZi1hNTA2LTk4M2RmMjc1OWRiNQ.pdf,200,application/pdf,research/evidence-pack/registry-sources/dk-cvr-2026-05-18/documents/coop-danmark-as/2015-urn_ofk_oid_22468339-01-aarsrapport.pdf,research/evidence-pack/registry-sources/dk-cvr-2026-05-18/headers/coop-danmark-as-2015-urn_ofk_oid_22468339-01-aarsrapport.headers,60811030875b7ed4b4a6c1be4280ed48bd34d628e6a8c7a77ba91ebcce104866,period=2015-01-01..2015-12-31; publication=2016-05-27T12:34:25.963Z; hit_id=urn:ofk:oid:22468339
2026-05-18,Coop Danmark A/S,26259495,coop-danmark-as-2015-aarsrapport-02,official_annual_report_document,http://regnskaber.virk.dk/59495262/ZG9rdW1lbnRsYWdlcjovLzAzLzM1L2ZjLzQwLzFiLzlmMTMtNGE4MC1iNWNhLWI2Y2EzYmM0ZjM2NQ.xml,200,text/xml,research/evidence-pack/registry-sources/dk-cvr-2026-05-18/documents/coop-danmark-as/2015-urn_ofk_oid_22468339-02-aarsrapport.xml,research/evidence-pack/registry-sources/dk-cvr-2026-05-18/headers/coop-danmark-as-2015-urn_ofk_oid_22468339-02-aarsrapport.headers,4044cf01af92de1458f37f72c0283f81f8ca052b7e858fe53990be7534e7a524,period=2015-01-01..2015-12-31; publication=2016-05-27T12:34:25.963Z; hit_id=urn:ofk:oid:22468339
2026-05-18,Coop Danmark A/S,26259495,coop-danmark-as-2014-aarsrapport-01,official_annual_report_document,http://regnskaber.virk.dk/59495262/ZG9rdW1lbnRsYWdlcjovLzAzL2M5L2RlLzAxLzFmLzk5MGMtNGJkYy1iYTU1LWUyMDE2YjNhOTk0Mg.pdf,200,application/pdf,research/evidence-pack/registry-sources/dk-cvr-2026-05-18/documents/coop-danmark-as/2014-urn_ofk_oid_5238028-01-aarsrapport.pdf,research/evidence-pack/registry-sources/dk-cvr-2026-05-18/headers/coop-danmark-as-2014-urn_ofk_oid_5238028-01-aarsrapport.headers,678ea3a16766933d2f42622ef02be8370d124245a3a19871c9de762e90e9ba53,period=2014-01-01..2014-12-31; publication=2015-05-13T12:38:57.732Z; hit_id=urn:ofk:oid:5238028
2026-05-18,Coop Danmark A/S,26259495,coop-danmark-as-2014-aarsrapport-02,official_annual_report_document,http://regnskaber.virk.dk/59495262/ZG9rdW1lbnRsYWdlcjovLzAzL2NiLzU4LzA5LzZiLzk3OTctNDNmOS05ZTVjLTllNzliMzNmMTExMg.xml,200,text/xml,research/evidence-pack/registry-sources/dk-cvr-2026-05-18/documents/coop-danmark-as/2014-urn_ofk_oid_5238028-02-aarsrapport.xml,research/evidence-pack/registry-sources/dk-cvr-2026-05-18/headers/coop-danmark-as-2014-urn_ofk_oid_5238028-02-aarsrapport.headers,6a4061568062ec4b6d6e5047a13755f16cb72f83ed34a3e665a556e51634274e,period=2014-01-01..2014-12-31; publication=2015-05-13T12:38:57.732Z; hit_id=urn:ofk:oid:5238028
2026-05-18,Coop Danmark A/S,26259495,coop-danmark-as-2013-aarsrapport-01,official_annual_report_document,http://regnskaber.virk.dk/59495262/Y3ZyLmRrOi8veGJybHMvWC00RUUxRTIwOC0yMDE0MDUxMl8xNzUwMTBfMDI2.xml,200,text/xml,research/evidence-pack/registry-sources/dk-cvr-2026-05-18/documents/coop-danmark-as/2013-urn_ofk_oid_20864648-01-aarsrapport.xml,research/evidence-pack/registry-sources/dk-cvr-2026-05-18/headers/coop-danmark-as-2013-urn_ofk_oid_20864648-01-aarsrapport.headers,ad902570e2d9593668fe868cf2236093e2b191879b3431a301a9bedf9a7dd21c,period=2013-01-01..2013-12-31; publication=2014-05-12T22:00:00.000Z; hit_id=urn:ofk:oid:20864648
2026-05-18,Coop Danmark A/S,26259495,coop-danmark-as-2013-aarsrapport-02,official_annual_report_document,http://regnskaber.virk.dk/59495262/Y3ZyLmRrOi8vcGRmcy8yNjI1OTQ5NTtBL1MyOTE0OTc7MjAxMzAxMDE7MjAxMzEyMzE7UjtS.pdf,200,application/pdf,research/evidence-pack/registry-sources/dk-cvr-2026-05-18/documents/coop-danmark-as/2013-urn_ofk_oid_20864648-02-aarsrapport.pdf,research/evidence-pack/registry-sources/dk-cvr-2026-05-18/headers/coop-danmark-as-2013-urn_ofk_oid_20864648-02-aarsrapport.headers,9fe19018d50762508ea31d938a8003e76dd0a3aa55118b946fc7d73729952b73,period=2013-01-01..2013-12-31; publication=2014-05-12T22:00:00.000Z; hit_id=urn:ofk:oid:20864648
2026-05-18,Coop Danmark A/S,26259495,coop-danmark-as-2012-aarsrapport-01,official_annual_report_document,http://regnskaber.virk.dk/59495262/Y3ZyLmRrOi8vcGRmcy8yNjI1OTQ5NTtBL1MyOTE0OTc7MjAxMjAxMDE7MjAxMjEyMzE7UjtS.tif,200,image/tiff,research/evidence-pack/registry-sources/dk-cvr-2026-05-18/documents/coop-danmark-as/2012-urn_ofk_oid_20864646-01-aarsrapport.tif,research/evidence-pack/registry-sources/dk-cvr-2026-05-18/headers/coop-danmark-as-2012-urn_ofk_oid_20864646-01-aarsrapport.headers,7bc61d26a998261fde53287cec70e49b08b8402d471f88a38d81208cba4d30aa,period=2012-01-01..2012-12-31; publication=2013-05-01T22:00:00.000Z; hit_id=urn:ofk:oid:20864646
2026-05-18,Coop Danmark A/S,26259495,coop-danmark-as-2011-aarsrapport-01,official_annual_report_document,http://regnskaber.virk.dk/59495262/Y3ZyLmRrOi8vcGRmcy8yNjI1OTQ5NTtBL1MyOTE0OTc7MjAxMTAxMDE7MjAxMTEyMzE7UjtS.tif,200,image/tiff,research/evidence-pack/registry-sources/dk-cvr-2026-05-18/documents/coop-danmark-as/2011-urn_ofk_oid_20864644-01-aarsrapport.tif,research/evidence-pack/registry-sources/dk-cvr-2026-05-18/headers/coop-danmark-as-2011-urn_ofk_oid_20864644-01-aarsrapport.headers,9a345d5a8124c171bc4ff9c598b020ae0365de0839ec48a8abc78a8e2624bf8d,period=2011-01-01..2011-12-31; publication=2012-05-07T22:00:00.000Z; hit_id=urn:ofk:oid:20864644
2026-05-18,Coop Danmark A/S,26259495,coop-danmark-as-2010-aarsrapport-01,official_annual_report_document,http://regnskaber.virk.dk/59495262/Y3ZyLmRrOi8vcGRmcy8yNjI1OTQ5NTtBL1MyOTE0OTc7MjAxMDAxMDE7MjAxMDEyMzE7UjtS.tif,200,image/tiff,research/evidence-pack/registry-sources/dk-cvr-2026-05-18/documents/coop-danmark-as/2010-urn_ofk_oid_20864642-01-aarsrapport.tif,research/evidence-pack/registry-sources/dk-cvr-2026-05-18/headers/coop-danmark-as-2010-urn_ofk_oid_20864642-01-aarsrapport.headers,cf58a6e45933f38a7c77b100f84db2f7b08233da4aa57871335f2cf9355f8503,period=2010-01-01..2010-12-31; publication=2011-04-14T22:00:00.000Z; hit_id=urn:ofk:oid:20864642
2026-05-18,Coop Danmark A/S,26259495,coop-danmark-as-2009-aarsrapport-01,official_annual_report_document,http://regnskaber.virk.dk/59495262/Y3ZyLmRrOi8vcGRmcy8yNjI1OTQ5NTtBL1MyOTE0OTc7MjAwOTAxMDE7MjAwOTEyMzE7UjtS.tif,200,image/tiff,research/evidence-pack/registry-sources/dk-cvr-2026-05-18/documents/coop-danmark-as/2009-urn_ofk_oid_20864640-01-aarsrapport.tif,research/evidence-pack/registry-sources/dk-cvr-2026-05-18/headers/coop-danmark-as-2009-urn_ofk_oid_20864640-01-aarsrapport.headers,3b80d6a994488177de9cee7273fc6d607e091884f2f95783fbfa82738dc66b35,period=2009-01-01..2009-12-31; publication=2010-06-03T22:00:00.000Z; hit_id=urn:ofk:oid:20864640
2026-05-18,Coop Danmark A/S,26259495,coop-danmark-as-2008-aarsrapport-01,official_annual_report_document,http://regnskaber.virk.dk/59495262/Y3ZyLmRrOi8vcGRmcy8yNjI1OTQ5NTtBL1MyOTE0OTc7MjAwODAxMDE7MjAwODEyMzE7UjtS.tif,200,image/tiff,research/evidence-pack/registry-sources/dk-cvr-2026-05-18/documents/coop-danmark-as/2008-urn_ofk_oid_20864638-01-aarsrapport.tif,research/evidence-pack/registry-sources/dk-cvr-2026-05-18/headers/coop-danmark-as-2008-urn_ofk_oid_20864638-01-aarsrapport.headers,a0c479e1b96c7abefe89b2e53e71217b6d588b9fcdc5ee791346eeaac30a2ea5,period=2008-01-01..2008-12-31; publication=2009-06-08T22:00:00.000Z; hit_id=urn:ofk:oid:20864638
2026-05-18,Coop Danmark A/S,26259495,coop-danmark-as-2007-aarsrapport-01,official_annual_report_document,http://regnskaber.virk.dk/59495262/Y3ZyLmRrOi8vcGRmcy8yNjI1OTQ5NTtBL1MyOTE0OTc7MjAwNzAxMDE7MjAwNzEyMzE7UjtS.tif,200,image/tiff,research/evidence-pack/registry-sources/dk-cvr-2026-05-18/documents/coop-danmark-as/2007-urn_ofk_oid_20864636-01-aarsrapport.tif,research/evidence-pack/registry-sources/dk-cvr-2026-05-18/headers/coop-danmark-as-2007-urn_ofk_oid_20864636-01-aarsrapport.headers,cffcb173a49c7ed9c3aaa2d3c8862d181c4eeb8c72e2d9fb013202803a91b7fc,period=2007-01-01..2007-12-31; publication=2008-06-11T22:00:00.000Z; hit_id=urn:ofk:oid:20864636
2026-05-18,Coop Danmark A/S,26259495,coop-danmark-as-2006-aarsrapport-01,official_annual_report_document,http://regnskaber.virk.dk/59495262/Y3ZyLmRrOi8vcGRmcy8yNjI1OTQ5NTtBL1MyOTE0OTc7MjAwNjAxMDE7MjAwNjEyMzE7UjtS.tif,200,image/tiff,research/evidence-pack/registry-sources/dk-cvr-2026-05-18/documents/coop-danmark-as/2006-urn_ofk_oid_20864634-01-aarsrapport.tif,research/evidence-pack/registry-sources/dk-cvr-2026-05-18/headers/coop-danmark-as-2006-urn_ofk_oid_20864634-01-aarsrapport.headers,ccf6065160e2258c5c53f40d2f923adc228eb34da3df1cb7a3666a8807b460ca,period=2006-01-01..2006-12-31; publication=2007-04-17T22:00:00.000Z; hit_id=urn:ofk:oid:20864634
2026-05-18,Coop Danmark A/S,26259495,coop-danmark-as-2005-aarsrapport-01,official_annual_report_document,http://regnskaber.virk.dk/59495262/Y3ZyLmRrOi8vcGRmcy8yNjI1OTQ5NTtBL1MyOTE0OTc7MjAwNTAxMDE7MjAwNTEyMzE7UjtS.tif,200,image/tiff,research/evidence-pack/registry-sources/dk-cvr-2026-05-18/documents/coop-danmark-as/2005-urn_ofk_oid_20864632-01-aarsrapport.tif,research/evidence-pack/registry-sources/dk-cvr-2026-05-18/headers/coop-danmark-as-2005-urn_ofk_oid_20864632-01-aarsrapport.headers,c2cb6766e80b29fd8f8bcddf7468cea739bbf1b006e86fd4ca345db6910c10e7,period=2005-01-01..2005-12-31; publication=2006-03-14T23:00:00.000Z; hit_id=urn:ofk:oid:20864632
2026-05-18,Coop Danmark A/S,26259495,coop-danmark-as-2004-aarsrapport-01,official_annual_report_document,http://regnskaber.virk.dk/59495262/Y3ZyLmRrOi8vcGRmcy8yNjI1OTQ5NTtBL1MyOTE0OTc7MjAwNDAxMDE7MjAwNDEyMzE7UjtS.tif,200,image/tiff,research/evidence-pack/registry-sources/dk-cvr-2026-05-18/documents/coop-danmark-as/2004-urn_ofk_oid_20864630-01-aarsrapport.tif,research/evidence-pack/registry-sources/dk-cvr-2026-05-18/headers/coop-danmark-as-2004-urn_ofk_oid_20864630-01-aarsrapport.headers,4454a92c3b3318c28e0c1402d9ddc476c231ef1d9f076684bcf630a13d872103,period=2004-01-01..2004-12-31; publication=2005-09-22T22:00:00.000Z; hit_id=urn:ofk:oid:20864630
2026-05-18,Coop Danmark A/S,26259495,coop-danmark-as-2003-aarsrapport-01,official_annual_report_document,http://regnskaber.virk.dk/59495262/Y3ZyLmRrOi8vcGRmcy8yNjI1OTQ5NTtBL1MyOTE0OTc7MjAwMzAxMDE7MjAwMzEyMzE7UjtS.tif,200,image/tiff,research/evidence-pack/registry-sources/dk-cvr-2026-05-18/documents/coop-danmark-as/2003-urn_ofk_oid_20864628-01-aarsrapport.tif,research/evidence-pack/registry-sources/dk-cvr-2026-05-18/headers/coop-danmark-as-2003-urn_ofk_oid_20864628-01-aarsrapport.headers,3aab04fa2078846ce012b780c9b4ee32657bd9b827135fefd9425fd331097ffc,period=2003-01-01..2003-12-31; publication=2004-04-14T22:00:00.000Z; hit_id=urn:ofk:oid:20864628
2026-05-18,Coop Danmark A/S,26259495,coop-danmark-as-2002-aarsrapport-01,official_annual_report_document,http://regnskaber.virk.dk/59495262/Y3ZyLmRrOi8vcGRmcy8yNjI1OTQ5NTtBL1MyOTE0OTc7MjAwMjAxMDE7MjAwMjEyMzE7UjtS.tif,200,image/tiff,research/evidence-pack/registry-sources/dk-cvr-2026-05-18/documents/coop-danmark-as/2002-urn_ofk_oid_20864626-01-aarsrapport.tif,research/evidence-pack/registry-sources/dk-cvr-2026-05-18/headers/coop-danmark-as-2002-urn_ofk_oid_20864626-01-aarsrapport.headers,b251dfa5f7ca6d1948ed345c11fd7d9f714b06f0706773ee25fc9bb7a813944b,period=2002-01-01..2002-12-31; publication=2003-04-01T22:00:00.000Z; hit_id=urn:ofk:oid:20864626
2026-05-18,Coop Danmark A/S,26259495,coop-danmark-as-2001-aarsrapport-01,official_annual_report_document,http://regnskaber.virk.dk/59495262/Y3ZyLmRrOi8vcGRmcy8yNjI1OTQ5NTtBL1MyOTE0OTc7MjAwMTEwMDI7MjAwMTEyMzE7UjtS.tif,200,image/tiff,research/evidence-pack/registry-sources/dk-cvr-2026-05-18/documents/coop-danmark-as/2001-urn_ofk_oid_20864624-01-aarsrapport.tif,research/evidence-pack/registry-sources/dk-cvr-2026-05-18/headers/coop-danmark-as-2001-urn_ofk_oid_20864624-01-aarsrapport.headers,d458d11158a913e469583685e199eebba5cfc280fe1acb6b6773c5a3ec3485a5,period=2001-10-02..2001-12-31; publication=2002-05-07T22:00:00.000Z; hit_id=urn:ofk:oid:20864624
2026-05-18,Salling Group A/S,35954716,salling-group-as-cvr-permanent-virksomhed,official_company_metadata_roles_owners_api,http://distribution.virk.dk/cvr-permanent/virksomhed/_search,401,text/html,research/evidence-pack/registry-sources/dk-cvr-2026-05-18/raw/salling-group-as-cvr-permanent-virksomhed.html,research/evidence-pack/registry-sources/dk-cvr-2026-05-18/headers/salling-group-as-cvr-permanent-virksomhed.headers,9371176869a945e2958e43b349397210a1b72b83f11c67e02e0be1f950254ef2,Requires Basic authentication/API agreement
2026-05-18,Salling Group A/S,35954716,salling-group-as-registreringstekster,official_registration_texts_api,http://distribution.virk.dk/registreringstekster/registreringstekst/_search,401,text/html,research/evidence-pack/registry-sources/dk-cvr-2026-05-18/raw/salling-group-as-registreringstekster.html,research/evidence-pack/registry-sources/dk-cvr-2026-05-18/headers/salling-group-as-registreringstekster.headers,9371176869a945e2958e43b349397210a1b72b83f11c67e02e0be1f950254ef2,Requires Basic authentication/API agreement
2026-05-18,Salling Group A/S,35954716,salling-group-as-offentliggoerelser,official_annual_report_documents_api,http://distribution.virk.dk/offentliggoerelser/_search,200,application/json; charset=UTF-8,research/evidence-pack/registry-sources/dk-cvr-2026-05-18/raw/salling-group-as-offentliggoerelser.json,research/evidence-pack/registry-sources/dk-cvr-2026-05-18/headers/salling-group-as-offentliggoerelser.headers,d85c6b419511d087102f832fb7a3679c811c029b3ef8ac4bcff34eb2ec237f46,
2026-05-18,Salling Group A/S,35954716,salling-group-as-2025-aarsrapport-01,official_annual_report_document,http://regnskaber.virk.dk/61745953/amNsb3VkczovLzAzL2U5L2VhLzVkL2ZlL2NkNmUtNDgxMS04MmE4LTZkMzRmMDkyNzY5OQ.xml,200,text/xml,research/evidence-pack/registry-sources/dk-cvr-2026-05-18/documents/salling-group-as/2025-urn_ofk_oid_39142125-01-aarsrapport.xml,research/evidence-pack/registry-sources/dk-cvr-2026-05-18/headers/salling-group-as-2025-urn_ofk_oid_39142125-01-aarsrapport.headers,fcd08f78dca6ce4b010e77a8c1bd96488e69ee601397c58e488c3560f43dc53e,period=2025-01-01..2025-12-31; publication=2026-04-29T12:56:16.440Z; hit_id=urn:ofk:oid:39142125
2026-05-18,Salling Group A/S,35954716,salling-group-as-2025-aarsrapport-02,official_annual_report_document,http://regnskaber.virk.dk/61745953/amNsb3VkczovLzAzL2U2LzcwLzI5Lzg1LzkyMjMtNDAxOC1iOWU0LTc4ZWU1OTI5YWUxNg.xhtml,200,application/xhtml+xml,research/evidence-pack/registry-sources/dk-cvr-2026-05-18/documents/salling-group-as/2025-urn_ofk_oid_39142125-02-aarsrapport.xhtml,research/evidence-pack/registry-sources/dk-cvr-2026-05-18/headers/salling-group-as-2025-urn_ofk_oid_39142125-02-aarsrapport.headers,3216fb2225ea650d863a2eba5a2001473f26a0602b28df08fee2200fcc21bf9d,period=2025-01-01..2025-12-31; publication=2026-04-29T12:56:16.440Z; hit_id=urn:ofk:oid:39142125
2026-05-18,Salling Group A/S,35954716,salling-group-as-2025-aarsrapport_esef-03,official_annual_report_document,http://regnskaber.virk.dk/61745953/amNsb3VkczovLzAzL2I0LzczLzk1LzZhL2M4ZGQtNDBjNi1hZjJlLTA0ZDFmMmQ0ZjE3Nw.xml,200,text/xml,research/evidence-pack/registry-sources/dk-cvr-2026-05-18/documents/salling-group-as/2025-urn_ofk_oid_39142125-03-aarsrapport_esef.xml,research/evidence-pack/registry-sources/dk-cvr-2026-05-18/headers/salling-group-as-2025-urn_ofk_oid_39142125-03-aarsrapport_esef.headers,dce40d3e866ee7f26229e9a74395c717630dbf222d4d388bd4de901fa16d35ae,period=2025-01-01..2025-12-31; publication=2026-04-29T12:56:16.440Z; hit_id=urn:ofk:oid:39142125
2026-05-18,Salling Group A/S,35954716,salling-group-as-2025-esef_extension-04,official_annual_report_document,http://regnskaber.virk.dk/61745953/amNsb3VkczovLzAzL2NkL2Y0LzM2LzJlLzlkZDYtNDg4Zi04MGU4LWIxNjdhNzJkYTQzMA.zip,200,application/zip,research/evidence-pack/registry-sources/dk-cvr-2026-05-18/documents/salling-group-as/2025-urn_ofk_oid_39142125-04-esef_extension.zip,research/evidence-pack/registry-sources/dk-cvr-2026-05-18/headers/salling-group-as-2025-urn_ofk_oid_39142125-04-esef_extension.headers,425280c943fcf2ec6abd4f5d0fd9e5d967f4596fd2c7fbb5581456b5273e6e27,period=2025-01-01..2025-12-31; publication=2026-04-29T12:56:16.440Z; hit_id=urn:ofk:oid:39142125
2026-05-18,Salling Group A/S,35954716,salling-group-as-2024-aarsrapport-01,official_annual_report_document,http://regnskaber.virk.dk/61745953/amNsb3VkczovLzAzLzg3L2JlL2FjL2MxLzE0M2MtNDhjNC05NjI5LTBjZDM4ZGZjZmE1Yw.pdf,200,application/pdf,research/evidence-pack/registry-sources/dk-cvr-2026-05-18/documents/salling-group-as/2024-urn_ofk_oid_37318171-01-aarsrapport.pdf,research/evidence-pack/registry-sources/dk-cvr-2026-05-18/headers/salling-group-as-2024-urn_ofk_oid_37318171-01-aarsrapport.headers,998ea74201fd71ded0776f8f7defaf1ccded843e982e2daa5c3709eeedfb20b8,period=2024-01-01..2024-12-31; publication=2025-04-28T14:00:57.808Z; hit_id=urn:ofk:oid:37318171
2026-05-18,Salling Group A/S,35954716,salling-group-as-2024-aarsrapport-02,official_annual_report_document,http://regnskaber.virk.dk/61745953/amNsb3VkczovLzAzL2FmLzRhL2RhLzMyL2JjZWUtNGIzOS04Yzg0LTg0OThlMTc4MTIxMg.xml,200,text/xml,research/evidence-pack/registry-sources/dk-cvr-2026-05-18/documents/salling-group-as/2024-urn_ofk_oid_37318171-02-aarsrapport.xml,research/evidence-pack/registry-sources/dk-cvr-2026-05-18/headers/salling-group-as-2024-urn_ofk_oid_37318171-02-aarsrapport.headers,02395bee8da9888d47b2a398d0974f8ee75816628a8622c9da79d58804ecde27,period=2024-01-01..2024-12-31; publication=2025-04-28T14:00:57.808Z; hit_id=urn:ofk:oid:37318171
2026-05-18,Salling Group A/S,35954716,salling-group-as-2024-ifrs_extension-03,official_annual_report_document,http://regnskaber.virk.dk/61745953/amNsb3VkczovLzAzLzg3LzM3Lzc4LzBhL2E5OGItNDc2Yi1iZDg5LTk4NWQwZjA4MTVmOQ.zip,200,application/zip,research/evidence-pack/registry-sources/dk-cvr-2026-05-18/documents/salling-group-as/2024-urn_ofk_oid_37318171-03-ifrs_extension.zip,research/evidence-pack/registry-sources/dk-cvr-2026-05-18/headers/salling-group-as-2024-urn_ofk_oid_37318171-03-ifrs_extension.headers,1867876a536b2c399e75b62ff961aecfdeaf80034ea5bccee4cc1d6fe466f325,period=2024-01-01..2024-12-31; publication=2025-04-28T14:00:57.808Z; hit_id=urn:ofk:oid:37318171
2026-05-18,Salling Group A/S,35954716,salling-group-as-2023-aarsrapport-01,official_annual_report_document,http://regnskaber.virk.dk/61745953/amNsb3VkczovLzAzLzIwLzdlLzlkL2E0LzZkMmEtNDlhNC1iNWZhLWIxNGMzZDZlZjc4Ng.pdf,200,application/pdf,research/evidence-pack/registry-sources/dk-cvr-2026-05-18/documents/salling-group-as/2023-urn_ofk_oid_35603370-01-aarsrapport.pdf,research/evidence-pack/registry-sources/dk-cvr-2026-05-18/headers/salling-group-as-2023-urn_ofk_oid_35603370-01-aarsrapport.headers,9f9fc7e58b833b675ed96071bf9a5eee447ad83083648e846fd9973e3ce9cf1b,period=2023-01-01..2023-12-31; publication=2024-04-29T09:05:55.098Z; hit_id=urn:ofk:oid:35603370
2026-05-18,Salling Group A/S,35954716,salling-group-as-2023-aarsrapport-02,official_annual_report_document,http://regnskaber.virk.dk/61745953/amNsb3VkczovLzAzLzI4LzhhL2MzLzJjL2E0MTAtNDhkYi04YjZkLWM1ZTY2YTE1YWI0Nw.xml,200,text/xml,research/evidence-pack/registry-sources/dk-cvr-2026-05-18/documents/salling-group-as/2023-urn_ofk_oid_35603370-02-aarsrapport.xml,research/evidence-pack/registry-sources/dk-cvr-2026-05-18/headers/salling-group-as-2023-urn_ofk_oid_35603370-02-aarsrapport.headers,99acda878eb16d63241915431673c26db3108fd78ad0196cfa884693efced0d6,period=2023-01-01..2023-12-31; publication=2024-04-29T09:05:55.098Z; hit_id=urn:ofk:oid:35603370
2026-05-18,Salling Group A/S,35954716,salling-group-as-2023-ifrs_extension-03,official_annual_report_document,http://regnskaber.virk.dk/61745953/amNsb3VkczovLzAzL2RlLzUzLzcwL2MwLzM3NWYtNDIyOC1iYTRmLWNjNTkxYzI0NTI1Mg.zip,200,application/zip,research/evidence-pack/registry-sources/dk-cvr-2026-05-18/documents/salling-group-as/2023-urn_ofk_oid_35603370-03-ifrs_extension.zip,research/evidence-pack/registry-sources/dk-cvr-2026-05-18/headers/salling-group-as-2023-urn_ofk_oid_35603370-03-ifrs_extension.headers,c116162893156c1dc2d0bff80efd707b3b118d91b5d288142efa932ca3b68b89,period=2023-01-01..2023-12-31; publication=2024-04-29T09:05:55.098Z; hit_id=urn:ofk:oid:35603370
2026-05-18,Salling Group A/S,35954716,salling-group-as-2022-aarsrapport-01,official_annual_report_document,http://regnskaber.virk.dk/61745953/amNsb3VkczovLzAzLzhjL2NhLzAyLzZlL2MwZWUtNGE5NC04MTliLTE3NTE3ZDU4ZmEzOQ.pdf,200,application/pdf,research/evidence-pack/registry-sources/dk-cvr-2026-05-18/documents/salling-group-as/2022-urn_ofk_oid_33926014-01-aarsrapport.pdf,research/evidence-pack/registry-sources/dk-cvr-2026-05-18/headers/salling-group-as-2022-urn_ofk_oid_33926014-01-aarsrapport.headers,af509d5d87ef0d4ef3c482db5426ec2e809095ef0a3fc5987d6f04ae15be9c68,period=2022-01-01..2022-12-31; publication=2023-05-09T07:36:40.488Z; hit_id=urn:ofk:oid:33926014
2026-05-18,Salling Group A/S,35954716,salling-group-as-2022-aarsrapport-02,official_annual_report_document,http://regnskaber.virk.dk/61745953/amNsb3VkczovLzAzLzk1LzMwLzc2LzJjLzVmMTEtNGMzOS05OTk2LWM0MTRjMzAwMmNkNw.xml,200,text/xml,research/evidence-pack/registry-sources/dk-cvr-2026-05-18/documents/salling-group-as/2022-urn_ofk_oid_33926014-02-aarsrapport.xml,research/evidence-pack/registry-sources/dk-cvr-2026-05-18/headers/salling-group-as-2022-urn_ofk_oid_33926014-02-aarsrapport.headers,c659902df6a4b22e1e766984328dc2284b62076449d7279960029cfecd193d2f,period=2022-01-01..2022-12-31; publication=2023-05-09T07:36:40.488Z; hit_id=urn:ofk:oid:33926014
2026-05-18,Salling Group A/S,35954716,salling-group-as-2022-ifrs_extension-03,official_annual_report_document,http://regnskaber.virk.dk/61745953/amNsb3VkczovLzAzLzIxLzA1L2QyL2I1Lzg5ZjgtNDQ0MC05ZTI0LTk0Mzk0NTEzOTRmYw.zip,200,application/zip,research/evidence-pack/registry-sources/dk-cvr-2026-05-18/documents/salling-group-as/2022-urn_ofk_oid_33926014-03-ifrs_extension.zip,research/evidence-pack/registry-sources/dk-cvr-2026-05-18/headers/salling-group-as-2022-urn_ofk_oid_33926014-03-ifrs_extension.headers,4083dda9795659fbf5635a1d308d3c13e78020165a854e91439c3b615416ece5,period=2022-01-01..2022-12-31; publication=2023-05-09T07:36:40.488Z; hit_id=urn:ofk:oid:33926014
2026-05-18,Salling Group A/S,35954716,salling-group-as-2021-aarsrapport-01,official_annual_report_document,http://regnskaber.virk.dk/61745953/amNsb3VkczovLzAzL2FjLzhkLzNkL2FkLzhkNmYtNDNmZi04ZGZmLWM3ZDI2MGU1ODc1Zg.pdf,200,application/pdf,research/evidence-pack/registry-sources/dk-cvr-2026-05-18/documents/salling-group-as/2021-urn_ofk_oid_32227802-01-aarsrapport.pdf,research/evidence-pack/registry-sources/dk-cvr-2026-05-18/headers/salling-group-as-2021-urn_ofk_oid_32227802-01-aarsrapport.headers,e608a6b830dc9b1457cf92a514a3871c485198da6c412ff189dcb198b2b1f4b1,period=2021-01-01..2021-12-31; publication=2022-05-03T11:02:09.032Z; hit_id=urn:ofk:oid:32227802
2026-05-18,Salling Group A/S,35954716,salling-group-as-2021-aarsrapport-02,official_annual_report_document,http://regnskaber.virk.dk/61745953/amNsb3VkczovLzAzLzc4LzAwLzk2L2I5L2MxZjctNGE4Zi04MzNlLTkxYzM2YzE5ZjY5Nw.xml,200,text/xml,research/evidence-pack/registry-sources/dk-cvr-2026-05-18/documents/salling-group-as/2021-urn_ofk_oid_32227802-02-aarsrapport.xml,research/evidence-pack/registry-sources/dk-cvr-2026-05-18/headers/salling-group-as-2021-urn_ofk_oid_32227802-02-aarsrapport.headers,03a6f99b5d177f97334ff59e5e07cf12543d880b410410d935867ce44d058b43,period=2021-01-01..2021-12-31; publication=2022-05-03T11:02:09.032Z; hit_id=urn:ofk:oid:32227802
2026-05-18,Salling Group A/S,35954716,salling-group-as-2021-ifrs_extension-03,official_annual_report_document,http://regnskaber.virk.dk/61745953/amNsb3VkczovLzAzL2VmLzM3Lzg5LzQwL2FjNjItNDRjYi04OTMwLTJkY2I5ZWFmODgwOA.zip,200,application/zip,research/evidence-pack/registry-sources/dk-cvr-2026-05-18/documents/salling-group-as/2021-urn_ofk_oid_32227802-03-ifrs_extension.zip,research/evidence-pack/registry-sources/dk-cvr-2026-05-18/headers/salling-group-as-2021-urn_ofk_oid_32227802-03-ifrs_extension.headers,fc623a87acc22b9894c7ccd4216cf45309d8e6681be21a4beae3cec88a7ffe1a,period=2021-01-01..2021-12-31; publication=2022-05-03T11:02:09.032Z; hit_id=urn:ofk:oid:32227802
2026-05-18,Salling Group A/S,35954716,salling-group-as-2020-aarsrapport-01,official_annual_report_document,http://regnskaber.virk.dk/61745953/amNsb3VkczovLzAzL2ZiL2ZkLzc4L2NkLzBlMGItNDIyNC05Mzc5LTIxMWVjODcyNTY2NA.pdf,200,application/pdf,research/evidence-pack/registry-sources/dk-cvr-2026-05-18/documents/salling-group-as/2020-urn_ofk_oid_30418898-01-aarsrapport.pdf,research/evidence-pack/registry-sources/dk-cvr-2026-05-18/headers/salling-group-as-2020-urn_ofk_oid_30418898-01-aarsrapport.headers,8e1105ccea87d70a697c7c78d8e1f4d8cca7e6bb40032c995754a225909f64ff,period=2020-01-01..2020-12-31; publication=2021-04-21T11:00:53.565Z; hit_id=urn:ofk:oid:30418898
2026-05-18,Salling Group A/S,35954716,salling-group-as-2020-aarsrapport-02,official_annual_report_document,http://regnskaber.virk.dk/61745953/amNsb3VkczovLzAzL2ZlL2FlLzdhL2QxLzA3MWQtNDMzOS1iZDI4LTkzOThlNTk4YWM4OA.xml,200,text/xml,research/evidence-pack/registry-sources/dk-cvr-2026-05-18/documents/salling-group-as/2020-urn_ofk_oid_30418898-02-aarsrapport.xml,research/evidence-pack/registry-sources/dk-cvr-2026-05-18/headers/salling-group-as-2020-urn_ofk_oid_30418898-02-aarsrapport.headers,d4da3d87a27f9cbda37088b3ecf5422a02dabc031eabeb80b46f2f9ff2bf624d,period=2020-01-01..2020-12-31; publication=2021-04-21T11:00:53.565Z; hit_id=urn:ofk:oid:30418898
2026-05-18,Salling Group A/S,35954716,salling-group-as-2020-ifrs_extension-03,official_annual_report_document,http://regnskaber.virk.dk/61745953/amNsb3VkczovLzAzLzYxLzc1LzQwL2I3L2RhNDYtNDMxOS1hYThiLTNkYWIzNGFkY2I2NQ.zip,200,application/zip,research/evidence-pack/registry-sources/dk-cvr-2026-05-18/documents/salling-group-as/2020-urn_ofk_oid_30418898-03-ifrs_extension.zip,research/evidence-pack/registry-sources/dk-cvr-2026-05-18/headers/salling-group-as-2020-urn_ofk_oid_30418898-03-ifrs_extension.headers,b30652594b02ac46b4fd7142b8e4c3d704388a9e805cc7fad234517a8d37fc11,period=2020-01-01..2020-12-31; publication=2021-04-21T11:00:53.565Z; hit_id=urn:ofk:oid:30418898
2026-05-18,Salling Group A/S,35954716,salling-group-as-2019-aarsrapport-01,official_annual_report_document,http://regnskaber.virk.dk/61745953/amNsb3VkczovLzAzL2Y1LzY2LzA3LzMwL2FmNTAtNGMzOC1iM2YwLWQ2NTkwZjllZGQ4ZQ.xml,200,text/xml,research/evidence-pack/registry-sources/dk-cvr-2026-05-18/documents/salling-group-as/2019-urn_ofk_oid_28713194-01-aarsrapport.xml,research/evidence-pack/registry-sources/dk-cvr-2026-05-18/headers/salling-group-as-2019-urn_ofk_oid_28713194-01-aarsrapport.headers,2eea98c9cb511ab08cf0eb23d5efdc09b2ca755375220e93afd4ab98a9916f24,period=2019-01-01..2019-12-31; publication=2020-04-29T16:41:29.886Z; hit_id=urn:ofk:oid:28713194
2026-05-18,Salling Group A/S,35954716,salling-group-as-2019-aarsrapport-02,official_annual_report_document,http://regnskaber.virk.dk/61745953/amNsb3VkczovLzAzLzgyL2U4L2I5L2Q5LzIyY2EtNDk2OC05YWFkLTMxNTBhZTMzZjE2Ng.pdf,200,application/pdf,research/evidence-pack/registry-sources/dk-cvr-2026-05-18/documents/salling-group-as/2019-urn_ofk_oid_28713194-02-aarsrapport.pdf,research/evidence-pack/registry-sources/dk-cvr-2026-05-18/headers/salling-group-as-2019-urn_ofk_oid_28713194-02-aarsrapport.headers,382eb232ad67b89ec2435c9f3068b9254f5bbc85764bca03eaf7583c5c9cdcd8,period=2019-01-01..2019-12-31; publication=2020-04-29T16:41:29.886Z; hit_id=urn:ofk:oid:28713194
2026-05-18,Salling Group A/S,35954716,salling-group-as-2019-redegoerelse_for_omgoerelse-03,official_annual_report_document,http://regnskaber.virk.dk/61745953/amNsb3VkczovLzAzLzFkLzE0LzU1Lzc4LzVmMmEtNGM3Zi1hYzI0LTNlMDQ1ZDAzYTY2Yg.pdf,200,application/pdf,research/evidence-pack/registry-sources/dk-cvr-2026-05-18/documents/salling-group-as/2019-urn_ofk_oid_28713194-03-redegoerelse_for_omgoerelse.pdf,research/evidence-pack/registry-sources/dk-cvr-2026-05-18/headers/salling-group-as-2019-urn_ofk_oid_28713194-03-redegoerelse_for_omgoerelse.headers,15ec05c29f5a4a2fcaf170b43c132de4ec938d497c62e8074ede49a384c7b80b,period=2019-01-01..2019-12-31; publication=2020-04-29T16:41:29.886Z; hit_id=urn:ofk:oid:28713194
2026-05-18,Salling Group A/S,35954716,salling-group-as-2019-ifrs_extension-04,official_annual_report_document,http://regnskaber.virk.dk/61745953/amNsb3VkczovLzAzL2U3LzQwL2VmLzc0Lzk4ZmMtNDA2ZC05YTYwLTk2MjVmYjY0N2RmYQ.zip,200,application/zip,research/evidence-pack/registry-sources/dk-cvr-2026-05-18/documents/salling-group-as/2019-urn_ofk_oid_28713194-04-ifrs_extension.zip,research/evidence-pack/registry-sources/dk-cvr-2026-05-18/headers/salling-group-as-2019-urn_ofk_oid_28713194-04-ifrs_extension.headers,bbed4af74be1ee905d8eb79368997480ccd76d8d0d7943f92a88ba0cb567eed2,period=2019-01-01..2019-12-31; publication=2020-04-29T16:41:29.886Z; hit_id=urn:ofk:oid:28713194
2026-05-18,Salling Group A/S,35954716,salling-group-as-2018-ifrs_extension-01,official_annual_report_document,http://regnskaber.virk.dk/61745953/ZG9rdW1lbnRsYWdlcjovLzAzLzRlL2VkLzZjLzRkLzI2NzktNGFmNi1iOWQ3LWE3MmYwNGEwNjZlZg.zip,200,application/zip,research/evidence-pack/registry-sources/dk-cvr-2026-05-18/documents/salling-group-as/2018-urn_ofk_oid_27152548-01-ifrs_extension.zip,research/evidence-pack/registry-sources/dk-cvr-2026-05-18/headers/salling-group-as-2018-urn_ofk_oid_27152548-01-ifrs_extension.headers,acd7d6af651088aa0d2af66d2d4dfcd4f0496c3c07de25f73ac2d52374e4819b,period=2018-01-01..2018-12-31; publication=2019-05-16T06:48:11.399Z; hit_id=urn:ofk:oid:27152548
2026-05-18,Salling Group A/S,35954716,salling-group-as-2018-aarsrapport-02,official_annual_report_document,http://regnskaber.virk.dk/61745953/ZG9rdW1lbnRsYWdlcjovLzAzLzc1L2RiLzUzL2UxL2Y4YTgtNGJmYi04M2JjLWY0YjE1OTcyYjdjZA.pdf,200,application/pdf,research/evidence-pack/registry-sources/dk-cvr-2026-05-18/documents/salling-group-as/2018-urn_ofk_oid_27152548-02-aarsrapport.pdf,research/evidence-pack/registry-sources/dk-cvr-2026-05-18/headers/salling-group-as-2018-urn_ofk_oid_27152548-02-aarsrapport.headers,f493abc4f91597ab9aad1c2b48030e057aa06335aa17a5670b2e9fad86d0d95a,period=2018-01-01..2018-12-31; publication=2019-05-16T06:48:11.399Z; hit_id=urn:ofk:oid:27152548
2026-05-18,Salling Group A/S,35954716,salling-group-as-2018-aarsrapport-03,official_annual_report_document,http://regnskaber.virk.dk/61745953/ZG9rdW1lbnRsYWdlcjovLzAzLzQ4LzRjL2NlLzQzLzQ3YjgtNGNmYy04NTliLTMwZmM0YTkyN2FjMQ.xml,200,text/xml,research/evidence-pack/registry-sources/dk-cvr-2026-05-18/documents/salling-group-as/2018-urn_ofk_oid_27152548-03-aarsrapport.xml,research/evidence-pack/registry-sources/dk-cvr-2026-05-18/headers/salling-group-as-2018-urn_ofk_oid_27152548-03-aarsrapport.headers,cc27ebc5f755ec8d11eb8edb126c85e348227afe66b6ad99722440052797177e,period=2018-01-01..2018-12-31; publication=2019-05-16T06:48:11.399Z; hit_id=urn:ofk:oid:27152548
2026-05-18,Salling Group A/S,35954716,salling-group-as-2017-aarsrapport-01,official_annual_report_document,http://regnskaber.virk.dk/61745953/ZG9rdW1lbnRsYWdlcjovLzAzL2RiL2JkLzk5L2UyLzFlMGEtNGE4NS1iZDhjLTMxODY3NGQ0MzUyOQ.pdf,200,application/pdf,research/evidence-pack/registry-sources/dk-cvr-2026-05-18/documents/salling-group-as/2017-urn_ofk_oid_25401089-01-aarsrapport.pdf,research/evidence-pack/registry-sources/dk-cvr-2026-05-18/headers/salling-group-as-2017-urn_ofk_oid_25401089-01-aarsrapport.headers,58aedd94ad396028f618eff53b45fa0132a004bcfd1f596f4ad88efdbebdba38,period=2017-01-01..2017-12-31; publication=2018-05-03T08:58:41.555Z; hit_id=urn:ofk:oid:25401089
2026-05-18,Salling Group A/S,35954716,salling-group-as-2017-aarsrapport-02,official_annual_report_document,http://regnskaber.virk.dk/61745953/ZG9rdW1lbnRsYWdlcjovLzAzLzM0LzM0LzdjLzA2L2UxZDUtNDdiZS05MTYwLWE2ZDZkYTBjYTliMA.xml,200,text/xml,research/evidence-pack/registry-sources/dk-cvr-2026-05-18/documents/salling-group-as/2017-urn_ofk_oid_25401089-02-aarsrapport.xml,research/evidence-pack/registry-sources/dk-cvr-2026-05-18/headers/salling-group-as-2017-urn_ofk_oid_25401089-02-aarsrapport.headers,17b7b939f550b07a7bcdc85540390844719b780784640cd7270c6315a1297626,period=2017-01-01..2017-12-31; publication=2018-05-03T08:58:41.555Z; hit_id=urn:ofk:oid:25401089
2026-05-18,Salling Group A/S,35954716,salling-group-as-2017-ifrs_extension-03,official_annual_report_document,http://regnskaber.virk.dk/61745953/ZG9rdW1lbnRsYWdlcjovLzAzLzIzL2QzLzZmL2Y2LzllN2EtNDY1ZS1iNzYzLTJmMzNkYjRiNTAyZg.zip,200,application/zip,research/evidence-pack/registry-sources/dk-cvr-2026-05-18/documents/salling-group-as/2017-urn_ofk_oid_25401089-03-ifrs_extension.zip,research/evidence-pack/registry-sources/dk-cvr-2026-05-18/headers/salling-group-as-2017-urn_ofk_oid_25401089-03-ifrs_extension.headers,6c0c0d9d0d7d0aefc03006b4a64f76f1d19752f490bfe1ad4d9d5a791575152d,period=2017-01-01..2017-12-31; publication=2018-05-03T08:58:41.555Z; hit_id=urn:ofk:oid:25401089
2026-05-18,Salling Group A/S,35954716,salling-group-as-2016-ifrs_extension-01,official_annual_report_document,http://regnskaber.virk.dk/61745953/ZG9rdW1lbnRsYWdlcjovLzAzLzZhLzJhLzFiLzMyLzIzMzAtNDE1My05ZmFhLTcyNmM4NTkzNWJlYQ.zip,200,application/zip,research/evidence-pack/registry-sources/dk-cvr-2026-05-18/documents/salling-group-as/2016-urn_ofk_oid_23767440-01-ifrs_extension.zip,research/evidence-pack/registry-sources/dk-cvr-2026-05-18/headers/salling-group-as-2016-urn_ofk_oid_23767440-01-ifrs_extension.headers,88491ecd3d8442fcb444325f34e85ab43beba8f9f7318df14276f83ea531a6a1,period=2016-01-01..2016-12-31; publication=2017-04-26T15:26:21.135Z; hit_id=urn:ofk:oid:23767440
2026-05-18,Salling Group A/S,35954716,salling-group-as-2016-aarsrapport-02,official_annual_report_document,http://regnskaber.virk.dk/61745953/ZG9rdW1lbnRsYWdlcjovLzAzL2I0LzQ4L2JjLzdmLzYzMjUtNDVjYi1hNjcwLTQ0ZTc2ZGJlOTAzYQ.pdf,200,application/pdf,research/evidence-pack/registry-sources/dk-cvr-2026-05-18/documents/salling-group-as/2016-urn_ofk_oid_23767440-02-aarsrapport.pdf,research/evidence-pack/registry-sources/dk-cvr-2026-05-18/headers/salling-group-as-2016-urn_ofk_oid_23767440-02-aarsrapport.headers,10aed5c679efd39742c394b08e74b725ce024f52de00aaa5a9c91fe12a4041d6,period=2016-01-01..2016-12-31; publication=2017-04-26T15:26:21.135Z; hit_id=urn:ofk:oid:23767440
2026-05-18,Salling Group A/S,35954716,salling-group-as-2016-aarsrapport-03,official_annual_report_document,http://regnskaber.virk.dk/61745953/ZG9rdW1lbnRsYWdlcjovLzAzL2MxL2I5L2NiL2U4LzA2NzAtNDY5Zi1hZTNiLTIxYzI2OWJkMzVmMQ.xml,200,text/xml,research/evidence-pack/registry-sources/dk-cvr-2026-05-18/documents/salling-group-as/2016-urn_ofk_oid_23767440-03-aarsrapport.xml,research/evidence-pack/registry-sources/dk-cvr-2026-05-18/headers/salling-group-as-2016-urn_ofk_oid_23767440-03-aarsrapport.headers,b67a187d9ad3294a37f7df2de40db8ad96c915d7c277a2cc9ed215b894b4af34,period=2016-01-01..2016-12-31; publication=2017-04-26T15:26:21.135Z; hit_id=urn:ofk:oid:23767440
2026-05-18,Salling Group A/S,35954716,salling-group-as-2015-aarsrapport-01,official_annual_report_document,http://regnskaber.virk.dk/61745953/ZG9rdW1lbnRsYWdlcjovLzAzLzQyL2Y0LzgzL2Q4LzBiYTEtNDQzMi1hNjYwLTQ2OTA4MjM1NjczMQ.xml,200,text/xml,research/evidence-pack/registry-sources/dk-cvr-2026-05-18/documents/salling-group-as/2015-urn_ofk_oid_22236964-01-aarsrapport.xml,research/evidence-pack/registry-sources/dk-cvr-2026-05-18/headers/salling-group-as-2015-urn_ofk_oid_22236964-01-aarsrapport.headers,cdefd81e8ac4c63742ce117b693cdd8c6f423f0b8127646c6ca5b0f2f73bee6e,period=2015-01-01..2015-12-31; publication=2016-04-15T14:37:43.638Z; hit_id=urn:ofk:oid:22236964
2026-05-18,Salling Group A/S,35954716,salling-group-as-2015-aarsrapport-02,official_annual_report_document,http://regnskaber.virk.dk/61745953/ZG9rdW1lbnRsYWdlcjovLzAzL2MwLzhiLzcyL2JiL2Y1YzYtNDFjNy1hOWUwLWZhOTAwMmM5YTExMw.pdf,200,application/pdf,research/evidence-pack/registry-sources/dk-cvr-2026-05-18/documents/salling-group-as/2015-urn_ofk_oid_22236964-02-aarsrapport.pdf,research/evidence-pack/registry-sources/dk-cvr-2026-05-18/headers/salling-group-as-2015-urn_ofk_oid_22236964-02-aarsrapport.headers,515d8951609e1a14046352876bb78338d4f643cf2c6ea34ea93bbf60d8bf5864,period=2015-01-01..2015-12-31; publication=2016-04-15T14:37:43.638Z; hit_id=urn:ofk:oid:22236964
2026-05-18,Salling Group A/S,35954716,salling-group-as-2015-ifrs_extension-03,official_annual_report_document,http://regnskaber.virk.dk/61745953/ZG9rdW1lbnRsYWdlcjovLzAzL2M4LzU0L2ZhLzUzLzYxYTUtNDBjOS1iMmJjLWMwNmNhOWUyNjc5Yw.zip,200,application/zip,research/evidence-pack/registry-sources/dk-cvr-2026-05-18/documents/salling-group-as/2015-urn_ofk_oid_22236964-03-ifrs_extension.zip,research/evidence-pack/registry-sources/dk-cvr-2026-05-18/headers/salling-group-as-2015-urn_ofk_oid_22236964-03-ifrs_extension.headers,6b5fa84ca6618bbbcb54cdc68af12ddbb65d143e5e9d645721fd62aaf35b5c24,period=2015-01-01..2015-12-31; publication=2016-04-15T14:37:43.638Z; hit_id=urn:ofk:oid:22236964
2026-05-18,Salling Group A/S,35954716,salling-group-as-2014-aarsrapport-01,official_annual_report_document,http://regnskaber.virk.dk/61745953/ZG9rdW1lbnRsYWdlcjovLzAzL2JjL2Q2LzY1Lzk3LzA3OGUtNDUzNS05YjgzLTk1ZDkxYWQzZjdiMg.pdf,200,application/pdf,research/evidence-pack/registry-sources/dk-cvr-2026-05-18/documents/salling-group-as/2014-urn_ofk_oid_5244567-01-aarsrapport.pdf,research/evidence-pack/registry-sources/dk-cvr-2026-05-18/headers/salling-group-as-2014-urn_ofk_oid_5244567-01-aarsrapport.headers,a5a8b492764bbab765c3553d7cec11d42a72d95999c768b51bb3f5091adc8a73,period=2014-01-01..2014-12-31; publication=2015-05-15T20:33:06.507Z; hit_id=urn:ofk:oid:5244567
2026-05-18,Salling Group A/S,35954716,salling-group-as-2014-aarsrapport-02,official_annual_report_document,http://regnskaber.virk.dk/61745953/ZG9rdW1lbnRsYWdlcjovLzAzLzhjL2ExL2E2L2M5L2ZkNGEtNDkxMi1hNzc4LTYxOTk3M2NmYmUxZg.xml,200,text/xml,research/evidence-pack/registry-sources/dk-cvr-2026-05-18/documents/salling-group-as/2014-urn_ofk_oid_5244567-02-aarsrapport.xml,research/evidence-pack/registry-sources/dk-cvr-2026-05-18/headers/salling-group-as-2014-urn_ofk_oid_5244567-02-aarsrapport.headers,965e79f85c1c622bb1cdc2171da0b55524e77ce2796b505eb0819e7dc174815f,period=2014-01-01..2014-12-31; publication=2015-05-15T20:33:06.507Z; hit_id=urn:ofk:oid:5244567
2026-05-18,Salling Group A/S,35954716,salling-group-as-2013-aarsrapport-01,official_annual_report_document,http://regnskaber.virk.dk/61745953/Y3ZyLmRrOi8vcGRmcy8zNTk1NDcxNjtBL1MzNTg1NTsyMDEzMDEwMTsyMDEzMTIzMTtSO1I.pdf,200,application/pdf,research/evidence-pack/registry-sources/dk-cvr-2026-05-18/documents/salling-group-as/2013-urn_ofk_oid_21173439-01-aarsrapport.pdf,research/evidence-pack/registry-sources/dk-cvr-2026-05-18/headers/salling-group-as-2013-urn_ofk_oid_21173439-01-aarsrapport.headers,428a09dad45cb90f2832755a3e9cf56d29f75aa54e361bf325b45603d03dab2c,period=2013-01-01..2013-12-31; publication=2014-04-15T22:00:00.000Z; hit_id=urn:ofk:oid:21173439
2026-05-18,Salling Group A/S,35954716,salling-group-as-2013-aarsrapport-02,official_annual_report_document,http://regnskaber.virk.dk/61745953/Y3ZyLmRrOi8veGJybHMvWC1GNzI4QURBRi0yMDE0MDQxNV8xNTM2NDRfNDY5.xml,200,text/xml,research/evidence-pack/registry-sources/dk-cvr-2026-05-18/documents/salling-group-as/2013-urn_ofk_oid_21173439-02-aarsrapport.xml,research/evidence-pack/registry-sources/dk-cvr-2026-05-18/headers/salling-group-as-2013-urn_ofk_oid_21173439-02-aarsrapport.headers,e6481dee5181eb6c243a6b59a89984ad7bdd2873e4a9a9f66d3d42828df6f219,period=2013-01-01..2013-12-31; publication=2014-04-15T22:00:00.000Z; hit_id=urn:ofk:oid:21173439
2026-05-18,Salling Group A/S,35954716,salling-group-as-2012-aarsrapport-01,official_annual_report_document,http://regnskaber.virk.dk/61745953/Y3ZyLmRrOi8vcGRmcy8zNTk1NDcxNjtBL1MzNTg1NTsyMDEyMDEwMTsyMDEyMTIzMTtSO1I.tif,200,image/tiff,research/evidence-pack/registry-sources/dk-cvr-2026-05-18/documents/salling-group-as/2012-urn_ofk_oid_21173437-01-aarsrapport.tif,research/evidence-pack/registry-sources/dk-cvr-2026-05-18/headers/salling-group-as-2012-urn_ofk_oid_21173437-01-aarsrapport.headers,a95686048197335a27a6aaba7cc38297f367a6720f96a640d77cc197d1b30e8c,period=2012-01-01..2012-12-31; publication=2013-03-19T23:00:00.000Z; hit_id=urn:ofk:oid:21173437
2026-05-18,Salling Group A/S,35954716,salling-group-as-2011-aarsrapport-01,official_annual_report_document,http://regnskaber.virk.dk/61745953/Y3ZyLmRrOi8vcGRmcy8zNTk1NDcxNjtBL1MzNTg1NTsyMDExMDEwMTsyMDExMTIzMTtSO1I.tif,200,image/tiff,research/evidence-pack/registry-sources/dk-cvr-2026-05-18/documents/salling-group-as/2011-urn_ofk_oid_21173435-01-aarsrapport.tif,research/evidence-pack/registry-sources/dk-cvr-2026-05-18/headers/salling-group-as-2011-urn_ofk_oid_21173435-01-aarsrapport.headers,c344455b0e29a15d38401852883a5464f10d9e0562113194a3394ce0f82b7558,period=2011-01-01..2011-12-31; publication=2012-03-11T23:00:00.000Z; hit_id=urn:ofk:oid:21173435
2026-05-18,Salling Group A/S,35954716,salling-group-as-2010-aarsrapport-01,official_annual_report_document,http://regnskaber.virk.dk/61745953/Y3ZyLmRrOi8vcGRmcy8zNTk1NDcxNjtBL1MzNTg1NTsyMDEwMDEwMTsyMDEwMTIzMTtSO1I.tif,200,image/tiff,research/evidence-pack/registry-sources/dk-cvr-2026-05-18/documents/salling-group-as/2010-urn_ofk_oid_21173433-01-aarsrapport.tif,research/evidence-pack/registry-sources/dk-cvr-2026-05-18/headers/salling-group-as-2010-urn_ofk_oid_21173433-01-aarsrapport.headers,aa060eef35ce1e39060669d17ff9677b9fbd93c07b513e3b19a6140dcad20dd5,period=2010-01-01..2010-12-31; publication=2011-03-08T23:00:00.000Z; hit_id=urn:ofk:oid:21173433
2026-05-18,Salling Group A/S,35954716,salling-group-as-2009-aarsrapport-01,official_annual_report_document,http://regnskaber.virk.dk/61745953/Y3ZyLmRrOi8vcGRmcy8zNTk1NDcxNjtBL1MzNTg1NTsyMDA5MDEwMTsyMDA5MTIzMTtSO1I.tif,200,image/tiff,research/evidence-pack/registry-sources/dk-cvr-2026-05-18/documents/salling-group-as/2009-urn_ofk_oid_21173431-01-aarsrapport.tif,research/evidence-pack/registry-sources/dk-cvr-2026-05-18/headers/salling-group-as-2009-urn_ofk_oid_21173431-01-aarsrapport.headers,534a0917297ff9850ee4e2747d11bdfe9a337df94f7bedccd2455230a92fb0f8,period=2009-01-01..2009-12-31; publication=2010-03-18T23:00:00.000Z; hit_id=urn:ofk:oid:21173431
2026-05-18,Salling Group A/S,35954716,salling-group-as-2008-aarsrapport-01,official_annual_report_document,http://regnskaber.virk.dk/61745953/Y3ZyLmRrOi8vcGRmcy8zNTk1NDcxNjtBL1MzNTg1NTsyMDA4MDEwMTsyMDA4MTIzMTtSO1I.tif,200,image/tiff,research/evidence-pack/registry-sources/dk-cvr-2026-05-18/documents/salling-group-as/2008-urn_ofk_oid_21173429-01-aarsrapport.tif,research/evidence-pack/registry-sources/dk-cvr-2026-05-18/headers/salling-group-as-2008-urn_ofk_oid_21173429-01-aarsrapport.headers,ff31db6db2cbfad9864d2ac2d64697bd6adc6465b5eedcf62d46b29ef39cf76f,period=2008-01-01..2008-12-31; publication=2009-04-22T22:00:00.000Z; hit_id=urn:ofk:oid:21173429
2026-05-18,Salling Group A/S,35954716,salling-group-as-2007-aarsrapport-01,official_annual_report_document,http://regnskaber.virk.dk/61745953/Y3ZyLmRrOi8vcGRmcy8zNTk1NDcxNjtBL1MzNTg1NTsyMDA3MDEwMTsyMDA3MTIzMTtSO1I.tif,200,image/tiff,research/evidence-pack/registry-sources/dk-cvr-2026-05-18/documents/salling-group-as/2007-urn_ofk_oid_21173427-01-aarsrapport.tif,research/evidence-pack/registry-sources/dk-cvr-2026-05-18/headers/salling-group-as-2007-urn_ofk_oid_21173427-01-aarsrapport.headers,3c0362a7982ac7d40c7daf5695fa0cabac464233810a863f699efa2fa13ce20a,period=2007-01-01..2007-12-31; publication=2008-04-23T22:00:00.000Z; hit_id=urn:ofk:oid:21173427
2026-05-18,Salling Group A/S,35954716,salling-group-as-2006-aarsrapport-01,official_annual_report_document,http://regnskaber.virk.dk/61745953/Y3ZyLmRrOi8vcGRmcy8zNTk1NDcxNjtBL1MzNTg1NTsyMDA2MDEwMTsyMDA2MTIzMTtSO1I.tif,200,image/tiff,research/evidence-pack/registry-sources/dk-cvr-2026-05-18/documents/salling-group-as/2006-urn_ofk_oid_21173425-01-aarsrapport.tif,research/evidence-pack/registry-sources/dk-cvr-2026-05-18/headers/salling-group-as-2006-urn_ofk_oid_21173425-01-aarsrapport.headers,f3629f9d1fdd758900c23f4a2d942dba32077595b88f83f9d7cde1575fc801f8,period=2006-01-01..2006-12-31; publication=2007-04-24T22:00:00.000Z; hit_id=urn:ofk:oid:21173425
2026-05-18,Salling Group A/S,35954716,salling-group-as-2005-aarsrapport-01,official_annual_report_document,http://regnskaber.virk.dk/61745953/Y3ZyLmRrOi8vcGRmcy8zNTk1NDcxNjtBL1MzNTg1NTsyMDA1MDEwMTsyMDA1MTIzMTtSO1I.tif,200,image/tiff,research/evidence-pack/registry-sources/dk-cvr-2026-05-18/documents/salling-group-as/2005-urn_ofk_oid_21173423-01-aarsrapport.tif,research/evidence-pack/registry-sources/dk-cvr-2026-05-18/headers/salling-group-as-2005-urn_ofk_oid_21173423-01-aarsrapport.headers,9bd0d4f72bc1d88ea5e3e63d796b465ade314421dc26649530f59b0555309a39,period=2005-01-01..2005-12-31; publication=2006-04-11T22:00:00.000Z; hit_id=urn:ofk:oid:21173423
2026-05-18,Salling Group A/S,35954716,salling-group-as-2004-aarsrapport-01,official_annual_report_document,http://regnskaber.virk.dk/61745953/Y3ZyLmRrOi8vcGRmcy8zNTk1NDcxNjtBL1MzNTg1NTsyMDA0MDkwMTsyMDA0MTIzMTtSO1I.tif,200,image/tiff,research/evidence-pack/registry-sources/dk-cvr-2026-05-18/documents/salling-group-as/2004-urn_ofk_oid_21173421-01-aarsrapport.tif,research/evidence-pack/registry-sources/dk-cvr-2026-05-18/headers/salling-group-as-2004-urn_ofk_oid_21173421-01-aarsrapport.headers,9a25ab155d4d7cf43db8051abd05d12255e0b411d90a6d3bcd03034db5e52640,period=2004-09-01..2004-12-31; publication=2005-04-27T22:00:00.000Z; hit_id=urn:ofk:oid:21173421
2026-05-18,Salling Group A/S,35954716,salling-group-as-2004-aarsrapport-01,official_annual_report_document,http://regnskaber.virk.dk/61745953/Y3ZyLmRrOi8vcGRmcy8zNTk1NDcxNjtBL1MzNTg1NTsyMDAzMDkwMTsyMDA0MDgzMTtSO1I.tif,200,image/tiff,research/evidence-pack/registry-sources/dk-cvr-2026-05-18/documents/salling-group-as/2004-urn_ofk_oid_21173419-01-aarsrapport.tif,research/evidence-pack/registry-sources/dk-cvr-2026-05-18/headers/salling-group-as-2004-urn_ofk_oid_21173419-01-aarsrapport.headers,f47ca6facdcc7ebfe2ecd7a1960c4c672bb3a14d522ed371bc6b31887beabd86,period=2003-09-01..2004-08-31; publication=2005-01-25T23:00:00.000Z; hit_id=urn:ofk:oid:21173419
2026-05-18,Salling Group A/S,35954716,salling-group-as-2003-aarsrapport-01,official_annual_report_document,http://regnskaber.virk.dk/61745953/Y3ZyLmRrOi8vcGRmcy8zNTk1NDcxNjtBL1MzNTg1NTsyMDAyMDkwMTsyMDAzMDgzMTtSO1I.tif,200,image/tiff,research/evidence-pack/registry-sources/dk-cvr-2026-05-18/documents/salling-group-as/2003-urn_ofk_oid_21173417-01-aarsrapport.tif,research/evidence-pack/registry-sources/dk-cvr-2026-05-18/headers/salling-group-as-2003-urn_ofk_oid_21173417-01-aarsrapport.headers,9aa2256fe31020f37ca8b66e8541fecb74a352f60a19600ae980897e2332cae0,period=2002-09-01..2003-08-31; publication=2004-01-25T23:00:00.000Z; hit_id=urn:ofk:oid:21173417
2026-05-18,Salling Group A/S,35954716,salling-group-as-2002-aarsrapport-01,official_annual_report_document,http://regnskaber.virk.dk/61745953/Y3ZyLmRrOi8vcGRmcy8zNTk1NDcxNjtBL1MzNTg1NTsyMDAxMDkwMTsyMDAyMDgzMTtSO1I.tif,200,image/tiff,research/evidence-pack/registry-sources/dk-cvr-2026-05-18/documents/salling-group-as/2002-urn_ofk_oid_21173415-01-aarsrapport.tif,research/evidence-pack/registry-sources/dk-cvr-2026-05-18/headers/salling-group-as-2002-urn_ofk_oid_21173415-01-aarsrapport.headers,a8508e200aa3010220cfa5a03113496fb0e8fad9691cc3013e8168dcc764d232,period=2001-09-01..2002-08-31; publication=2003-02-04T23:00:00.000Z; hit_id=urn:ofk:oid:21173415
2026-05-18,Salling Group A/S,35954716,salling-group-as-2001-aarsrapport-01,official_annual_report_document,http://regnskaber.virk.dk/61745953/Y3ZyLmRrOi8vcGRmcy8zNTk1NDcxNjtBL1MzNTg1NTsyMDAwMDkwMTsyMDAxMDgzMTtSO1I.tif,200,image/tiff,research/evidence-pack/registry-sources/dk-cvr-2026-05-18/documents/salling-group-as/2001-urn_ofk_oid_21173413-01-aarsrapport.tif,research/evidence-pack/registry-sources/dk-cvr-2026-05-18/headers/salling-group-as-2001-urn_ofk_oid_21173413-01-aarsrapport.headers,39d57d34ff7bb3daa4243d23908ec6bfb69caf40b86bebe883940527102da14f,period=2000-09-01..2001-08-31; publication=2002-02-05T23:00:00.000Z; hit_id=urn:ofk:oid:21173413
2026-05-18,Salling Group A/S,35954716,salling-group-as-2000-aarsrapport-01,official_annual_report_document,http://regnskaber.virk.dk/61745953/Y3ZyLmRrOi8vcGRmcy8zNTk1NDcxNjtBL1MzNTg1NTsxOTk5MDkwMTsyMDAwMDgzMTtSO1I.tif,200,image/tiff,research/evidence-pack/registry-sources/dk-cvr-2026-05-18/documents/salling-group-as/2000-urn_ofk_oid_21173411-01-aarsrapport.tif,research/evidence-pack/registry-sources/dk-cvr-2026-05-18/headers/salling-group-as-2000-urn_ofk_oid_21173411-01-aarsrapport.headers,eb56995e812cf6eebb114e88efa6ee185def54f7eb70336bca1fe98a0f45af5c,period=1999-09-01..2000-08-31; publication=2001-02-18T23:00:00.000Z; hit_id=urn:ofk:oid:21173411
2026-05-18,Salling Group A/S,35954716,salling-group-as-1999-aarsrapport-01,official_annual_report_document,http://regnskaber.virk.dk/61745953/Y3ZyLmRrOi8vcGRmcy8zNTk1NDcxNjtBL1MzNTg1NTsxOTk4MDkwMTsxOTk5MDgzMTtSO1I.tif,200,image/tiff,research/evidence-pack/registry-sources/dk-cvr-2026-05-18/documents/salling-group-as/1999-urn_ofk_oid_21173409-01-aarsrapport.tif,research/evidence-pack/registry-sources/dk-cvr-2026-05-18/headers/salling-group-as-1999-urn_ofk_oid_21173409-01-aarsrapport.headers,3fe17bea3e81be262c4d042ea4e53294994513a2a024c6389e9c5f60f06ce9e1,period=1998-09-01..1999-08-31; publication=2000-02-22T23:00:00.000Z; hit_id=urn:ofk:oid:21173409
2026-05-18,Salling Group A/S,35954716,salling-group-as-1998-aarsrapport-01,official_annual_report_document,http://regnskaber.virk.dk/61745953/Y3ZyLmRrOi8vcGRmcy8zNTk1NDcxNjtBL1MzNTg1NTsxOTk3MDkwMTsxOTk4MDgzMTtSO1I.tif,200,image/tiff,research/evidence-pack/registry-sources/dk-cvr-2026-05-18/documents/salling-group-as/1998-urn_ofk_oid_21173407-01-aarsrapport.tif,research/evidence-pack/registry-sources/dk-cvr-2026-05-18/headers/salling-group-as-1998-urn_ofk_oid_21173407-01-aarsrapport.headers,05b2a920765d9727bc18cd0faf262b1be3a8fcea0179b61ee56ca6d6b48f9d89,period=1997-09-01..1998-08-31; publication=1999-02-16T23:00:00.000Z; hit_id=urn:ofk:oid:21173407
2026-05-18,Salling Group A/S,35954716,salling-group-as-1997-aarsrapport-01,official_annual_report_document,http://regnskaber.virk.dk/61745953/Y3ZyLmRrOi8vcGRmcy8zNTk1NDcxNjtBL1MzNTg1NTsxOTk2MDkwMTsxOTk3MDgzMTtSO1I.tif,200,image/tiff,research/evidence-pack/registry-sources/dk-cvr-2026-05-18/documents/salling-group-as/1997-urn_ofk_oid_21173405-01-aarsrapport.tif,research/evidence-pack/registry-sources/dk-cvr-2026-05-18/headers/salling-group-as-1997-urn_ofk_oid_21173405-01-aarsrapport.headers,c78e45eee9c2351ae5cad29ee6f4a1fed0e2c8d416035ab92182d6a3cde7ab63,period=1996-09-01..1997-08-31; publication=1998-02-18T23:00:00.000Z; hit_id=urn:ofk:oid:21173405
2026-05-18,Salling Group A/S,35954716,salling-group-as-1996-aarsrapport-01,official_annual_report_document,http://regnskaber.virk.dk/61745953/Y3ZyLmRrOi8vcGRmcy8zNTk1NDcxNjtBL1MzNTg1NTsxOTk1MDkwMTsxOTk2MDgzMTtSO1I.tif,200,image/tiff,research/evidence-pack/registry-sources/dk-cvr-2026-05-18/documents/salling-group-as/1996-urn_ofk_oid_21173402-01-aarsrapport.tif,research/evidence-pack/registry-sources/dk-cvr-2026-05-18/headers/salling-group-as-1996-urn_ofk_oid_21173402-01-aarsrapport.headers,8ae8c8a86f767824331e00733dfd463474d0f7b4f00980f900abe1bc6c2badf2,period=1995-09-01..1996-08-31; publication=1997-03-03T23:00:00.000Z; hit_id=urn:ofk:oid:21173402
2026-05-18,Salling Group A/S,35954716,salling-group-as-1995-aarsrapport-01,official_annual_report_document,http://regnskaber.virk.dk/61745953/Y3ZyLmRrOi8vcGRmcy8zNTk1NDcxNjtBL1MzNTg1NTsxOTk0MDkwMTsxOTk1MDgzMTtSO1I.tif,200,image/tiff,research/evidence-pack/registry-sources/dk-cvr-2026-05-18/documents/salling-group-as/1995-urn_ofk_oid_21173399-01-aarsrapport.tif,research/evidence-pack/registry-sources/dk-cvr-2026-05-18/headers/salling-group-as-1995-urn_ofk_oid_21173399-01-aarsrapport.headers,fd6b21abd28b995679e66d8d63de6004f25c1a64ecba58e336e49add33b29fec,period=1994-09-01..1995-08-31; publication=1996-04-10T22:00:00.000Z; hit_id=urn:ofk:oid:21173399
2026-05-18,Coop Danmark A/S,26259495,coop-danmark-as-hentVirksomhed,official_company_metadata_frontend_json,https://datacvr.virk.dk/virksomhed/hentVirksomhed?cvrnummer=26259495,403,text/html; charset=UTF-8,research/evidence-pack/registry-sources/dk-cvr-2026-05-18/raw/coop-danmark-as-hentVirksomhed.html,research/evidence-pack/registry-sources/dk-cvr-2026-05-18/headers/coop-danmark-as-hentVirksomhed.headers,d54e988fe7644ad9a563a9d8c5589a5e3da4067e0d23b1d0a8f065e71cf93e52,Cookie-sequenced after public CVR UI landing; Cloudflare challenge / JS-gated in this environment
2026-05-18,Coop Danmark A/S,26259495,coop-danmark-as-hentAktiveEjerforhold,official_current_owners_frontend_json,https://datacvr.virk.dk/virksomhed/hentAktiveEjerforhold?cvrnummer=26259495,403,text/html; charset=UTF-8,research/evidence-pack/registry-sources/dk-cvr-2026-05-18/raw/coop-danmark-as-hentAktiveEjerforhold.html,research/evidence-pack/registry-sources/dk-cvr-2026-05-18/headers/coop-danmark-as-hentAktiveEjerforhold.headers,884400f0cdeccc3d5fc6598ad97485e2993da1f6f16c2b702b8299c546b47566,Cookie-sequenced after public CVR UI landing; Cloudflare challenge / JS-gated in this environment
2026-05-18,Coop Danmark A/S,26259495,coop-danmark-as-hentOphoerteEjerforhold,official_historical_owners_frontend_json,https://datacvr.virk.dk/virksomhed/hentOphoerteEjerforhold?cvrnummer=26259495,403,text/html; charset=UTF-8,research/evidence-pack/registry-sources/dk-cvr-2026-05-18/raw/coop-danmark-as-hentOphoerteEjerforhold.html,research/evidence-pack/registry-sources/dk-cvr-2026-05-18/headers/coop-danmark-as-hentOphoerteEjerforhold.headers,481d492800508e080afb28e9018a00802cb1a035b95add3563096e615a68b247,Cookie-sequenced after public CVR UI landing; Cloudflare challenge / JS-gated in this environment
2026-05-18,Salling Group A/S,35954716,salling-group-as-hentVirksomhed,official_company_metadata_frontend_json,https://datacvr.virk.dk/virksomhed/hentVirksomhed?cvrnummer=35954716,403,text/html; charset=UTF-8,research/evidence-pack/registry-sources/dk-cvr-2026-05-18/raw/salling-group-as-hentVirksomhed.html,research/evidence-pack/registry-sources/dk-cvr-2026-05-18/headers/salling-group-as-hentVirksomhed.headers,26e603f0f5c32be4c08f9318006813f36a6eb0a5f7b847df2af0b54a93557c86,Cookie-sequenced after public CVR UI landing; Cloudflare challenge / JS-gated in this environment
2026-05-18,Salling Group A/S,35954716,salling-group-as-hentAktiveEjerforhold,official_current_owners_frontend_json,https://datacvr.virk.dk/virksomhed/hentAktiveEjerforhold?cvrnummer=35954716,403,text/html; charset=UTF-8,research/evidence-pack/registry-sources/dk-cvr-2026-05-18/raw/salling-group-as-hentAktiveEjerforhold.html,research/evidence-pack/registry-sources/dk-cvr-2026-05-18/headers/salling-group-as-hentAktiveEjerforhold.headers,fb6bb9d317bd30eff6fc9922210f1566eeaf9dafe6306046d9d5afa282f100c3,Cookie-sequenced after public CVR UI landing; Cloudflare challenge / JS-gated in this environment
2026-05-18,Salling Group A/S,35954716,salling-group-as-hentOphoerteEjerforhold,official_historical_owners_frontend_json,https://datacvr.virk.dk/virksomhed/hentOphoerteEjerforhold?cvrnummer=35954716,403,text/html; charset=UTF-8,research/evidence-pack/registry-sources/dk-cvr-2026-05-18/raw/salling-group-as-hentOphoerteEjerforhold.html,research/evidence-pack/registry-sources/dk-cvr-2026-05-18/headers/salling-group-as-hentOphoerteEjerforhold.headers,4a5c383168256c38cd9bed5468c8396ac26b82fa46cd6cf439bda114394534cf,Cookie-sequenced after public CVR UI landing; Cloudflare challenge / JS-gated in this environment
2026-05-18,,,datacvr-view-enhedsvisning-js,official_company_ui_app_bundle,https://datacvr.virk.dk/js/view-Enhedsvisning.943aab05.js,200,text/javascript,research/evidence-pack/registry-sources/dk-cvr-2026-05-18/raw/datacvr-view-enhedsvisning.943aab05.js,research/evidence-pack/registry-sources/dk-cvr-2026-05-18/headers/datacvr-view-enhedsvisning-js.headers,bf7cdd51cf2edf547bfe8ee63837d6f6fc2f9bb71d4867067128072213ea4d41,Used to identify frontend JSON endpoint names; public JS bundle.
2026-05-18,,,datacvr-app-js,official_company_ui_app_bundle,https://datacvr.virk.dk/js/app.10c34034.js,200,text/javascript,research/evidence-pack/registry-sources/dk-cvr-2026-05-18/raw/datacvr-app.10c34034.js,research/evidence-pack/registry-sources/dk-cvr-2026-05-18/headers/datacvr-app.10c34034.js.headers,f48d8dcfb7de3b8c539ce87d6e175b4065b4df55d7cf8e8e5c1f17aebf842f3f,Used to identify frontend JSON endpoint names; public JS bundle.
2026-05-18,,,datacvr-chunk-vendors-js,official_company_ui_app_bundle,https://datacvr.virk.dk/js/chunk-vendors.57a8214e.js,200,text/javascript,research/evidence-pack/registry-sources/dk-cvr-2026-05-18/raw/datacvr-chunk-vendors.57a8214e.js,research/evidence-pack/registry-sources/dk-cvr-2026-05-18/headers/datacvr-chunk-vendors.57a8214e.js.headers,d623a02d65d11f70be876ffc7139e70a2e9a38bdf47dcedd936d18fd27d51127,Public JS bundle dependency.
