target,status,operation,confidence,document_id,typed_id,existing_id,source_path,import_file_path,filename,document_title,promoted_title,review_action,title_remediation_status,current_target_links,reason_codes,reason_summary,payload_preview
Thesis,updated,update,medium,cmo7cfjfw000ezo0dgez09d69,thesis-food-bef4051e02de,thesis-food-bef4051e02de,Food Research Process 20.04.26/03_Policy_Governance_And_Market/Effekter-av-innkjopssamarbeid-i-det-norske-dagligvaremarkedet-masteroppgave-2015.pdf,incoming/food-research-process-2026-04-20/03-policy-governance-and-market/bef4051e02-effekter-av-innkjopssamarbeid-i-det-norske-dagligvaremarkedet-masteroppgave-2015.pdf,Effekter-av-innkjopssamarbeid-i-det-norske-dagligvaremarkedet-masteroppgave-2015.pdf,Microsoft Word - Masteroppgave revidert 3.docx,Microsoft Word - Masteroppgave revidert 3.docx,import,clear,Thesis:thesis-food-bef4051e02de,document-already-linked-to-thesis,document-already-linked-to-thesis,"{""id"":""thesis-food-bef4051e02de"",""authors"":""Kare Helvik Morken"",""institution"":""Universitetet i Bergen, Institutt for okonomi"",""year"":2015,""title"":""Effekter av innkjopssamarbeid i det norske dagligvaremarkedet - En litteraturstudie"",""titleNo"":null,""url"":""https://hdl.handle.net/1956/10899"",""synthesis"":""Litteraturstudie av hvordan innkjopssamarbeid paverker konkurranse og velferd i norsk dagligvare. Oppgaven konkluderer med at slike samarbeid oker risikoen for hoyere sluttbrukerpriser og lavere konsumentvelferd uten tydelig gevinst for samlet velferd."",""keyFindings"":[],""tags"":[""batch:food-research-process-2026-04-20"",""policy-governance-market"",""03_Policy_Governance_And_Market""],""takeaways"":[],""method"":null,""awardWinning"":false,""degree"":""master"",""doi"":null,""isbn"":null,""publisher"":null,""accessDate"":null,""documentId"":""cmo7cfjfw000ezo0dgez09d69""}"
Thesis,updated,update,low,cmo7cfjvp001gzo0de8n9rsaa,thesis-food-49a5e899db68,thesis-food-49a5e899db68,Food Research Process 20.04.26/04_Food_Waste_And_Circularity/Resource-Recovery-surplus-bread-thesis.pdf,incoming/food-research-process-2026-04-20/04-food-waste-and-circularity/49a5e899db-resource-recovery-surplus-bread-thesis.pdf,Resource-Recovery-surplus-bread-thesis.pdf,Prevention and valorisation of surplus bread at the supplier–retailer interface,Prevention and valorisation of surplus bread at the supplier–retailer interface,import,clear,Thesis:thesis-food-49a5e899db68,document-already-linked-to-thesis,document-already-linked-to-thesis,"{""id"":""thesis-food-49a5e899db68"",""authors"":""Pedro Luz Brancoli"",""institution"":""University of Boras, Faculty of Textiles, Engineering and Business"",""year"":2021,""title"":""Prevention and valorisation of surplus bread at the supplier-retailer interface"",""titleNo"":null,""url"":""https://urn.kb.se/resolve?urn=urn:nbn:se:hb:diva-26454"",""synthesis"":""Doktoravhandlingen kvantifiserer svensk brodsvinn og viser at take-back-avtaler mellom bakeri og retail er en sentral driver for overproduksjon og svinn. Den finner ogsa at forebygging, donasjon og dyrefor gir bedre miljoresultater enn anaerob nedbrytning og forbrenning."",""keyFindings"":[],""tags"":[""batch:food-research-process-2026-04-20"",""food-waste-circularity"",""04_Food_Waste_And_Circularity""],""takeaways"":[],""method"":null,""awardWinning"":false,""degree"":""master"",""doi"":null,""isbn"":null,""publisher"":null,""accessDate"":null,""documentId"":""cmo7cfjvp001gzo0de8n9rsaa""}"
Thesis,skip,none,high,cmo7cfkx40032zo0dry52p719,thesis-food-85e4cae388ae,,Food Research Process 20.04.26/07_Academic_Research_And_Theses/806685_Master_Thesis_Assessment_of_Grocery_eCommerce_in_Scandinavia_jumi18ab.pdf,incoming/food-research-process-2026-04-20/07-academic-research-and-theses/85e4cae388-806685-master-thesis-assessment-of-grocery-ecommerce-in-scandinavia-jumi18ab.pdf,806685_Master_Thesis_Assessment_of_Grocery_eCommerce_in_Scandinavia_jumi18ab.pdf,Assessment of Grocery eCommerce in Scandinavia,Assessment of Grocery eCommerce in Scandinavia,skip,clear,,review-action-not-import,review-action-not-import,{}
Thesis,skip,none,low,cmo7cfl020038zo0dcofpmf18,thesis-food-f2e9e64b954a,,Food Research Process 20.04.26/07_Academic_Research_And_Theses/Bilgic2025tht_VoR.pdf,incoming/food-research-process-2026-04-20/07-academic-research-and-theses/f2e9e64b95-bilgic2025tht-vor.pdf,Bilgic2025tht_VoR.pdf,untitled,untitled,import,blocked,,unresolved-title-remediation,unresolved-title-remediation,{}
Thesis,skip,none,low,cmo7cfl0k0039zo0d906yig9q,thesis-food-e627428c942b,,Food Research Process 20.04.26/07_Academic_Research_And_Theses/cellar_1fefebb0-1b4e-11ee-806b-01aa75ed71a1.0001.02_DOC_2.pdf,incoming/food-research-process-2026-04-20/07-academic-research-and-theses/e627428c94-cellar-1fefebb0-1b4e-11ee-806b-01aa75ed71a1-0001-02-doc-2.pdf,cellar_1fefebb0-1b4e-11ee-806b-01aa75ed71a1.0001.02_DOC_2.pdf,cellar 1fefebb0 1b4e 11ee 806b 01aa75ed71a1 0001 02 DOC 2,cellar 1fefebb0 1b4e 11ee 806b 01aa75ed71a1 0001 02 DOC 2,import,clear,,thesis-metadata-too-weak:authors+institution+year+url+synthesis+title-quality,thesis-metadata-too-weak:authors+institution+year+url+synthesis+title-quality,"{""id"":""thesis-food-e627428c942b"",""authors"":"""",""institution"":"""",""year"":0,""title"":""cellar 1fefebb0 1b4e 11ee 806b 01aa75ed71a1 0001 02 DOC 2"",""titleNo"":null,""url"":"""",""synthesis"":"""",""keyFindings"":[],""tags"":[""batch:food-research-process-2026-04-20"",""academic-research"",""07_Academic_Research_And_Theses""],""takeaways"":[],""method"":null,""awardWinning"":false,""degree"":""master"",""doi"":null,""isbn"":null,""publisher"":null,""accessDate"":null,""documentId"":""cmo7cfl0k0039zo0d906yig9q""}"
Thesis,skip,none,low,cmo7cfl12003azo0dfsuwhrxl,thesis-food-b2260530c2af,,Food Research Process 20.04.26/07_Academic_Research_And_Theses/cellar_1fefebb0-1b4e-11ee-806b-01aa75ed71a1.0001.02_DOC_3.pdf,incoming/food-research-process-2026-04-20/07-academic-research-and-theses/b2260530c2-cellar-1fefebb0-1b4e-11ee-806b-01aa75ed71a1-0001-02-doc-3.pdf,cellar_1fefebb0-1b4e-11ee-806b-01aa75ed71a1.0001.02_DOC_3.pdf,cellar 1fefebb0 1b4e 11ee 806b 01aa75ed71a1 0001 02 DOC 3,cellar 1fefebb0 1b4e 11ee 806b 01aa75ed71a1 0001 02 DOC 3,import,clear,,thesis-metadata-too-weak:authors+institution+year+url+synthesis+title-quality,thesis-metadata-too-weak:authors+institution+year+url+synthesis+title-quality,"{""id"":""thesis-food-b2260530c2af"",""authors"":"""",""institution"":"""",""year"":0,""title"":""cellar 1fefebb0 1b4e 11ee 806b 01aa75ed71a1 0001 02 DOC 3"",""titleNo"":null,""url"":"""",""synthesis"":"""",""keyFindings"":[],""tags"":[""batch:food-research-process-2026-04-20"",""academic-research"",""07_Academic_Research_And_Theses""],""takeaways"":[],""method"":null,""awardWinning"":false,""degree"":""master"",""doi"":null,""isbn"":null,""publisher"":null,""accessDate"":null,""documentId"":""cmo7cfl12003azo0dfsuwhrxl""}"
Thesis,skip,none,low,cmo7cfl1m003bzo0dl1p4idl3,thesis-food-4c1e829dd694,,Food Research Process 20.04.26/07_Academic_Research_And_Theses/cellar_1fefebb0-1b4e-11ee-806b-01aa75ed71a1.0001.02_DOC_4.pdf,incoming/food-research-process-2026-04-20/07-academic-research-and-theses/4c1e829dd6-cellar-1fefebb0-1b4e-11ee-806b-01aa75ed71a1-0001-02-doc-4.pdf,cellar_1fefebb0-1b4e-11ee-806b-01aa75ed71a1.0001.02_DOC_4.pdf,cellar 1fefebb0 1b4e 11ee 806b 01aa75ed71a1 0001 02 DOC 4,cellar 1fefebb0 1b4e 11ee 806b 01aa75ed71a1 0001 02 DOC 4,import,clear,,thesis-metadata-too-weak:authors+institution+year+url+synthesis+title-quality,thesis-metadata-too-weak:authors+institution+year+url+synthesis+title-quality,"{""id"":""thesis-food-4c1e829dd694"",""authors"":"""",""institution"":"""",""year"":0,""title"":""cellar 1fefebb0 1b4e 11ee 806b 01aa75ed71a1 0001 02 DOC 4"",""titleNo"":null,""url"":"""",""synthesis"":"""",""keyFindings"":[],""tags"":[""batch:food-research-process-2026-04-20"",""academic-research"",""07_Academic_Research_And_Theses""],""takeaways"":[],""method"":null,""awardWinning"":false,""degree"":""master"",""doi"":null,""isbn"":null,""publisher"":null,""accessDate"":null,""documentId"":""cmo7cfl1m003bzo0dl1p4idl3""}"
Thesis,skip,none,low,cmo7cfl21003czo0d1blem0mk,thesis-food-e36f2878e975,,Food Research Process 20.04.26/07_Academic_Research_And_Theses/cellar_1fefebb0-1b4e-11ee-806b-01aa75ed71a1.0001.02_DOC_5.pdf,incoming/food-research-process-2026-04-20/07-academic-research-and-theses/e36f2878e9-cellar-1fefebb0-1b4e-11ee-806b-01aa75ed71a1-0001-02-doc-5.pdf,cellar_1fefebb0-1b4e-11ee-806b-01aa75ed71a1.0001.02_DOC_5.pdf,cellar 1fefebb0 1b4e 11ee 806b 01aa75ed71a1 0001 02 DOC 5,cellar 1fefebb0 1b4e 11ee 806b 01aa75ed71a1 0001 02 DOC 5,import,clear,,thesis-metadata-too-weak:authors+institution+year+url+synthesis+title-quality,thesis-metadata-too-weak:authors+institution+year+url+synthesis+title-quality,"{""id"":""thesis-food-e36f2878e975"",""authors"":"""",""institution"":"""",""year"":0,""title"":""cellar 1fefebb0 1b4e 11ee 806b 01aa75ed71a1 0001 02 DOC 5"",""titleNo"":null,""url"":"""",""synthesis"":"""",""keyFindings"":[],""tags"":[""batch:food-research-process-2026-04-20"",""academic-research"",""07_Academic_Research_And_Theses""],""takeaways"":[],""method"":null,""awardWinning"":false,""degree"":""master"",""doi"":null,""isbn"":null,""publisher"":null,""accessDate"":null,""documentId"":""cmo7cfl21003czo0d1blem0mk""}"
Thesis,skip,none,medium,cmo7cflab003qzo0dxqs6gj9g,thesis-food-bdddbddf7d19,,Food Research Process 20.04.26/07_Academic_Research_And_Theses/HDR___Afgangsprojekt___Gruppe_25.pdf,incoming/food-research-process-2026-04-20/07-academic-research-and-theses/bdddbddf7d-hdr-afgangsprojekt-gruppe-25.pdf,HDR___Afgangsprojekt___Gruppe_25.pdf,HDR Afgangsprojekt Gruppe 25,HDR Afgangsprojekt Gruppe 25,skip,clear,,review-action-not-import,review-action-not-import,{}
Thesis,updated,update,medium,cmo7cflaq003rzo0d4qgsq4g1,thesis-food-28bf4892a6a2,thesis-food-28bf4892a6a2,Food Research Process 20.04.26/07_Academic_Research_And_Theses/HDR_Afgangsprojekt_maj_2024.pdf,incoming/food-research-process-2026-04-20/07-academic-research-and-theses/28bf4892a6-hdr-afgangsprojekt-maj-2024.pdf,HDR_Afgangsprojekt_maj_2024.pdf,Rema 1000: Nøglen til succes på det danske detailmarked,Rema 1000: Nøglen til succes på det danske detailmarked,import,clear,Thesis:thesis-food-28bf4892a6a2,document-already-linked-to-thesis,document-already-linked-to-thesis,"{""id"":""thesis-food-28bf4892a6a2"",""authors"":""Mads Jorgensen; Meisam Ahmadi"",""institution"":""Aalborg Universitet"",""year"":2024,""title"":""Rema 1000: Noglen til succes pa det danske detailmarked"",""titleNo"":null,""url"":""https://projekter.aau.dk/rema-1000-noglen-til-succes-pa-det-danske-detailmarked-bf170821.html"",""synthesis"":""Oppgaven forklarer Rema 1000s danske vekst gjennom analyse av konkurranseforhold, okonomi, franchisemodell og kundeverdi. Den peker saerlig pa sterk finansiell ryggrad, lokal tilpasning gjennom franchising og et tydelig lavpriskonsept som forklaring pa hoy lojalitet og markedsfremgang."",""keyFindings"":[],""tags"":[""batch:food-research-process-2026-04-20"",""academic-research"",""07_Academic_Research_And_Theses""],""takeaways"":[],""method"":null,""awardWinning"":false,""degree"":""master"",""doi"":null,""isbn"":null,""publisher"":null,""accessDate"":null,""documentId"":""cmo7cflaq003rzo0d4qgsq4g1""}"
Thesis,skip,none,medium,cmo7cflb5003szo0dza7m081w,thesis-food-fc5c0c484e1b,,Food Research Process 20.04.26/07_Academic_Research_And_Theses/hse_ethesis_14678.pdf,incoming/food-research-process-2026-04-20/07-academic-research-and-theses/fc5c0c484e-hse-ethesis-14678.pdf,hse_ethesis_14678.pdf,Retailer's role in reducing food waste Case study of Finnish retailers,Retailer's role in reducing food waste Case study of Finnish retailers,skip,clear,,review-action-not-import,review-action-not-import,{}
Thesis,updated,update,high,cmo7cflbl003tzo0dikg4m4np,thesis-food-5c1b2fbf7c82,thesis-food-5c1b2fbf7c82,Food Research Process 20.04.26/07_Academic_Research_And_Theses/Hybrid-Supply-Chain-Models-in-Swedish-Grocery-Retail.pdf,incoming/food-research-process-2026-04-20/07-academic-research-and-theses/5c1b2fbf7c-hybrid-supply-chain-models-in-swedish-grocery-retail.pdf,Hybrid-Supply-Chain-Models-in-Swedish-Grocery-Retail.pdf,"Hybrid Supply Chain Models in Swedish Grocery Retail: Balancing Cost Drivers, Environmental Sustainability and Social Responsibility","Hybrid Supply Chain Models in Swedish Grocery Retail: Balancing Cost Drivers, Environmental Sustainability and Social Responsibility",import,clear,Thesis:thesis-food-5c1b2fbf7c82,document-already-linked-to-thesis,document-already-linked-to-thesis,"{""id"":""thesis-food-5c1b2fbf7c82"",""authors"":""Emilia Sedwall; Calle Bjerne; Alexander Grandin"",""institution"":""JIBS, Business Administration, Jonkoping University"",""year"":2025,""title"":""Hybrid Supply Chain Models in Swedish Grocery Retail: Balancing Cost Drivers Environmental Sustainability and Social Responsibility"",""titleNo"":null,""url"":""https://urn.kb.se/resolve?urn=urn:nbn:se:hj:diva-68275"",""synthesis"":""Oppgaven kombinerer litteratursok med syv semistrukturerte intervjuer for a vurdere hybride forsyningskjeder i svensk dagligvarehandel. Den konkluderer med at en blanding av sentralisert og desentralisert distribusjon kan redusere kostnader og utslipp samtidig som den stotter sosialt ansvar gjennom bedre lagerstrategier og mer baerekraftig drift."",""keyFindings"":[],""tags"":[""batch:food-research-process-2026-04-20"",""academic-research"",""07_Academic_Research_And_Theses""],""takeaways"":[],""method"":null,""awardWinning"":false,""degree"":""master"",""doi"":null,""isbn"":null,""publisher"":null,""accessDate"":null,""documentId"":""cmo7cflbl003tzo0dikg4m4np""}"
Thesis,skip,none,medium,cmo7cfldd003xzo0ddqqmr4gu,thesis-food-f39079f2cd99,,Food Research Process 20.04.26/07_Academic_Research_And_Theses/Lina-Orlova_Masteroppgave2019.pdf,incoming/food-research-process-2026-04-20/07-academic-research-and-theses/f39079f2cd-lina-orlova-masteroppgave2019.pdf,Lina-Orlova_Masteroppgave2019.pdf,Lina Orlova Masteroppgave2019,Lina Orlova Masteroppgave2019,skip,clear,,review-action-not-import,review-action-not-import,{}
Thesis,skip,none,high,cmo7cflfb0041zo0dvp1eubqj,thesis-food-c3ed438dd6cf,,Food Research Process 20.04.26/07_Academic_Research_And_Theses/Marie+Hebrok.pdf,incoming/food-research-process-2026-04-20/07-academic-research-and-theses/c3ed438dd6-marie-hebrok.pdf,Marie+Hebrok.pdf,Food Waste: A practice-oriented design for sustainability approach,Food Waste: A practice-oriented design for sustainability approach,skip,clear,,review-action-not-import,review-action-not-import,{}
Thesis,skip,none,high,cmo7cflfq0042zo0dd23x5xuv,thesis-food-bde475848143,,Food Research Process 20.04.26/07_Academic_Research_And_Theses/master_Duong_Linh_2025.pdf,incoming/food-research-process-2026-04-20/07-academic-research-and-theses/bde4758481-master-duong-linh-2025.pdf,master_Duong_Linh_2025.pdf,Master Thesis_Linh Duong,Master Thesis_Linh Duong,skip,clear,,review-action-not-import,review-action-not-import,{}
Thesis,updated,update,medium,cmo7cflg50043zo0dzc8c6p32,thesis-food-3a4005a27bf6,thesis-food-3a4005a27bf6,Food Research Process 20.04.26/07_Academic_Research_And_Theses/MASTER-EMILIAEPOSITO-.pdf,incoming/food-research-process-2026-04-20/07-academic-research-and-theses/3a4005a27b-master-emiliaeposito.pdf,MASTER-EMILIAEPOSITO-.pdf,Microsoft Word - MASTER2022.docx,Microsoft Word - MASTER2022.docx,import,clear,Thesis:thesis-food-3a4005a27bf6,document-already-linked-to-thesis,document-already-linked-to-thesis,"{""id"":""thesis-food-3a4005a27bf6"",""authors"":""Emilia Alnaes Esposito"",""institution"":""Universitetet i Bergen"",""year"":2022,""title"":""Nar matsvinn blir et politikkomrade: Et casestudie av Norges tilnaerming til matsvinnproblematikken"",""titleNo"":null,""url"":""https://hdl.handle.net/11250/3010552"",""synthesis"":""Dokumentanalyse av hvordan matsvinn gikk fra marginalt tema til etablert norsk politikkomrade. Fremhever polysentrisk styring der stat, naeringsliv og sivilsamfunn deler ansvar gjennom overlappende nettverk og avtaler."",""keyFindings"":[],""tags"":[""batch:food-research-process-2026-04-20"",""academic-research"",""07_Academic_Research_And_Theses""],""takeaways"":[],""method"":null,""awardWinning"":false,""degree"":""master"",""doi"":null,""isbn"":null,""publisher"":null,""accessDate"":null,""documentId"":""cmo7cflg50043zo0dzc8c6p32""}"
Thesis,updated,update,high,cmo7cflgl0044zo0dq93gg03y,thesis-food-930f5a92fd59,segersven-2024,Food Research Process 20.04.26/07_Academic_Research_And_Theses/Master's Thesis Peppi Segersven.pdf,incoming/food-research-process-2026-04-20/07-academic-research-and-theses/930f5a92fd-master-s-thesis-peppi-segersven.pdf,Master's Thesis Peppi Segersven.pdf,Master's Thesis Peppi Segersven,Master's Thesis Peppi Segersven,import,clear,Thesis:segersven-2024,document-already-linked-to-thesis,document-already-linked-to-thesis,"{""id"":""thesis-food-930f5a92fd59"",""authors"":""Peppi Segersven"",""institution"":""Lappeenranta-Lahti University of Technology LUT"",""year"":2024,""title"":""Development of risk management and resilience of supply chains in Finnish food industry companies post-COVID-19"",""titleNo"":null,""url"":""https://urn.fi/URN:NBN:fi-fe2024043024001"",""synthesis"":""Intervjuer med fem finske matindustribedrifter viser at pandemien loftet supply chain risk management til et mer strategisk niva. Leverandorsamarbeid, multi-sourcing, synlighet og rask beredskap trekkes fram som de viktigste post-COVID grepene."",""keyFindings"":[],""tags"":[""batch:food-research-process-2026-04-20"",""academic-research"",""07_Academic_Research_And_Theses""],""takeaways"":[],""method"":null,""awardWinning"":false,""degree"":""master"",""doi"":null,""isbn"":null,""publisher"":null,""accessDate"":null,""documentId"":""cmo7cflgl0044zo0dq93gg03y""}"
Thesis,updated,update,high,cmo7cflgz0045zo0dy3s79u8f,thesis-food-fc018a0d7be7,makela-2023,Food Research Process 20.04.26/07_Academic_Research_And_Theses/Master's Thesis_Mäkelä_Mika.pdf,incoming/food-research-process-2026-04-20/07-academic-research-and-theses/fc018a0d7b-master-s-thesis-makela-mika.pdf,Master's Thesis_Mäkelä_Mika.pdf,Master's Thesis Mäkelä Mika,Master's Thesis Mäkelä Mika,import,clear,Thesis:makela-2023,document-already-linked-to-thesis,document-already-linked-to-thesis,"{""id"":""thesis-food-fc018a0d7be7"",""authors"":""Mika Makela"",""institution"":""Lappeenranta-Lahti University of Technology LUT"",""year"":2023,""title"":""Managing waste in food supply chains with supply chain collaboration and integration"",""titleNo"":null,""url"":""https://urn.fi/URN:NBN:fi-fe2023052245722"",""synthesis"":""Kvalitativ fler-case-studie av seks finske matbedrifter om hvordan leverandor-detaljist-samarbeid kan redusere matsvinn. Konkluderer med at samarbeid og integrasjon hjelper, men at effekten avhenger av koordinering pa tvers av hele kjeden."",""keyFindings"":[],""tags"":[""batch:food-research-process-2026-04-20"",""academic-research"",""07_Academic_Research_And_Theses""],""takeaways"":[],""method"":null,""awardWinning"":false,""degree"":""master"",""doi"":null,""isbn"":null,""publisher"":null,""accessDate"":null,""documentId"":""cmo7cflgz0045zo0dy3s79u8f""}"
Thesis,updated,update,high,cmo7cflhf0046zo0d0bqs0x9g,thesis-food-67557def0cdf,thesis-food-67557def0cdf,Food Research Process 20.04.26/07_Academic_Research_And_Theses/masteroppgave__mats_b._simonsen.pdf,incoming/food-research-process-2026-04-20/07-academic-research-and-theses/67557def0c-masteroppgave-mats-b-simonsen.pdf,masteroppgave__mats_b._simonsen.pdf,masteroppgave mats b simonsen,masteroppgave mats b simonsen,import,clear,Thesis:thesis-food-67557def0cdf,document-already-linked-to-thesis,document-already-linked-to-thesis,"{""id"":""thesis-food-67557def0cdf"",""authors"":""Mats Baltscheffskij Simonsen"",""institution"":""Norges teknisk-naturvitenskapelige universitet (NTNU)"",""year"":2017,""title"":""Digitaliseringen av norsk dagligvarehandel: En kvalitativ studie av visjonsarbeid brukerforstaelser og dets implikasjoner pa innovative prosesser"",""titleNo"":null,""url"":""https://hdl.handle.net/11250/2456020"",""synthesis"":""STS-orientert kvalitativ studie av hvordan norsk dagligvare digitaliseres gjennom aktorer som SPAR, Meny, Bunnpris og Kolonial.no. Skiller mellom konservative, radikale og hybride losninger og viser at brukerforstaelser og tekniske justeringer former hvilke modeller som overlever."",""keyFindings"":[],""tags"":[""batch:food-research-process-2026-04-20"",""academic-research"",""07_Academic_Research_And_Theses""],""takeaways"":[],""method"":null,""awardWinning"":false,""degree"":""master"",""doi"":null,""isbn"":null,""publisher"":null,""accessDate"":null,""documentId"":""cmo7cflhf0046zo0d0bqs0x9g""}"
Thesis,updated,update,high,cmo7cflqr004lzo0d694jzmo3,thesis-food-56c96072511e,albizzati-phd-2021,Food Research Process 20.04.26/07_Academic_Research_And_Theses/Paola_Federica_Albizzati_thesis.pdf,incoming/food-research-process-2026-04-20/07-academic-research-and-theses/56c9607251-paola-federica-albizzati-thesis.pdf,Paola_Federica_Albizzati_thesis.pdf,Paola Federica Albizzati thesis,Paola Federica Albizzati thesis,import,clear,Thesis:albizzati-phd-2021,document-already-linked-to-thesis,document-already-linked-to-thesis,"{""id"":""thesis-food-56c96072511e"",""authors"":""Paola Federica Albizzati"",""institution"":""Technical University of Denmark (DTU)"",""year"":2021,""title"":""Sustainability Assessment of Food Waste Management"",""titleNo"":null,""url"":""https://orbit.dtu.dk/en/publications/sustainability-assessment-of-food-waste-management"",""synthesis"":""PhD-avhandling som vurderer 21 matsvinnsveier med livslops- og baerekraftsanalyse. Viser at forebygging er klart best, og at redistribusjon og dyrefor normalt kommer bedre ut enn energiutnyttelse, forbrenning og deponi."",""keyFindings"":[],""tags"":[""batch:food-research-process-2026-04-20"",""academic-research"",""07_Academic_Research_And_Theses""],""takeaways"":[],""method"":null,""awardWinning"":false,""degree"":""master"",""doi"":null,""isbn"":null,""publisher"":null,""accessDate"":null,""documentId"":""cmo7cflqr004lzo0d694jzmo3""}"
Thesis,skip,none,high,cmo7cflrb004mzo0d38qrt0r7,thesis-food-a42ecc1c4f1d,,Food Research Process 20.04.26/07_Academic_Research_And_Theses/pdf  MARK STEIN  PhD  24  OCT  22.pdf,incoming/food-research-process-2026-04-20/07-academic-research-and-theses/a42ecc1c4f-pdf-mark-stein-phd-24-oct-22.pdf,pdf  MARK STEIN  PhD  24  OCT  22.pdf,"University of Salford, Manchester","University of Salford, Manchester",skip,clear,,review-action-not-import,review-action-not-import,{}
Thesis,updated,update,high,cmo7cflru004nzo0d0dn38621,thesis-food-7a19be6dbec1,thesis-food-7a19be6dbec1,Food Research Process 20.04.26/07_Academic_Research_And_Theses/PhD_Thesis_Nina_N_rgaard_S_rensen_print_final.pdf,incoming/food-research-process-2026-04-20/07-academic-research-and-theses/7a19be6dbe-phd-thesis-nina-n-rgaard-s-rensen-print-final.pdf,PhD_Thesis_Nina_N_rgaard_S_rensen_print_final.pdf,Organic food conversion in Danish public kitchens: The effects of the Danish Organic Action Plan 2020 on organic public procurement and wellbeing at work,Organic food conversion in Danish public kitchens: The effects of the Danish Organic Action Plan 2020 on organic public procurement and wellbeing at work,import,clear,Thesis:thesis-food-7a19be6dbec1,document-already-linked-to-thesis,document-already-linked-to-thesis,"{""id"":""thesis-food-7a19be6dbec1"",""authors"":""Nina Norgaard Sorensen"",""institution"":""Technical University of Denmark, National Food Institute"",""year"":2016,""title"":""Organic food conversion in Danish public kitchens: The effects of the Danish Organic Action Plan 2020 on organic public procurement and wellbeing at work"",""titleNo"":null,""url"":""https://orbit.dtu.dk/en/publications/organic-food-conversion-in-danish-public-kitchens-the-effects-of-/"",""synthesis"":""Evaluates how Denmark's Organic Action Plan 2020 affected public kitchens' organic procurement and staff wellbeing. The thesis finds substantial increases in organic purchasing without deterioration in work conditions, with many kitchen workers reporting higher motivation."",""keyFindings"":[],""tags"":[""batch:food-research-process-2026-04-20"",""academic-research"",""07_Academic_Research_And_Theses""],""takeaways"":[],""method"":null,""awardWinning"":false,""degree"":""master"",""doi"":null,""isbn"":null,""publisher"":null,""accessDate"":null,""documentId"":""cmo7cflru004nzo0d0dn38621""}"
Thesis,skip,none,high,cmo7cfm1c0055zo0doa1gsfle,thesis-food-b72466e769a6,,Food Research Process 20.04.26/07_Academic_Research_And_Theses/Susanne_Helen_Gangstøe_Masteroppgave.pdf,incoming/food-research-process-2026-04-20/07-academic-research-and-theses/b72466e769-susanne-helen-gangst-e-masteroppgave.pdf,Susanne_Helen_Gangstøe_Masteroppgave.pdf,Susanne Helen Gangstøe Masteroppgave,Susanne Helen Gangstøe Masteroppgave,skip,clear,,review-action-not-import,review-action-not-import,{}
Thesis,skip,none,high,cmo7cfm6p005izo0dxyh9ffle,thesis-food-daa9a5173334,,Food Research Process 20.04.26/07_Academic_Research_And_Theses/thesis_food_ng_meile_uniform_pricing_public_version.pdf,incoming/food-research-process-2026-04-20/07-academic-research-and-theses/daa9a51733-thesis-food-ng-meile-uniform-pricing-public-version.pdf,thesis_food_ng_meile_uniform_pricing_public_version.pdf,thesis food ng meile uniform pricing public version,thesis food ng meile uniform pricing public version,skip,clear,,review-action-not-import,review-action-not-import,{}
Thesis,skip,none,medium,cmo7cfmeo0060zo0d5hrtedok,thesis-food-9350b777abaa,,Food Research Process 20.04.26/08_Food_Security_Agriculture_And_Seafood/Matsikkerhet-i-Norge-forsyningsberedskap-masteroppgave-2016.pdf,incoming/food-research-process-2026-04-20/08-food-security-agriculture-and-seafood/9350b777ab-matsikkerhet-i-norge-forsyningsberedskap-masteroppgave-2016.pdf,Matsikkerhet-i-Norge-forsyningsberedskap-masteroppgave-2016.pdf,Matsikkerhet i Norge forsyningsberedskap masteroppgave 2016,Matsikkerhet i Norge forsyningsberedskap masteroppgave 2016,skip,clear,,review-action-not-import,review-action-not-import,{}
