source_path,final_title,final_year,final_url,authors,institution,synthesis,notes
Food Research Process 20.04.26/03_Policy_Governance_And_Market/Effekter-av-innkjopssamarbeid-i-det-norske-dagligvaremarkedet-masteroppgave-2015.pdf,Effekter av innkjopssamarbeid i det norske dagligvaremarkedet - En litteraturstudie,2015,https://hdl.handle.net/1956/10899,Kare Helvik Morken,"Universitetet i Bergen, Institutt for okonomi","Litteraturstudie av hvordan innkjopssamarbeid paverker konkurranse og velferd i norsk dagligvare. Oppgaven konkluderer med at slike samarbeid oker risikoen for hoyere sluttbrukerpriser og lavere konsumentvelferd uten tydelig gevinst for samlet velferd.",
Food Research Process 20.04.26/04_Food_Waste_And_Circularity/Resource-Recovery-surplus-bread-thesis.pdf,Prevention and valorisation of surplus bread at the supplier-retailer interface,2021,https://urn.kb.se/resolve?urn=urn:nbn:se:hb:diva-26454,Pedro Luz Brancoli,"University of Boras, Faculty of Textiles, Engineering and Business","Doktoravhandlingen kvantifiserer svensk brodsvinn og viser at take-back-avtaler mellom bakeri og retail er en sentral driver for overproduksjon og svinn. Den finner ogsa at forebygging, donasjon og dyrefor gir bedre miljoresultater enn anaerob nedbrytning og forbrenning.",
Food Research Process 20.04.26/07_Academic_Research_And_Theses/806685_Master_Thesis_Assessment_of_Grocery_eCommerce_in_Scandinavia_jumi18ab.pdf,Assessment of Grocery eCommerce in Scandinavia: An Analysis of Contrasting Strategies in a Rapidly Changing Landscape,2019,https://research.cbs.dk/en/studentProjects/assessment-of-grocery-ecommerce-in-scandinavia/,Julija Minkeviciute,Copenhagen Business School,"Masteroppgaven sammenligner dagligvare-e-handel i Danmark, Sverige og Norge med vekt pa forretningsmodeller, ordreoppfyllelse og levering. Den viser at markedet fortsatt er umodent og at last-mile-logistikk og operasjonell modell er sentrale barrierer for videre vekst.",
Food Research Process 20.04.26/07_Academic_Research_And_Theses/HDR___Afgangsprojekt___Gruppe_25.pdf,Fremtidens Coop: En virksomhed i forandring,2023,https://projekter.aau.dk/projekter/files/532660255/HDR___Afgangsprojekt___Gruppe_25.pdf,Sara Hvarregaard Tanderup; Lars Rasmussen; Henriette Graabaek Hansen,Aalborg Universitet,"Prosjektet analyserer Coop Danmarks omstilling i 2023 gjennom verdikjede-, regnskaps-, konkurranse- og SWOT/TOWS-analyser. Det konkluderer med at forenkling til faerre kjeder og lukking av ulonnsomme omrader er nodvendige grep, men at utfallet avhenger av om kundene aksepterer den nye modellen.",
Food Research Process 20.04.26/07_Academic_Research_And_Theses/HDR_Afgangsprojekt_maj_2024.pdf,Rema 1000: Noglen til succes pa det danske detailmarked,2024,https://projekter.aau.dk/rema-1000-noglen-til-succes-pa-det-danske-detailmarked-bf170821.html,Mads Jorgensen; Meisam Ahmadi,Aalborg Universitet,"Oppgaven forklarer Rema 1000s danske vekst gjennom analyse av konkurranseforhold, okonomi, franchisemodell og kundeverdi. Den peker saerlig pa sterk finansiell ryggrad, lokal tilpasning gjennom franchising og et tydelig lavpriskonsept som forklaring pa hoy lojalitet og markedsfremgang.",
Food Research Process 20.04.26/07_Academic_Research_And_Theses/hse_ethesis_14678.pdf,Retailer's role in reducing food waste: Case study of Finnish retailers,2016,https://urn.fi/URN:NBN:fi:aalto-201609083714,Anastasia Syroegina,Aalto University School of Business,"Case-studien av S-group og Kesko kartlegger hvordan finske dagligvarekjeder arbeider med å redusere matsvinn. Den finner at begge aktørene allerede bruker mange tiltak, men peker særlig på bedre utnyttelse av kosmetisk ufullkommen mat og sterkere forbrukeropplæring som forbedringsområder.",
Food Research Process 20.04.26/07_Academic_Research_And_Theses/Hybrid-Supply-Chain-Models-in-Swedish-Grocery-Retail.pdf,Hybrid Supply Chain Models in Swedish Grocery Retail: Balancing Cost Drivers Environmental Sustainability and Social Responsibility,2025,https://urn.kb.se/resolve?urn=urn:nbn:se:hj:diva-68275,Emilia Sedwall; Calle Bjerne; Alexander Grandin,"JIBS, Business Administration, Jonkoping University","Oppgaven kombinerer litteratursok med syv semistrukturerte intervjuer for a vurdere hybride forsyningskjeder i svensk dagligvarehandel. Den konkluderer med at en blanding av sentralisert og desentralisert distribusjon kan redusere kostnader og utslipp samtidig som den stotter sosialt ansvar gjennom bedre lagerstrategier og mer baerekraftig drift.",
Food Research Process 20.04.26/07_Academic_Research_And_Theses/Lina-Orlova_Masteroppgave2019.pdf,Kan et forbud mot prisdiskriminering fremme etablering av nettaktorer i dagligvaremarkedet?,2019,https://hdl.handle.net/1956/20623,Lina Orlova,"Universitetet i Bergen, Institutt for okonomi","Oppgaven utvikler en teoretisk modell for a teste om forbud mot prisdiskriminering i leverandorleddet kan fremme etablering av nettaktorer i dagligvaremarkedet. Den finner at slike forbud ofte svekker etableringsmulighetene for nye nettaktorer og kan redusere konsumentvelferden gjennom hoyere sluttpriser.",
Food Research Process 20.04.26/07_Academic_Research_And_Theses/Marie+Hebrok.pdf,Food Waste: A practice-oriented design for sustainability approach,2020,https://hdl.handle.net/11250/2676125,Marie Hebrok,"Norwegian University of Science and Technology (NTNU), Faculty of Architecture and Design, Department of Design","Avhandlingen utvikler en practice-oriented design for sustainability-tilnaerming for a forsta og redusere husholdningenes matsvinn. Den argumenterer for at effektive designgrep ma rette seg mot hele praksiser rundt innkjop, lagring, matlaging og spising, ikke bare enkeltprodukter og informasjonstiltak.",
Food Research Process 20.04.26/07_Academic_Research_And_Theses/master_Duong_Linh_2025.pdf,Common grocery self-service checkout failures that customers can resolve without employee assistance,2025,https://urn.fi/URN:NBN:fi:aalto-202508156184,Linh Duong,Aalto University School of Business,"Oppgaven analyserer vanlige feil ved selvbetjente kasser i finsk dagligvarehandel med utgangspunkt i intervjuer med butikkansatte. Den viser at mange problemer kan loses uten ansattinnblanding gjennom bedre grensesnitt, tydeligere instruksjoner og mer brukervennlige prosesser.",
Food Research Process 20.04.26/07_Academic_Research_And_Theses/MASTER-EMILIAEPOSITO-.pdf,Nar matsvinn blir et politikkomrade: Et casestudie av Norges tilnaerming til matsvinnproblematikken,2022,https://hdl.handle.net/11250/3010552,Emilia Alnaes Esposito,Universitetet i Bergen,"Dokumentanalyse av hvordan matsvinn gikk fra marginalt tema til etablert norsk politikkomrade. Fremhever polysentrisk styring der stat, naeringsliv og sivilsamfunn deler ansvar gjennom overlappende nettverk og avtaler.",
Food Research Process 20.04.26/07_Academic_Research_And_Theses/Master's Thesis Peppi Segersven.pdf,Development of risk management and resilience of supply chains in Finnish food industry companies post-COVID-19,2024,https://urn.fi/URN:NBN:fi-fe2024043024001,Peppi Segersven,Lappeenranta-Lahti University of Technology LUT,"Intervjuer med fem finske matindustribedrifter viser at pandemien loftet supply chain risk management til et mer strategisk niva. Leverandorsamarbeid, multi-sourcing, synlighet og rask beredskap trekkes fram som de viktigste post-COVID grepene.",
Food Research Process 20.04.26/07_Academic_Research_And_Theses/Master's Thesis_Mäkelä_Mika.pdf,Managing waste in food supply chains with supply chain collaboration and integration,2023,https://urn.fi/URN:NBN:fi-fe2023052245722,Mika Makela,Lappeenranta-Lahti University of Technology LUT,"Kvalitativ fler-case-studie av seks finske matbedrifter om hvordan leverandor-detaljist-samarbeid kan redusere matsvinn. Konkluderer med at samarbeid og integrasjon hjelper, men at effekten avhenger av koordinering pa tvers av hele kjeden.",
Food Research Process 20.04.26/07_Academic_Research_And_Theses/masteroppgave__mats_b._simonsen.pdf,Digitaliseringen av norsk dagligvarehandel: En kvalitativ studie av visjonsarbeid brukerforstaelser og dets implikasjoner pa innovative prosesser,2017,https://hdl.handle.net/11250/2456020,Mats Baltscheffskij Simonsen,Norges teknisk-naturvitenskapelige universitet (NTNU),"STS-orientert kvalitativ studie av hvordan norsk dagligvare digitaliseres gjennom aktorer som SPAR, Meny, Bunnpris og Kolonial.no. Skiller mellom konservative, radikale og hybride losninger og viser at brukerforstaelser og tekniske justeringer former hvilke modeller som overlever.",
Food Research Process 20.04.26/07_Academic_Research_And_Theses/Paola_Federica_Albizzati_thesis.pdf,Sustainability Assessment of Food Waste Management,2021,https://orbit.dtu.dk/en/publications/sustainability-assessment-of-food-waste-management,Paola Federica Albizzati,Technical University of Denmark (DTU),"PhD-avhandling som vurderer 21 matsvinnsveier med livslops- og baerekraftsanalyse. Viser at forebygging er klart best, og at redistribusjon og dyrefor normalt kommer bedre ut enn energiutnyttelse, forbrenning og deponi.",
Food Research Process 20.04.26/07_Academic_Research_And_Theses/pdf  MARK STEIN  PhD  24  OCT  22.pdf,Sustainable Food Procurement in Public Catering - comparison of the UK with Denmark & Sweden,2022,https://salford-repository.worktribe.com/output/1322952/sustainable-food-procurement-in-public-catering-comparison-of-the-uk-with-denmark-sweden,Mark Stein,"University of Salford, Salford Business School","Compares sustainable public food procurement in the UK, Denmark, and Sweden. Finds Denmark and Sweden are markedly ahead on organic procurement and wider sustainability practices, and proposes a comparative framework for analysing public-sector food procurement.",
Food Research Process 20.04.26/07_Academic_Research_And_Theses/PhD_Thesis_Nina_N_rgaard_S_rensen_print_final.pdf,Organic food conversion in Danish public kitchens: The effects of the Danish Organic Action Plan 2020 on organic public procurement and wellbeing at work,2016,https://orbit.dtu.dk/en/publications/organic-food-conversion-in-danish-public-kitchens-the-effects-of-/,Nina Norgaard Sorensen,"Technical University of Denmark, National Food Institute","Evaluates how Denmark's Organic Action Plan 2020 affected public kitchens' organic procurement and staff wellbeing. The thesis finds substantial increases in organic purchasing without deterioration in work conditions, with many kitchen workers reporting higher motivation.",
Food Research Process 20.04.26/07_Academic_Research_And_Theses/Susanne_Helen_Gangstøe_Masteroppgave.pdf,Hemmelige kontrakter i dagligvaremarkedet,2019,https://hdl.handle.net/1956/20622,Susanne Helen Gangstoe,"University of Bergen, Department of Economics","Examines how observable versus secret wholesale contracts affect retail pricing in grocery markets. It shows the welfare effect depends on contract form: secret two-part tariffs can lower retail prices, while transparency is preferable for consumers under linear contracts.",
Food Research Process 20.04.26/07_Academic_Research_And_Theses/thesis_food_ng_meile_uniform_pricing_public_version.pdf,Uniform Pricing in Norwegian Grocery Retail: An Empirical Study on Pricing Strategies at Norwegian Grocery Retail Chains,2020,https://www.nhh.no/contentassets/4c75bee2502f412fad66c9ad9ab96154/thesis_food_ng_meile_uniform_pricing_public_version.pdf,Nathanael Georg Meile,NHH Norwegian School of Economics,"Uses NorgesGruppen store sales data from 2013 to 2018 to test whether pricing is national, zonal, or store-specific. It finds uniform pricing is the main pattern with chain-level deviations, while store-level optimisation models indicate unrealised profit potential from more differentiated pricing.",
Food Research Process 20.04.26/08_Food_Security_Agriculture_And_Seafood/Matsikkerhet-i-Norge-forsyningsberedskap-masteroppgave-2016.pdf,Matsikkerhet i Norge - er forsyningsberedskapen tilstrekkelig?,2016,https://hdl.handle.net/10037/10932,Terese Steien,"UiT The Arctic University of Norway, Faculty of Science and Technology","Conducts a Norwegian food-security risk and vulnerability analysis focused on crisis preparedness. It finds declining domestic production, rising import dependence, and weak municipal contingency planning, and concludes that food supply preparedness is insufficient.",
